scenario,survival_rel_SE,true_delta_fraction,replicate,delta_hat_percent,weighted_SSE,optimizer_success,qf_active_mask,Gamma_C_vehicle,Gamma_F_vehicle,Gamma_C_suppressed,Gamma_F_suppressed,qFLASH_hat,ratio_C_supp_to_vehicle,ratio_F_supp_to_vehicle
all_zero,0.01,-0.02,0,-1.9999999999999463,9.910560616838169e-26,True,0,0.13042899999999982,0.10250699999999936,0.03912869999999983,0.03075209999999927,0.9936490250696385,0.2999999999999991,0.2999999999999947
all_zero,0.01,-0.02,1,-1.9999999999999463,9.910560616838169e-26,True,0,0.13042899999999982,0.10250699999999936,0.03912869999999983,0.03075209999999927,0.9936490250696385,0.2999999999999991,0.2999999999999947
all_zero,0.01,-0.02,2,-1.9999999999999463,9.910560616838169e-26,True,0,0.13042899999999982,0.10250699999999936,0.03912869999999983,0.03075209999999927,0.9936490250696385,0.2999999999999991,0.2999999999999947
all_zero,0.01,-0.02,3,-1.9999999999999463,9.910560616838169e-26,True,0,0.13042899999999982,0.10250699999999936,0.03912869999999983,0.03075209999999927,0.9936490250696385,0.2999999999999991,0.2999999999999947
all_zero,0.01,-0.02,4,-1.9999999999999463,9.910560616838169e-26,True,0,0.13042899999999982,0.10250699999999936,0.03912869999999983,0.03075209999999927,0.9936490250696385,0.2999999999999991,0.2999999999999947
all_zero,0.01,-0.02,5,-1.9999999999999463,9.910560616838169e-26,True,0,0.13042899999999982,0.10250699999999936,0.03912869999999983,0.03075209999999927,0.9936490250696385,0.2999999999999991,0.2999999999999947
all_zero,0.01,-0.02,6,-1.9999999999999463,9.910560616838169e-26,True,0,0.13042899999999982,0.10250699999999936,0.03912869999999983,0.03075209999999927,0.9936490250696385,0.2999999999999991,0.2999999999999947
all_zero,0.01,-0.02,7,-1.9999999999999463,9.910560616838169e-26,True,0,0.13042899999999982,0.10250699999999936,0.03912869999999983,0.03075209999999927,0.9936490250696385,0.2999999999999991,0.2999999999999947
all_zero,0.01,-0.02,8,-1.9999999999999463,9.910560616838169e-26,True,0,0.13042899999999982,0.10250699999999936,0.03912869999999983,0.03075209999999927,0.9936490250696385,0.2999999999999991,0.2999999999999947
all_zero,0.01,-0.02,9,-1.9999999999999463,9.910560616838169e-26,True,0,0.13042899999999982,0.10250699999999936,0.03912869999999983,0.03075209999999927,0.9936490250696385,0.2999999999999991,0.2999999999999947
all_zero,0.01,-0.02,10,-1.9999999999999463,9.910560616838169e-26,True,0,0.13042899999999982,0.10250699999999936,0.03912869999999983,0.03075209999999927,0.9936490250696385,0.2999999999999991,0.2999999999999947
all_zero,0.01,-0.02,11,-1.9999999999999463,9.910560616838169e-26,True,0,0.13042899999999982,0.10250699999999936,0.03912869999999983,0.03075209999999927,0.9936490250696385,0.2999999999999991,0.2999999999999947
all_zero,0.01,-0.02,12,-1.9999999999999463,9.910560616838169e-26,True,0,0.13042899999999982,0.10250699999999936,0.03912869999999983,0.03075209999999927,0.9936490250696385,0.2999999999999991,0.2999999999999947
all_zero,0.01,-0.02,13,-1.9999999999999463,9.910560616838169e-26,True,0,0.13042899999999982,0.10250699999999936,0.03912869999999983,0.03075209999999927,0.9936490250696385,0.2999999999999991,0.2999999999999947
all_zero,0.01,-0.02,14,-1.9999999999999463,9.910560616838169e-26,True,0,0.13042899999999982,0.10250699999999936,0.03912869999999983,0.03075209999999927,0.9936490250696385,0.2999999999999991,0.2999999999999947
all_zero,0.01,-0.02,15,-1.9999999999999463,9.910560616838169e-26,True,0,0.13042899999999982,0.10250699999999936,0.03912869999999983,0.03075209999999927,0.9936490250696385,0.2999999999999991,0.2999999999999947
all_zero,0.01,-0.02,16,-1.9999999999999463,9.910560616838169e-26,True,0,0.13042899999999982,0.10250699999999936,0.03912869999999983,0.03075209999999927,0.9936490250696385,0.2999999999999991,0.2999999999999947
all_zero,0.01,-0.02,17,-1.9999999999999463,9.910560616838169e-26,True,0,0.13042899999999982,0.10250699999999936,0.03912869999999983,0.03075209999999927,0.9936490250696385,0.2999999999999991,0.2999999999999947
all_zero,0.01,-0.02,18,-1.9999999999999463,9.910560616838169e-26,True,0,0.13042899999999982,0.10250699999999936,0.03912869999999983,0.03075209999999927,0.9936490250696385,0.2999999999999991,0.2999999999999947
all_zero,0.01,-0.02,19,-1.9999999999999463,9.910560616838169e-26,True,0,0.13042899999999982,0.10250699999999936,0.03912869999999983,0.03075209999999927,0.9936490250696385,0.2999999999999991,0.2999999999999947
all_zero,0.01,-0.02,20,-1.9999999999999463,9.910560616838169e-26,True,0,0.13042899999999982,0.10250699999999936,0.03912869999999983,0.03075209999999927,0.9936490250696385,0.2999999999999991,0.2999999999999947
all_zero,0.01,-0.02,21,-1.9999999999999463,9.910560616838169e-26,True,0,0.13042899999999982,0.10250699999999936,0.03912869999999983,0.03075209999999927,0.9936490250696385,0.2999999999999991,0.2999999999999947
all_zero,0.01,-0.02,22,-1.9999999999999463,9.910560616838169e-26,True,0,0.13042899999999982,0.10250699999999936,0.03912869999999983,0.03075209999999927,0.9936490250696385,0.2999999999999991,0.2999999999999947
all_zero,0.01,-0.02,23,-1.9999999999999463,9.910560616838169e-26,True,0,0.13042899999999982,0.10250699999999936,0.03912869999999983,0.03075209999999927,0.9936490250696385,0.2999999999999991,0.2999999999999947
all_zero,0.01,-0.02,24,-1.9999999999999463,9.910560616838169e-26,True,0,0.13042899999999982,0.10250699999999936,0.03912869999999983,0.03075209999999927,0.9936490250696385,0.2999999999999991,0.2999999999999947
all_zero,0.01,-0.02,25,-1.9999999999999463,9.910560616838169e-26,True,0,0.13042899999999982,0.10250699999999936,0.03912869999999983,0.03075209999999927,0.9936490250696385,0.2999999999999991,0.2999999999999947
all_zero,0.01,-0.02,26,-1.9999999999999463,9.910560616838169e-26,True,0,0.13042899999999982,0.10250699999999936,0.03912869999999983,0.03075209999999927,0.9936490250696385,0.2999999999999991,0.2999999999999947
all_zero,0.01,-0.02,27,-1.9999999999999463,9.910560616838169e-26,True,0,0.13042899999999982,0.10250699999999936,0.03912869999999983,0.03075209999999927,0.9936490250696385,0.2999999999999991,0.2999999999999947
all_zero,0.01,-0.02,28,-1.9999999999999463,9.910560616838169e-26,True,0,0.13042899999999982,0.10250699999999936,0.03912869999999983,0.03075209999999927,0.9936490250696385,0.2999999999999991,0.2999999999999947
all_zero,0.01,-0.02,29,-1.9999999999999463,9.910560616838169e-26,True,0,0.13042899999999982,0.10250699999999936,0.03912869999999983,0.03075209999999927,0.9936490250696385,0.2999999999999991,0.2999999999999947
all_zero,0.01,-0.02,30,-1.9999999999999463,9.910560616838169e-26,True,0,0.13042899999999982,0.10250699999999936,0.03912869999999983,0.03075209999999927,0.9936490250696385,0.2999999999999991,0.2999999999999947
all_zero,0.01,-0.02,31,-1.9999999999999463,9.910560616838169e-26,True,0,0.13042899999999982,0.10250699999999936,0.03912869999999983,0.03075209999999927,0.9936490250696385,0.2999999999999991,0.2999999999999947
all_zero,0.01,-0.02,32,-1.9999999999999463,9.910560616838169e-26,True,0,0.13042899999999982,0.10250699999999936,0.03912869999999983,0.03075209999999927,0.9936490250696385,0.2999999999999991,0.2999999999999947
all_zero,0.01,-0.02,33,-1.9999999999999463,9.910560616838169e-26,True,0,0.13042899999999982,0.10250699999999936,0.03912869999999983,0.03075209999999927,0.9936490250696385,0.2999999999999991,0.2999999999999947
all_zero,0.01,-0.02,34,-1.9999999999999463,9.910560616838169e-26,True,0,0.13042899999999982,0.10250699999999936,0.03912869999999983,0.03075209999999927,0.9936490250696385,0.2999999999999991,0.2999999999999947
all_zero,0.01,-0.02,35,-1.9999999999999463,9.910560616838169e-26,True,0,0.13042899999999982,0.10250699999999936,0.03912869999999983,0.03075209999999927,0.9936490250696385,0.2999999999999991,0.2999999999999947
all_zero,0.01,-0.02,36,-1.9999999999999463,9.910560616838169e-26,True,0,0.13042899999999982,0.10250699999999936,0.03912869999999983,0.03075209999999927,0.9936490250696385,0.2999999999999991,0.2999999999999947
all_zero,0.01,-0.02,37,-1.9999999999999463,9.910560616838169e-26,True,0,0.13042899999999982,0.10250699999999936,0.03912869999999983,0.03075209999999927,0.9936490250696385,0.2999999999999991,0.2999999999999947
all_zero,0.01,-0.02,38,-1.9999999999999463,9.910560616838169e-26,True,0,0.13042899999999982,0.10250699999999936,0.03912869999999983,0.03075209999999927,0.9936490250696385,0.2999999999999991,0.2999999999999947
all_zero,0.01,-0.02,39,-1.9999999999999463,9.910560616838169e-26,True,0,0.13042899999999982,0.10250699999999936,0.03912869999999983,0.03075209999999927,0.9936490250696385,0.2999999999999991,0.2999999999999947
all_zero,0.01,-0.02,40,-1.9999999999999463,9.910560616838169e-26,True,0,0.13042899999999982,0.10250699999999936,0.03912869999999983,0.03075209999999927,0.9936490250696385,0.2999999999999991,0.2999999999999947
all_zero,0.01,-0.02,41,-1.9999999999999463,9.910560616838169e-26,True,0,0.13042899999999982,0.10250699999999936,0.03912869999999983,0.03075209999999927,0.9936490250696385,0.2999999999999991,0.2999999999999947
all_zero,0.01,-0.02,42,-1.9999999999999463,9.910560616838169e-26,True,0,0.13042899999999982,0.10250699999999936,0.03912869999999983,0.03075209999999927,0.9936490250696385,0.2999999999999991,0.2999999999999947
all_zero,0.01,-0.02,43,-1.9999999999999463,9.910560616838169e-26,True,0,0.13042899999999982,0.10250699999999936,0.03912869999999983,0.03075209999999927,0.9936490250696385,0.2999999999999991,0.2999999999999947
all_zero,0.01,-0.02,44,-1.9999999999999463,9.910560616838169e-26,True,0,0.13042899999999982,0.10250699999999936,0.03912869999999983,0.03075209999999927,0.9936490250696385,0.2999999999999991,0.2999999999999947
all_zero,0.01,-0.02,45,-1.9999999999999463,9.910560616838169e-26,True,0,0.13042899999999982,0.10250699999999936,0.03912869999999983,0.03075209999999927,0.9936490250696385,0.2999999999999991,0.2999999999999947
all_zero,0.01,-0.02,46,-1.9999999999999463,9.910560616838169e-26,True,0,0.13042899999999982,0.10250699999999936,0.03912869999999983,0.03075209999999927,0.9936490250696385,0.2999999999999991,0.2999999999999947
all_zero,0.01,-0.02,47,-1.9999999999999463,9.910560616838169e-26,True,0,0.13042899999999982,0.10250699999999936,0.03912869999999983,0.03075209999999927,0.9936490250696385,0.2999999999999991,0.2999999999999947
all_zero,0.01,-0.02,48,-1.9999999999999463,9.910560616838169e-26,True,0,0.13042899999999982,0.10250699999999936,0.03912869999999983,0.03075209999999927,0.9936490250696385,0.2999999999999991,0.2999999999999947
all_zero,0.01,-0.02,49,-1.9999999999999463,9.910560616838169e-26,True,0,0.13042899999999982,0.10250699999999936,0.03912869999999983,0.03075209999999927,0.9936490250696385,0.2999999999999991,0.2999999999999947
all_zero,0.01,-0.02,50,-1.9999999999999463,9.910560616838169e-26,True,0,0.13042899999999982,0.10250699999999936,0.03912869999999983,0.03075209999999927,0.9936490250696385,0.2999999999999991,0.2999999999999947
all_zero,0.01,-0.02,51,-1.9999999999999463,9.910560616838169e-26,True,0,0.13042899999999982,0.10250699999999936,0.03912869999999983,0.03075209999999927,0.9936490250696385,0.2999999999999991,0.2999999999999947
all_zero,0.01,-0.02,52,-1.9999999999999463,9.910560616838169e-26,True,0,0.13042899999999982,0.10250699999999936,0.03912869999999983,0.03075209999999927,0.9936490250696385,0.2999999999999991,0.2999999999999947
all_zero,0.01,-0.02,53,-1.9999999999999463,9.910560616838169e-26,True,0,0.13042899999999982,0.10250699999999936,0.03912869999999983,0.03075209999999927,0.9936490250696385,0.2999999999999991,0.2999999999999947
all_zero,0.01,-0.02,54,-1.9999999999999463,9.910560616838169e-26,True,0,0.13042899999999982,0.10250699999999936,0.03912869999999983,0.03075209999999927,0.9936490250696385,0.2999999999999991,0.2999999999999947
all_zero,0.01,-0.02,55,-1.9999999999999463,9.910560616838169e-26,True,0,0.13042899999999982,0.10250699999999936,0.03912869999999983,0.03075209999999927,0.9936490250696385,0.2999999999999991,0.2999999999999947
all_zero,0.01,-0.02,56,-1.9999999999999463,9.910560616838169e-26,True,0,0.13042899999999982,0.10250699999999936,0.03912869999999983,0.03075209999999927,0.9936490250696385,0.2999999999999991,0.2999999999999947
all_zero,0.01,-0.02,57,-1.9999999999999463,9.910560616838169e-26,True,0,0.13042899999999982,0.10250699999999936,0.03912869999999983,0.03075209999999927,0.9936490250696385,0.2999999999999991,0.2999999999999947
all_zero,0.01,-0.02,58,-1.9999999999999463,9.910560616838169e-26,True,0,0.13042899999999982,0.10250699999999936,0.03912869999999983,0.03075209999999927,0.9936490250696385,0.2999999999999991,0.2999999999999947
all_zero,0.01,-0.02,59,-1.9999999999999463,9.910560616838169e-26,True,0,0.13042899999999982,0.10250699999999936,0.03912869999999983,0.03075209999999927,0.9936490250696385,0.2999999999999991,0.2999999999999947
all_zero,0.01,-0.02,60,-1.9999999999999463,9.910560616838169e-26,True,0,0.13042899999999982,0.10250699999999936,0.03912869999999983,0.03075209999999927,0.9936490250696385,0.2999999999999991,0.2999999999999947
all_zero,0.01,-0.02,61,-1.9999999999999463,9.910560616838169e-26,True,0,0.13042899999999982,0.10250699999999936,0.03912869999999983,0.03075209999999927,0.9936490250696385,0.2999999999999991,0.2999999999999947
all_zero,0.01,-0.02,62,-1.9999999999999463,9.910560616838169e-26,True,0,0.13042899999999982,0.10250699999999936,0.03912869999999983,0.03075209999999927,0.9936490250696385,0.2999999999999991,0.2999999999999947
all_zero,0.01,-0.02,63,-1.9999999999999463,9.910560616838169e-26,True,0,0.13042899999999982,0.10250699999999936,0.03912869999999983,0.03075209999999927,0.9936490250696385,0.2999999999999991,0.2999999999999947
all_zero,0.01,-0.02,64,-1.9999999999999463,9.910560616838169e-26,True,0,0.13042899999999982,0.10250699999999936,0.03912869999999983,0.03075209999999927,0.9936490250696385,0.2999999999999991,0.2999999999999947
all_zero,0.01,-0.02,65,-1.9999999999999463,9.910560616838169e-26,True,0,0.13042899999999982,0.10250699999999936,0.03912869999999983,0.03075209999999927,0.9936490250696385,0.2999999999999991,0.2999999999999947
all_zero,0.01,-0.02,66,-1.9999999999999463,9.910560616838169e-26,True,0,0.13042899999999982,0.10250699999999936,0.03912869999999983,0.03075209999999927,0.9936490250696385,0.2999999999999991,0.2999999999999947
all_zero,0.01,-0.02,67,-1.9999999999999463,9.910560616838169e-26,True,0,0.13042899999999982,0.10250699999999936,0.03912869999999983,0.03075209999999927,0.9936490250696385,0.2999999999999991,0.2999999999999947
all_zero,0.01,-0.02,68,-1.9999999999999463,9.910560616838169e-26,True,0,0.13042899999999982,0.10250699999999936,0.03912869999999983,0.03075209999999927,0.9936490250696385,0.2999999999999991,0.2999999999999947
all_zero,0.01,-0.02,69,-1.9999999999999463,9.910560616838169e-26,True,0,0.13042899999999982,0.10250699999999936,0.03912869999999983,0.03075209999999927,0.9936490250696385,0.2999999999999991,0.2999999999999947
all_zero,0.01,-0.02,70,-1.9999999999999463,9.910560616838169e-26,True,0,0.13042899999999982,0.10250699999999936,0.03912869999999983,0.03075209999999927,0.9936490250696385,0.2999999999999991,0.2999999999999947
all_zero,0.01,-0.02,71,-1.9999999999999463,9.910560616838169e-26,True,0,0.13042899999999982,0.10250699999999936,0.03912869999999983,0.03075209999999927,0.9936490250696385,0.2999999999999991,0.2999999999999947
all_zero,0.01,-0.02,72,-1.9999999999999463,9.910560616838169e-26,True,0,0.13042899999999982,0.10250699999999936,0.03912869999999983,0.03075209999999927,0.9936490250696385,0.2999999999999991,0.2999999999999947
all_zero,0.01,-0.02,73,-1.9999999999999463,9.910560616838169e-26,True,0,0.13042899999999982,0.10250699999999936,0.03912869999999983,0.03075209999999927,0.9936490250696385,0.2999999999999991,0.2999999999999947
all_zero,0.01,-0.02,74,-1.9999999999999463,9.910560616838169e-26,True,0,0.13042899999999982,0.10250699999999936,0.03912869999999983,0.03075209999999927,0.9936490250696385,0.2999999999999991,0.2999999999999947
all_zero,0.01,-0.02,75,-1.9999999999999463,9.910560616838169e-26,True,0,0.13042899999999982,0.10250699999999936,0.03912869999999983,0.03075209999999927,0.9936490250696385,0.2999999999999991,0.2999999999999947
all_zero,0.01,-0.02,76,-1.9999999999999463,9.910560616838169e-26,True,0,0.13042899999999982,0.10250699999999936,0.03912869999999983,0.03075209999999927,0.9936490250696385,0.2999999999999991,0.2999999999999947
all_zero,0.01,-0.02,77,-1.9999999999999463,9.910560616838169e-26,True,0,0.13042899999999982,0.10250699999999936,0.03912869999999983,0.03075209999999927,0.9936490250696385,0.2999999999999991,0.2999999999999947
all_zero,0.01,-0.02,78,-1.9999999999999463,9.910560616838169e-26,True,0,0.13042899999999982,0.10250699999999936,0.03912869999999983,0.03075209999999927,0.9936490250696385,0.2999999999999991,0.2999999999999947
all_zero,0.01,-0.02,79,-1.9999999999999463,9.910560616838169e-26,True,0,0.13042899999999982,0.10250699999999936,0.03912869999999983,0.03075209999999927,0.9936490250696385,0.2999999999999991,0.2999999999999947
all_zero,0.01,-0.02,80,-1.9999999999999463,9.910560616838169e-26,True,0,0.13042899999999982,0.10250699999999936,0.03912869999999983,0.03075209999999927,0.9936490250696385,0.2999999999999991,0.2999999999999947
all_zero,0.01,-0.02,81,-1.9999999999999463,9.910560616838169e-26,True,0,0.13042899999999982,0.10250699999999936,0.03912869999999983,0.03075209999999927,0.9936490250696385,0.2999999999999991,0.2999999999999947
all_zero,0.01,-0.02,82,-1.9999999999999463,9.910560616838169e-26,True,0,0.13042899999999982,0.10250699999999936,0.03912869999999983,0.03075209999999927,0.9936490250696385,0.2999999999999991,0.2999999999999947
all_zero,0.01,-0.02,83,-1.9999999999999463,9.910560616838169e-26,True,0,0.13042899999999982,0.10250699999999936,0.03912869999999983,0.03075209999999927,0.9936490250696385,0.2999999999999991,0.2999999999999947
all_zero,0.01,-0.02,84,-1.9999999999999463,9.910560616838169e-26,True,0,0.13042899999999982,0.10250699999999936,0.03912869999999983,0.03075209999999927,0.9936490250696385,0.2999999999999991,0.2999999999999947
all_zero,0.01,-0.02,85,-1.9999999999999463,9.910560616838169e-26,True,0,0.13042899999999982,0.10250699999999936,0.03912869999999983,0.03075209999999927,0.9936490250696385,0.2999999999999991,0.2999999999999947
all_zero,0.01,-0.02,86,-1.9999999999999463,9.910560616838169e-26,True,0,0.13042899999999982,0.10250699999999936,0.03912869999999983,0.03075209999999927,0.9936490250696385,0.2999999999999991,0.2999999999999947
all_zero,0.01,-0.02,87,-1.9999999999999463,9.910560616838169e-26,True,0,0.13042899999999982,0.10250699999999936,0.03912869999999983,0.03075209999999927,0.9936490250696385,0.2999999999999991,0.2999999999999947
all_zero,0.01,-0.02,88,-1.9999999999999463,9.910560616838169e-26,True,0,0.13042899999999982,0.10250699999999936,0.03912869999999983,0.03075209999999927,0.9936490250696385,0.2999999999999991,0.2999999999999947
all_zero,0.01,-0.02,89,-1.9999999999999463,9.910560616838169e-26,True,0,0.13042899999999982,0.10250699999999936,0.03912869999999983,0.03075209999999927,0.9936490250696385,0.2999999999999991,0.2999999999999947
all_zero,0.01,-0.02,90,-1.9999999999999463,9.910560616838169e-26,True,0,0.13042899999999982,0.10250699999999936,0.03912869999999983,0.03075209999999927,0.9936490250696385,0.2999999999999991,0.2999999999999947
all_zero,0.01,-0.02,91,-1.9999999999999463,9.910560616838169e-26,True,0,0.13042899999999982,0.10250699999999936,0.03912869999999983,0.03075209999999927,0.9936490250696385,0.2999999999999991,0.2999999999999947
all_zero,0.01,-0.02,92,-1.9999999999999463,9.910560616838169e-26,True,0,0.13042899999999982,0.10250699999999936,0.03912869999999983,0.03075209999999927,0.9936490250696385,0.2999999999999991,0.2999999999999947
all_zero,0.01,-0.02,93,-1.9999999999999463,9.910560616838169e-26,True,0,0.13042899999999982,0.10250699999999936,0.03912869999999983,0.03075209999999927,0.9936490250696385,0.2999999999999991,0.2999999999999947
all_zero,0.01,-0.02,94,-1.9999999999999463,9.910560616838169e-26,True,0,0.13042899999999982,0.10250699999999936,0.03912869999999983,0.03075209999999927,0.9936490250696385,0.2999999999999991,0.2999999999999947
all_zero,0.01,-0.02,95,-1.9999999999999463,9.910560616838169e-26,True,0,0.13042899999999982,0.10250699999999936,0.03912869999999983,0.03075209999999927,0.9936490250696385,0.2999999999999991,0.2999999999999947
all_zero,0.01,-0.02,96,-1.9999999999999463,9.910560616838169e-26,True,0,0.13042899999999982,0.10250699999999936,0.03912869999999983,0.03075209999999927,0.9936490250696385,0.2999999999999991,0.2999999999999947
all_zero,0.01,-0.02,97,-1.9999999999999463,9.910560616838169e-26,True,0,0.13042899999999982,0.10250699999999936,0.03912869999999983,0.03075209999999927,0.9936490250696385,0.2999999999999991,0.2999999999999947
all_zero,0.01,-0.02,98,-1.9999999999999463,9.910560616838169e-26,True,0,0.13042899999999982,0.10250699999999936,0.03912869999999983,0.03075209999999927,0.9936490250696385,0.2999999999999991,0.2999999999999947
all_zero,0.01,-0.02,99,-1.9999999999999463,9.910560616838169e-26,True,0,0.13042899999999982,0.10250699999999936,0.03912869999999983,0.03075209999999927,0.9936490250696385,0.2999999999999991,0.2999999999999947
all_zero,0.01,-0.02,100,-1.9999999999999463,9.910560616838169e-26,True,0,0.13042899999999982,0.10250699999999936,0.03912869999999983,0.03075209999999927,0.9936490250696385,0.2999999999999991,0.2999999999999947
all_zero,0.01,-0.02,101,-1.9999999999999463,9.910560616838169e-26,True,0,0.13042899999999982,0.10250699999999936,0.03912869999999983,0.03075209999999927,0.9936490250696385,0.2999999999999991,0.2999999999999947
all_zero,0.01,-0.02,102,-1.9999999999999463,9.910560616838169e-26,True,0,0.13042899999999982,0.10250699999999936,0.03912869999999983,0.03075209999999927,0.9936490250696385,0.2999999999999991,0.2999999999999947
all_zero,0.01,-0.02,103,-1.9999999999999463,9.910560616838169e-26,True,0,0.13042899999999982,0.10250699999999936,0.03912869999999983,0.03075209999999927,0.9936490250696385,0.2999999999999991,0.2999999999999947
all_zero,0.01,-0.02,104,-1.9999999999999463,9.910560616838169e-26,True,0,0.13042899999999982,0.10250699999999936,0.03912869999999983,0.03075209999999927,0.9936490250696385,0.2999999999999991,0.2999999999999947
all_zero,0.01,-0.02,105,-1.9999999999999463,9.910560616838169e-26,True,0,0.13042899999999982,0.10250699999999936,0.03912869999999983,0.03075209999999927,0.9936490250696385,0.2999999999999991,0.2999999999999947
all_zero,0.01,-0.02,106,-1.9999999999999463,9.910560616838169e-26,True,0,0.13042899999999982,0.10250699999999936,0.03912869999999983,0.03075209999999927,0.9936490250696385,0.2999999999999991,0.2999999999999947
all_zero,0.01,-0.02,107,-1.9999999999999463,9.910560616838169e-26,True,0,0.13042899999999982,0.10250699999999936,0.03912869999999983,0.03075209999999927,0.9936490250696385,0.2999999999999991,0.2999999999999947
all_zero,0.01,-0.02,108,-1.9999999999999463,9.910560616838169e-26,True,0,0.13042899999999982,0.10250699999999936,0.03912869999999983,0.03075209999999927,0.9936490250696385,0.2999999999999991,0.2999999999999947
all_zero,0.01,-0.02,109,-1.9999999999999463,9.910560616838169e-26,True,0,0.13042899999999982,0.10250699999999936,0.03912869999999983,0.03075209999999927,0.9936490250696385,0.2999999999999991,0.2999999999999947
all_zero,0.01,-0.02,110,-1.9999999999999463,9.910560616838169e-26,True,0,0.13042899999999982,0.10250699999999936,0.03912869999999983,0.03075209999999927,0.9936490250696385,0.2999999999999991,0.2999999999999947
all_zero,0.01,-0.02,111,-1.9999999999999463,9.910560616838169e-26,True,0,0.13042899999999982,0.10250699999999936,0.03912869999999983,0.03075209999999927,0.9936490250696385,0.2999999999999991,0.2999999999999947
all_zero,0.01,-0.02,112,-1.9999999999999463,9.910560616838169e-26,True,0,0.13042899999999982,0.10250699999999936,0.03912869999999983,0.03075209999999927,0.9936490250696385,0.2999999999999991,0.2999999999999947
all_zero,0.01,-0.02,113,-1.9999999999999463,9.910560616838169e-26,True,0,0.13042899999999982,0.10250699999999936,0.03912869999999983,0.03075209999999927,0.9936490250696385,0.2999999999999991,0.2999999999999947
all_zero,0.01,-0.02,114,-1.9999999999999463,9.910560616838169e-26,True,0,0.13042899999999982,0.10250699999999936,0.03912869999999983,0.03075209999999927,0.9936490250696385,0.2999999999999991,0.2999999999999947
all_zero,0.01,-0.02,115,-1.9999999999999463,9.910560616838169e-26,True,0,0.13042899999999982,0.10250699999999936,0.03912869999999983,0.03075209999999927,0.9936490250696385,0.2999999999999991,0.2999999999999947
all_zero,0.01,-0.02,116,-1.9999999999999463,9.910560616838169e-26,True,0,0.13042899999999982,0.10250699999999936,0.03912869999999983,0.03075209999999927,0.9936490250696385,0.2999999999999991,0.2999999999999947
all_zero,0.01,-0.02,117,-1.9999999999999463,9.910560616838169e-26,True,0,0.13042899999999982,0.10250699999999936,0.03912869999999983,0.03075209999999927,0.9936490250696385,0.2999999999999991,0.2999999999999947
all_zero,0.01,-0.02,118,-1.9999999999999463,9.910560616838169e-26,True,0,0.13042899999999982,0.10250699999999936,0.03912869999999983,0.03075209999999927,0.9936490250696385,0.2999999999999991,0.2999999999999947
all_zero,0.01,-0.02,119,-1.9999999999999463,9.910560616838169e-26,True,0,0.13042899999999982,0.10250699999999936,0.03912869999999983,0.03075209999999927,0.9936490250696385,0.2999999999999991,0.2999999999999947
all_zero,0.01,-0.02,120,-1.9999999999999463,9.910560616838169e-26,True,0,0.13042899999999982,0.10250699999999936,0.03912869999999983,0.03075209999999927,0.9936490250696385,0.2999999999999991,0.2999999999999947
all_zero,0.01,-0.02,121,-1.9999999999999463,9.910560616838169e-26,True,0,0.13042899999999982,0.10250699999999936,0.03912869999999983,0.03075209999999927,0.9936490250696385,0.2999999999999991,0.2999999999999947
all_zero,0.01,-0.02,122,-1.9999999999999463,9.910560616838169e-26,True,0,0.13042899999999982,0.10250699999999936,0.03912869999999983,0.03075209999999927,0.9936490250696385,0.2999999999999991,0.2999999999999947
all_zero,0.01,-0.02,123,-1.9999999999999463,9.910560616838169e-26,True,0,0.13042899999999982,0.10250699999999936,0.03912869999999983,0.03075209999999927,0.9936490250696385,0.2999999999999991,0.2999999999999947
all_zero,0.01,-0.02,124,-1.9999999999999463,9.910560616838169e-26,True,0,0.13042899999999982,0.10250699999999936,0.03912869999999983,0.03075209999999927,0.9936490250696385,0.2999999999999991,0.2999999999999947
all_zero,0.01,-0.02,125,-1.9999999999999463,9.910560616838169e-26,True,0,0.13042899999999982,0.10250699999999936,0.03912869999999983,0.03075209999999927,0.9936490250696385,0.2999999999999991,0.2999999999999947
all_zero,0.01,-0.02,126,-1.9999999999999463,9.910560616838169e-26,True,0,0.13042899999999982,0.10250699999999936,0.03912869999999983,0.03075209999999927,0.9936490250696385,0.2999999999999991,0.2999999999999947
all_zero,0.01,-0.02,127,-1.9999999999999463,9.910560616838169e-26,True,0,0.13042899999999982,0.10250699999999936,0.03912869999999983,0.03075209999999927,0.9936490250696385,0.2999999999999991,0.2999999999999947
all_zero,0.01,-0.02,128,-1.9999999999999463,9.910560616838169e-26,True,0,0.13042899999999982,0.10250699999999936,0.03912869999999983,0.03075209999999927,0.9936490250696385,0.2999999999999991,0.2999999999999947
all_zero,0.01,-0.02,129,-1.9999999999999463,9.910560616838169e-26,True,0,0.13042899999999982,0.10250699999999936,0.03912869999999983,0.03075209999999927,0.9936490250696385,0.2999999999999991,0.2999999999999947
all_zero,0.01,-0.02,130,-1.9999999999999463,9.910560616838169e-26,True,0,0.13042899999999982,0.10250699999999936,0.03912869999999983,0.03075209999999927,0.9936490250696385,0.2999999999999991,0.2999999999999947
all_zero,0.01,-0.02,131,-1.9999999999999463,9.910560616838169e-26,True,0,0.13042899999999982,0.10250699999999936,0.03912869999999983,0.03075209999999927,0.9936490250696385,0.2999999999999991,0.2999999999999947
all_zero,0.01,-0.02,132,-1.9999999999999463,9.910560616838169e-26,True,0,0.13042899999999982,0.10250699999999936,0.03912869999999983,0.03075209999999927,0.9936490250696385,0.2999999999999991,0.2999999999999947
all_zero,0.01,-0.02,133,-1.9999999999999463,9.910560616838169e-26,True,0,0.13042899999999982,0.10250699999999936,0.03912869999999983,0.03075209999999927,0.9936490250696385,0.2999999999999991,0.2999999999999947
all_zero,0.01,-0.02,134,-1.9999999999999463,9.910560616838169e-26,True,0,0.13042899999999982,0.10250699999999936,0.03912869999999983,0.03075209999999927,0.9936490250696385,0.2999999999999991,0.2999999999999947
all_zero,0.01,-0.02,135,-1.9999999999999463,9.910560616838169e-26,True,0,0.13042899999999982,0.10250699999999936,0.03912869999999983,0.03075209999999927,0.9936490250696385,0.2999999999999991,0.2999999999999947
all_zero,0.01,-0.02,136,-1.9999999999999463,9.910560616838169e-26,True,0,0.13042899999999982,0.10250699999999936,0.03912869999999983,0.03075209999999927,0.9936490250696385,0.2999999999999991,0.2999999999999947
all_zero,0.01,-0.02,137,-1.9999999999999463,9.910560616838169e-26,True,0,0.13042899999999982,0.10250699999999936,0.03912869999999983,0.03075209999999927,0.9936490250696385,0.2999999999999991,0.2999999999999947
all_zero,0.01,-0.02,138,-1.9999999999999463,9.910560616838169e-26,True,0,0.13042899999999982,0.10250699999999936,0.03912869999999983,0.03075209999999927,0.9936490250696385,0.2999999999999991,0.2999999999999947
all_zero,0.01,-0.02,139,-1.9999999999999463,9.910560616838169e-26,True,0,0.13042899999999982,0.10250699999999936,0.03912869999999983,0.03075209999999927,0.9936490250696385,0.2999999999999991,0.2999999999999947
all_zero,0.01,-0.02,140,-1.9999999999999463,9.910560616838169e-26,True,0,0.13042899999999982,0.10250699999999936,0.03912869999999983,0.03075209999999927,0.9936490250696385,0.2999999999999991,0.2999999999999947
all_zero,0.01,-0.02,141,-1.9999999999999463,9.910560616838169e-26,True,0,0.13042899999999982,0.10250699999999936,0.03912869999999983,0.03075209999999927,0.9936490250696385,0.2999999999999991,0.2999999999999947
all_zero,0.01,-0.02,142,-1.9999999999999463,9.910560616838169e-26,True,0,0.13042899999999982,0.10250699999999936,0.03912869999999983,0.03075209999999927,0.9936490250696385,0.2999999999999991,0.2999999999999947
all_zero,0.01,-0.02,143,-1.9999999999999463,9.910560616838169e-26,True,0,0.13042899999999982,0.10250699999999936,0.03912869999999983,0.03075209999999927,0.9936490250696385,0.2999999999999991,0.2999999999999947
all_zero,0.01,-0.02,144,-1.9999999999999463,9.910560616838169e-26,True,0,0.13042899999999982,0.10250699999999936,0.03912869999999983,0.03075209999999927,0.9936490250696385,0.2999999999999991,0.2999999999999947
all_zero,0.01,-0.02,145,-1.9999999999999463,9.910560616838169e-26,True,0,0.13042899999999982,0.10250699999999936,0.03912869999999983,0.03075209999999927,0.9936490250696385,0.2999999999999991,0.2999999999999947
all_zero,0.01,-0.02,146,-1.9999999999999463,9.910560616838169e-26,True,0,0.13042899999999982,0.10250699999999936,0.03912869999999983,0.03075209999999927,0.9936490250696385,0.2999999999999991,0.2999999999999947
all_zero,0.01,-0.02,147,-1.9999999999999463,9.910560616838169e-26,True,0,0.13042899999999982,0.10250699999999936,0.03912869999999983,0.03075209999999927,0.9936490250696385,0.2999999999999991,0.2999999999999947
all_zero,0.01,-0.02,148,-1.9999999999999463,9.910560616838169e-26,True,0,0.13042899999999982,0.10250699999999936,0.03912869999999983,0.03075209999999927,0.9936490250696385,0.2999999999999991,0.2999999999999947
all_zero,0.01,-0.02,149,-1.9999999999999463,9.910560616838169e-26,True,0,0.13042899999999982,0.10250699999999936,0.03912869999999983,0.03075209999999927,0.9936490250696385,0.2999999999999991,0.2999999999999947
all_zero,0.01,-0.02,150,-1.9999999999999463,9.910560616838169e-26,True,0,0.13042899999999982,0.10250699999999936,0.03912869999999983,0.03075209999999927,0.9936490250696385,0.2999999999999991,0.2999999999999947
all_zero,0.01,-0.02,151,-1.9999999999999463,9.910560616838169e-26,True,0,0.13042899999999982,0.10250699999999936,0.03912869999999983,0.03075209999999927,0.9936490250696385,0.2999999999999991,0.2999999999999947
all_zero,0.01,-0.02,152,-1.9999999999999463,9.910560616838169e-26,True,0,0.13042899999999982,0.10250699999999936,0.03912869999999983,0.03075209999999927,0.9936490250696385,0.2999999999999991,0.2999999999999947
all_zero,0.01,-0.02,153,-1.9999999999999463,9.910560616838169e-26,True,0,0.13042899999999982,0.10250699999999936,0.03912869999999983,0.03075209999999927,0.9936490250696385,0.2999999999999991,0.2999999999999947
all_zero,0.01,-0.02,154,-1.9999999999999463,9.910560616838169e-26,True,0,0.13042899999999982,0.10250699999999936,0.03912869999999983,0.03075209999999927,0.9936490250696385,0.2999999999999991,0.2999999999999947
all_zero,0.01,-0.02,155,-1.9999999999999463,9.910560616838169e-26,True,0,0.13042899999999982,0.10250699999999936,0.03912869999999983,0.03075209999999927,0.9936490250696385,0.2999999999999991,0.2999999999999947
all_zero,0.01,-0.02,156,-1.9999999999999463,9.910560616838169e-26,True,0,0.13042899999999982,0.10250699999999936,0.03912869999999983,0.03075209999999927,0.9936490250696385,0.2999999999999991,0.2999999999999947
all_zero,0.01,-0.02,157,-1.9999999999999463,9.910560616838169e-26,True,0,0.13042899999999982,0.10250699999999936,0.03912869999999983,0.03075209999999927,0.9936490250696385,0.2999999999999991,0.2999999999999947
all_zero,0.01,-0.02,158,-1.9999999999999463,9.910560616838169e-26,True,0,0.13042899999999982,0.10250699999999936,0.03912869999999983,0.03075209999999927,0.9936490250696385,0.2999999999999991,0.2999999999999947
all_zero,0.01,-0.02,159,-1.9999999999999463,9.910560616838169e-26,True,0,0.13042899999999982,0.10250699999999936,0.03912869999999983,0.03075209999999927,0.9936490250696385,0.2999999999999991,0.2999999999999947
all_zero,0.01,-0.02,160,-1.9999999999999463,9.910560616838169e-26,True,0,0.13042899999999982,0.10250699999999936,0.03912869999999983,0.03075209999999927,0.9936490250696385,0.2999999999999991,0.2999999999999947
all_zero,0.01,-0.02,161,-1.9999999999999463,9.910560616838169e-26,True,0,0.13042899999999982,0.10250699999999936,0.03912869999999983,0.03075209999999927,0.9936490250696385,0.2999999999999991,0.2999999999999947
all_zero,0.01,-0.02,162,-1.9999999999999463,9.910560616838169e-26,True,0,0.13042899999999982,0.10250699999999936,0.03912869999999983,0.03075209999999927,0.9936490250696385,0.2999999999999991,0.2999999999999947
all_zero,0.01,-0.02,163,-1.9999999999999463,9.910560616838169e-26,True,0,0.13042899999999982,0.10250699999999936,0.03912869999999983,0.03075209999999927,0.9936490250696385,0.2999999999999991,0.2999999999999947
all_zero,0.01,-0.02,164,-1.9999999999999463,9.910560616838169e-26,True,0,0.13042899999999982,0.10250699999999936,0.03912869999999983,0.03075209999999927,0.9936490250696385,0.2999999999999991,0.2999999999999947
all_zero,0.01,-0.02,165,-1.9999999999999463,9.910560616838169e-26,True,0,0.13042899999999982,0.10250699999999936,0.03912869999999983,0.03075209999999927,0.9936490250696385,0.2999999999999991,0.2999999999999947
all_zero,0.01,-0.02,166,-1.9999999999999463,9.910560616838169e-26,True,0,0.13042899999999982,0.10250699999999936,0.03912869999999983,0.03075209999999927,0.9936490250696385,0.2999999999999991,0.2999999999999947
all_zero,0.01,-0.02,167,-1.9999999999999463,9.910560616838169e-26,True,0,0.13042899999999982,0.10250699999999936,0.03912869999999983,0.03075209999999927,0.9936490250696385,0.2999999999999991,0.2999999999999947
all_zero,0.01,-0.02,168,-1.9999999999999463,9.910560616838169e-26,True,0,0.13042899999999982,0.10250699999999936,0.03912869999999983,0.03075209999999927,0.9936490250696385,0.2999999999999991,0.2999999999999947
all_zero,0.01,-0.02,169,-1.9999999999999463,9.910560616838169e-26,True,0,0.13042899999999982,0.10250699999999936,0.03912869999999983,0.03075209999999927,0.9936490250696385,0.2999999999999991,0.2999999999999947
all_zero,0.01,-0.02,170,-1.9999999999999463,9.910560616838169e-26,True,0,0.13042899999999982,0.10250699999999936,0.03912869999999983,0.03075209999999927,0.9936490250696385,0.2999999999999991,0.2999999999999947
all_zero,0.01,-0.02,171,-1.9999999999999463,9.910560616838169e-26,True,0,0.13042899999999982,0.10250699999999936,0.03912869999999983,0.03075209999999927,0.9936490250696385,0.2999999999999991,0.2999999999999947
all_zero,0.01,-0.02,172,-1.9999999999999463,9.910560616838169e-26,True,0,0.13042899999999982,0.10250699999999936,0.03912869999999983,0.03075209999999927,0.9936490250696385,0.2999999999999991,0.2999999999999947
all_zero,0.01,-0.02,173,-1.9999999999999463,9.910560616838169e-26,True,0,0.13042899999999982,0.10250699999999936,0.03912869999999983,0.03075209999999927,0.9936490250696385,0.2999999999999991,0.2999999999999947
all_zero,0.01,-0.02,174,-1.9999999999999463,9.910560616838169e-26,True,0,0.13042899999999982,0.10250699999999936,0.03912869999999983,0.03075209999999927,0.9936490250696385,0.2999999999999991,0.2999999999999947
all_zero,0.01,-0.02,175,-1.9999999999999463,9.910560616838169e-26,True,0,0.13042899999999982,0.10250699999999936,0.03912869999999983,0.03075209999999927,0.9936490250696385,0.2999999999999991,0.2999999999999947
all_zero,0.01,-0.02,176,-1.9999999999999463,9.910560616838169e-26,True,0,0.13042899999999982,0.10250699999999936,0.03912869999999983,0.03075209999999927,0.9936490250696385,0.2999999999999991,0.2999999999999947
all_zero,0.01,-0.02,177,-1.9999999999999463,9.910560616838169e-26,True,0,0.13042899999999982,0.10250699999999936,0.03912869999999983,0.03075209999999927,0.9936490250696385,0.2999999999999991,0.2999999999999947
all_zero,0.01,-0.02,178,-1.9999999999999463,9.910560616838169e-26,True,0,0.13042899999999982,0.10250699999999936,0.03912869999999983,0.03075209999999927,0.9936490250696385,0.2999999999999991,0.2999999999999947
all_zero,0.01,-0.02,179,-1.9999999999999463,9.910560616838169e-26,True,0,0.13042899999999982,0.10250699999999936,0.03912869999999983,0.03075209999999927,0.9936490250696385,0.2999999999999991,0.2999999999999947
all_zero,0.01,-0.02,180,-1.9999999999999463,9.910560616838169e-26,True,0,0.13042899999999982,0.10250699999999936,0.03912869999999983,0.03075209999999927,0.9936490250696385,0.2999999999999991,0.2999999999999947
all_zero,0.01,-0.02,181,-1.9999999999999463,9.910560616838169e-26,True,0,0.13042899999999982,0.10250699999999936,0.03912869999999983,0.03075209999999927,0.9936490250696385,0.2999999999999991,0.2999999999999947
all_zero,0.01,-0.02,182,-1.9999999999999463,9.910560616838169e-26,True,0,0.13042899999999982,0.10250699999999936,0.03912869999999983,0.03075209999999927,0.9936490250696385,0.2999999999999991,0.2999999999999947
all_zero,0.01,-0.02,183,-1.9999999999999463,9.910560616838169e-26,True,0,0.13042899999999982,0.10250699999999936,0.03912869999999983,0.03075209999999927,0.9936490250696385,0.2999999999999991,0.2999999999999947
all_zero,0.01,-0.02,184,-1.9999999999999463,9.910560616838169e-26,True,0,0.13042899999999982,0.10250699999999936,0.03912869999999983,0.03075209999999927,0.9936490250696385,0.2999999999999991,0.2999999999999947
all_zero,0.01,-0.02,185,-1.9999999999999463,9.910560616838169e-26,True,0,0.13042899999999982,0.10250699999999936,0.03912869999999983,0.03075209999999927,0.9936490250696385,0.2999999999999991,0.2999999999999947
all_zero,0.01,-0.02,186,-1.9999999999999463,9.910560616838169e-26,True,0,0.13042899999999982,0.10250699999999936,0.03912869999999983,0.03075209999999927,0.9936490250696385,0.2999999999999991,0.2999999999999947
all_zero,0.01,-0.02,187,-1.9999999999999463,9.910560616838169e-26,True,0,0.13042899999999982,0.10250699999999936,0.03912869999999983,0.03075209999999927,0.9936490250696385,0.2999999999999991,0.2999999999999947
all_zero,0.01,-0.02,188,-1.9999999999999463,9.910560616838169e-26,True,0,0.13042899999999982,0.10250699999999936,0.03912869999999983,0.03075209999999927,0.9936490250696385,0.2999999999999991,0.2999999999999947
all_zero,0.01,-0.02,189,-1.9999999999999463,9.910560616838169e-26,True,0,0.13042899999999982,0.10250699999999936,0.03912869999999983,0.03075209999999927,0.9936490250696385,0.2999999999999991,0.2999999999999947
all_zero,0.01,-0.02,190,-1.9999999999999463,9.910560616838169e-26,True,0,0.13042899999999982,0.10250699999999936,0.03912869999999983,0.03075209999999927,0.9936490250696385,0.2999999999999991,0.2999999999999947
all_zero,0.01,-0.02,191,-1.9999999999999463,9.910560616838169e-26,True,0,0.13042899999999982,0.10250699999999936,0.03912869999999983,0.03075209999999927,0.9936490250696385,0.2999999999999991,0.2999999999999947
all_zero,0.01,-0.02,192,-1.9999999999999463,9.910560616838169e-26,True,0,0.13042899999999982,0.10250699999999936,0.03912869999999983,0.03075209999999927,0.9936490250696385,0.2999999999999991,0.2999999999999947
all_zero,0.01,-0.02,193,-1.9999999999999463,9.910560616838169e-26,True,0,0.13042899999999982,0.10250699999999936,0.03912869999999983,0.03075209999999927,0.9936490250696385,0.2999999999999991,0.2999999999999947
all_zero,0.01,-0.02,194,-1.9999999999999463,9.910560616838169e-26,True,0,0.13042899999999982,0.10250699999999936,0.03912869999999983,0.03075209999999927,0.9936490250696385,0.2999999999999991,0.2999999999999947
all_zero,0.01,-0.02,195,-1.9999999999999463,9.910560616838169e-26,True,0,0.13042899999999982,0.10250699999999936,0.03912869999999983,0.03075209999999927,0.9936490250696385,0.2999999999999991,0.2999999999999947
all_zero,0.01,-0.02,196,-1.9999999999999463,9.910560616838169e-26,True,0,0.13042899999999982,0.10250699999999936,0.03912869999999983,0.03075209999999927,0.9936490250696385,0.2999999999999991,0.2999999999999947
all_zero,0.01,-0.02,197,-1.9999999999999463,9.910560616838169e-26,True,0,0.13042899999999982,0.10250699999999936,0.03912869999999983,0.03075209999999927,0.9936490250696385,0.2999999999999991,0.2999999999999947
all_zero,0.01,-0.02,198,-1.9999999999999463,9.910560616838169e-26,True,0,0.13042899999999982,0.10250699999999936,0.03912869999999983,0.03075209999999927,0.9936490250696385,0.2999999999999991,0.2999999999999947
all_zero,0.01,-0.02,199,-1.9999999999999463,9.910560616838169e-26,True,0,0.13042899999999982,0.10250699999999936,0.03912869999999983,0.03075209999999927,0.9936490250696385,0.2999999999999991,0.2999999999999947
all_zero,0.01,-0.02,200,-1.9999999999999463,9.910560616838169e-26,True,0,0.13042899999999982,0.10250699999999936,0.03912869999999983,0.03075209999999927,0.9936490250696385,0.2999999999999991,0.2999999999999947
all_zero,0.01,-0.02,201,-1.9999999999999463,9.910560616838169e-26,True,0,0.13042899999999982,0.10250699999999936,0.03912869999999983,0.03075209999999927,0.9936490250696385,0.2999999999999991,0.2999999999999947
all_zero,0.01,-0.02,202,-1.9999999999999463,9.910560616838169e-26,True,0,0.13042899999999982,0.10250699999999936,0.03912869999999983,0.03075209999999927,0.9936490250696385,0.2999999999999991,0.2999999999999947
all_zero,0.01,-0.02,203,-1.9999999999999463,9.910560616838169e-26,True,0,0.13042899999999982,0.10250699999999936,0.03912869999999983,0.03075209999999927,0.9936490250696385,0.2999999999999991,0.2999999999999947
all_zero,0.01,-0.02,204,-1.9999999999999463,9.910560616838169e-26,True,0,0.13042899999999982,0.10250699999999936,0.03912869999999983,0.03075209999999927,0.9936490250696385,0.2999999999999991,0.2999999999999947
all_zero,0.01,-0.02,205,-1.9999999999999463,9.910560616838169e-26,True,0,0.13042899999999982,0.10250699999999936,0.03912869999999983,0.03075209999999927,0.9936490250696385,0.2999999999999991,0.2999999999999947
all_zero,0.01,-0.02,206,-1.9999999999999463,9.910560616838169e-26,True,0,0.13042899999999982,0.10250699999999936,0.03912869999999983,0.03075209999999927,0.9936490250696385,0.2999999999999991,0.2999999999999947
all_zero,0.01,-0.02,207,-1.9999999999999463,9.910560616838169e-26,True,0,0.13042899999999982,0.10250699999999936,0.03912869999999983,0.03075209999999927,0.9936490250696385,0.2999999999999991,0.2999999999999947
all_zero,0.01,-0.02,208,-1.9999999999999463,9.910560616838169e-26,True,0,0.13042899999999982,0.10250699999999936,0.03912869999999983,0.03075209999999927,0.9936490250696385,0.2999999999999991,0.2999999999999947
all_zero,0.01,-0.02,209,-1.9999999999999463,9.910560616838169e-26,True,0,0.13042899999999982,0.10250699999999936,0.03912869999999983,0.03075209999999927,0.9936490250696385,0.2999999999999991,0.2999999999999947
all_zero,0.01,-0.02,210,-1.9999999999999463,9.910560616838169e-26,True,0,0.13042899999999982,0.10250699999999936,0.03912869999999983,0.03075209999999927,0.9936490250696385,0.2999999999999991,0.2999999999999947
all_zero,0.01,-0.02,211,-1.9999999999999463,9.910560616838169e-26,True,0,0.13042899999999982,0.10250699999999936,0.03912869999999983,0.03075209999999927,0.9936490250696385,0.2999999999999991,0.2999999999999947
all_zero,0.01,-0.02,212,-1.9999999999999463,9.910560616838169e-26,True,0,0.13042899999999982,0.10250699999999936,0.03912869999999983,0.03075209999999927,0.9936490250696385,0.2999999999999991,0.2999999999999947
all_zero,0.01,-0.02,213,-1.9999999999999463,9.910560616838169e-26,True,0,0.13042899999999982,0.10250699999999936,0.03912869999999983,0.03075209999999927,0.9936490250696385,0.2999999999999991,0.2999999999999947
all_zero,0.01,-0.02,214,-1.9999999999999463,9.910560616838169e-26,True,0,0.13042899999999982,0.10250699999999936,0.03912869999999983,0.03075209999999927,0.9936490250696385,0.2999999999999991,0.2999999999999947
all_zero,0.01,-0.02,215,-1.9999999999999463,9.910560616838169e-26,True,0,0.13042899999999982,0.10250699999999936,0.03912869999999983,0.03075209999999927,0.9936490250696385,0.2999999999999991,0.2999999999999947
all_zero,0.01,-0.02,216,-1.9999999999999463,9.910560616838169e-26,True,0,0.13042899999999982,0.10250699999999936,0.03912869999999983,0.03075209999999927,0.9936490250696385,0.2999999999999991,0.2999999999999947
all_zero,0.01,-0.02,217,-1.9999999999999463,9.910560616838169e-26,True,0,0.13042899999999982,0.10250699999999936,0.03912869999999983,0.03075209999999927,0.9936490250696385,0.2999999999999991,0.2999999999999947
all_zero,0.01,-0.02,218,-1.9999999999999463,9.910560616838169e-26,True,0,0.13042899999999982,0.10250699999999936,0.03912869999999983,0.03075209999999927,0.9936490250696385,0.2999999999999991,0.2999999999999947
all_zero,0.01,-0.02,219,-1.9999999999999463,9.910560616838169e-26,True,0,0.13042899999999982,0.10250699999999936,0.03912869999999983,0.03075209999999927,0.9936490250696385,0.2999999999999991,0.2999999999999947
all_zero,0.01,-0.02,220,-1.9999999999999463,9.910560616838169e-26,True,0,0.13042899999999982,0.10250699999999936,0.03912869999999983,0.03075209999999927,0.9936490250696385,0.2999999999999991,0.2999999999999947
all_zero,0.01,-0.02,221,-1.9999999999999463,9.910560616838169e-26,True,0,0.13042899999999982,0.10250699999999936,0.03912869999999983,0.03075209999999927,0.9936490250696385,0.2999999999999991,0.2999999999999947
all_zero,0.01,-0.02,222,-1.9999999999999463,9.910560616838169e-26,True,0,0.13042899999999982,0.10250699999999936,0.03912869999999983,0.03075209999999927,0.9936490250696385,0.2999999999999991,0.2999999999999947
all_zero,0.01,-0.02,223,-1.9999999999999463,9.910560616838169e-26,True,0,0.13042899999999982,0.10250699999999936,0.03912869999999983,0.03075209999999927,0.9936490250696385,0.2999999999999991,0.2999999999999947
all_zero,0.01,-0.02,224,-1.9999999999999463,9.910560616838169e-26,True,0,0.13042899999999982,0.10250699999999936,0.03912869999999983,0.03075209999999927,0.9936490250696385,0.2999999999999991,0.2999999999999947
all_zero,0.01,-0.02,225,-1.9999999999999463,9.910560616838169e-26,True,0,0.13042899999999982,0.10250699999999936,0.03912869999999983,0.03075209999999927,0.9936490250696385,0.2999999999999991,0.2999999999999947
all_zero,0.01,-0.02,226,-1.9999999999999463,9.910560616838169e-26,True,0,0.13042899999999982,0.10250699999999936,0.03912869999999983,0.03075209999999927,0.9936490250696385,0.2999999999999991,0.2999999999999947
all_zero,0.01,-0.02,227,-1.9999999999999463,9.910560616838169e-26,True,0,0.13042899999999982,0.10250699999999936,0.03912869999999983,0.03075209999999927,0.9936490250696385,0.2999999999999991,0.2999999999999947
all_zero,0.01,-0.02,228,-1.9999999999999463,9.910560616838169e-26,True,0,0.13042899999999982,0.10250699999999936,0.03912869999999983,0.03075209999999927,0.9936490250696385,0.2999999999999991,0.2999999999999947
all_zero,0.01,-0.02,229,-1.9999999999999463,9.910560616838169e-26,True,0,0.13042899999999982,0.10250699999999936,0.03912869999999983,0.03075209999999927,0.9936490250696385,0.2999999999999991,0.2999999999999947
all_zero,0.01,-0.02,230,-1.9999999999999463,9.910560616838169e-26,True,0,0.13042899999999982,0.10250699999999936,0.03912869999999983,0.03075209999999927,0.9936490250696385,0.2999999999999991,0.2999999999999947
all_zero,0.01,-0.02,231,-1.9999999999999463,9.910560616838169e-26,True,0,0.13042899999999982,0.10250699999999936,0.03912869999999983,0.03075209999999927,0.9936490250696385,0.2999999999999991,0.2999999999999947
all_zero,0.01,-0.02,232,-1.9999999999999463,9.910560616838169e-26,True,0,0.13042899999999982,0.10250699999999936,0.03912869999999983,0.03075209999999927,0.9936490250696385,0.2999999999999991,0.2999999999999947
all_zero,0.01,-0.02,233,-1.9999999999999463,9.910560616838169e-26,True,0,0.13042899999999982,0.10250699999999936,0.03912869999999983,0.03075209999999927,0.9936490250696385,0.2999999999999991,0.2999999999999947
all_zero,0.01,-0.02,234,-1.9999999999999463,9.910560616838169e-26,True,0,0.13042899999999982,0.10250699999999936,0.03912869999999983,0.03075209999999927,0.9936490250696385,0.2999999999999991,0.2999999999999947
all_zero,0.01,-0.02,235,-1.9999999999999463,9.910560616838169e-26,True,0,0.13042899999999982,0.10250699999999936,0.03912869999999983,0.03075209999999927,0.9936490250696385,0.2999999999999991,0.2999999999999947
all_zero,0.01,-0.02,236,-1.9999999999999463,9.910560616838169e-26,True,0,0.13042899999999982,0.10250699999999936,0.03912869999999983,0.03075209999999927,0.9936490250696385,0.2999999999999991,0.2999999999999947
all_zero,0.01,-0.02,237,-1.9999999999999463,9.910560616838169e-26,True,0,0.13042899999999982,0.10250699999999936,0.03912869999999983,0.03075209999999927,0.9936490250696385,0.2999999999999991,0.2999999999999947
all_zero,0.01,-0.02,238,-1.9999999999999463,9.910560616838169e-26,True,0,0.13042899999999982,0.10250699999999936,0.03912869999999983,0.03075209999999927,0.9936490250696385,0.2999999999999991,0.2999999999999947
all_zero,0.01,-0.02,239,-1.9999999999999463,9.910560616838169e-26,True,0,0.13042899999999982,0.10250699999999936,0.03912869999999983,0.03075209999999927,0.9936490250696385,0.2999999999999991,0.2999999999999947
all_zero,0.01,-0.02,240,-1.9999999999999463,9.910560616838169e-26,True,0,0.13042899999999982,0.10250699999999936,0.03912869999999983,0.03075209999999927,0.9936490250696385,0.2999999999999991,0.2999999999999947
all_zero,0.01,-0.02,241,-1.9999999999999463,9.910560616838169e-26,True,0,0.13042899999999982,0.10250699999999936,0.03912869999999983,0.03075209999999927,0.9936490250696385,0.2999999999999991,0.2999999999999947
all_zero,0.01,-0.02,242,-1.9999999999999463,9.910560616838169e-26,True,0,0.13042899999999982,0.10250699999999936,0.03912869999999983,0.03075209999999927,0.9936490250696385,0.2999999999999991,0.2999999999999947
all_zero,0.01,-0.02,243,-1.9999999999999463,9.910560616838169e-26,True,0,0.13042899999999982,0.10250699999999936,0.03912869999999983,0.03075209999999927,0.9936490250696385,0.2999999999999991,0.2999999999999947
all_zero,0.01,-0.02,244,-1.9999999999999463,9.910560616838169e-26,True,0,0.13042899999999982,0.10250699999999936,0.03912869999999983,0.03075209999999927,0.9936490250696385,0.2999999999999991,0.2999999999999947
all_zero,0.01,-0.02,245,-1.9999999999999463,9.910560616838169e-26,True,0,0.13042899999999982,0.10250699999999936,0.03912869999999983,0.03075209999999927,0.9936490250696385,0.2999999999999991,0.2999999999999947
all_zero,0.01,-0.02,246,-1.9999999999999463,9.910560616838169e-26,True,0,0.13042899999999982,0.10250699999999936,0.03912869999999983,0.03075209999999927,0.9936490250696385,0.2999999999999991,0.2999999999999947
all_zero,0.01,-0.02,247,-1.9999999999999463,9.910560616838169e-26,True,0,0.13042899999999982,0.10250699999999936,0.03912869999999983,0.03075209999999927,0.9936490250696385,0.2999999999999991,0.2999999999999947
all_zero,0.01,-0.02,248,-1.9999999999999463,9.910560616838169e-26,True,0,0.13042899999999982,0.10250699999999936,0.03912869999999983,0.03075209999999927,0.9936490250696385,0.2999999999999991,0.2999999999999947
all_zero,0.01,-0.02,249,-1.9999999999999463,9.910560616838169e-26,True,0,0.13042899999999982,0.10250699999999936,0.03912869999999983,0.03075209999999927,0.9936490250696385,0.2999999999999991,0.2999999999999947
all_zero,0.01,-0.02,250,-1.9999999999999463,9.910560616838169e-26,True,0,0.13042899999999982,0.10250699999999936,0.03912869999999983,0.03075209999999927,0.9936490250696385,0.2999999999999991,0.2999999999999947
all_zero,0.01,-0.02,251,-1.9999999999999463,9.910560616838169e-26,True,0,0.13042899999999982,0.10250699999999936,0.03912869999999983,0.03075209999999927,0.9936490250696385,0.2999999999999991,0.2999999999999947
all_zero,0.01,-0.02,252,-1.9999999999999463,9.910560616838169e-26,True,0,0.13042899999999982,0.10250699999999936,0.03912869999999983,0.03075209999999927,0.9936490250696385,0.2999999999999991,0.2999999999999947
all_zero,0.01,-0.02,253,-1.9999999999999463,9.910560616838169e-26,True,0,0.13042899999999982,0.10250699999999936,0.03912869999999983,0.03075209999999927,0.9936490250696385,0.2999999999999991,0.2999999999999947
all_zero,0.01,-0.02,254,-1.9999999999999463,9.910560616838169e-26,True,0,0.13042899999999982,0.10250699999999936,0.03912869999999983,0.03075209999999927,0.9936490250696385,0.2999999999999991,0.2999999999999947
all_zero,0.01,-0.02,255,-1.9999999999999463,9.910560616838169e-26,True,0,0.13042899999999982,0.10250699999999936,0.03912869999999983,0.03075209999999927,0.9936490250696385,0.2999999999999991,0.2999999999999947
all_zero,0.01,-0.02,256,-1.9999999999999463,9.910560616838169e-26,True,0,0.13042899999999982,0.10250699999999936,0.03912869999999983,0.03075209999999927,0.9936490250696385,0.2999999999999991,0.2999999999999947
all_zero,0.01,-0.02,257,-1.9999999999999463,9.910560616838169e-26,True,0,0.13042899999999982,0.10250699999999936,0.03912869999999983,0.03075209999999927,0.9936490250696385,0.2999999999999991,0.2999999999999947
all_zero,0.01,-0.02,258,-1.9999999999999463,9.910560616838169e-26,True,0,0.13042899999999982,0.10250699999999936,0.03912869999999983,0.03075209999999927,0.9936490250696385,0.2999999999999991,0.2999999999999947
all_zero,0.01,-0.02,259,-1.9999999999999463,9.910560616838169e-26,True,0,0.13042899999999982,0.10250699999999936,0.03912869999999983,0.03075209999999927,0.9936490250696385,0.2999999999999991,0.2999999999999947
all_zero,0.01,-0.02,260,-1.9999999999999463,9.910560616838169e-26,True,0,0.13042899999999982,0.10250699999999936,0.03912869999999983,0.03075209999999927,0.9936490250696385,0.2999999999999991,0.2999999999999947
all_zero,0.01,-0.02,261,-1.9999999999999463,9.910560616838169e-26,True,0,0.13042899999999982,0.10250699999999936,0.03912869999999983,0.03075209999999927,0.9936490250696385,0.2999999999999991,0.2999999999999947
all_zero,0.01,-0.02,262,-1.9999999999999463,9.910560616838169e-26,True,0,0.13042899999999982,0.10250699999999936,0.03912869999999983,0.03075209999999927,0.9936490250696385,0.2999999999999991,0.2999999999999947
all_zero,0.01,-0.02,263,-1.9999999999999463,9.910560616838169e-26,True,0,0.13042899999999982,0.10250699999999936,0.03912869999999983,0.03075209999999927,0.9936490250696385,0.2999999999999991,0.2999999999999947
all_zero,0.01,-0.02,264,-1.9999999999999463,9.910560616838169e-26,True,0,0.13042899999999982,0.10250699999999936,0.03912869999999983,0.03075209999999927,0.9936490250696385,0.2999999999999991,0.2999999999999947
all_zero,0.01,-0.02,265,-1.9999999999999463,9.910560616838169e-26,True,0,0.13042899999999982,0.10250699999999936,0.03912869999999983,0.03075209999999927,0.9936490250696385,0.2999999999999991,0.2999999999999947
all_zero,0.01,-0.02,266,-1.9999999999999463,9.910560616838169e-26,True,0,0.13042899999999982,0.10250699999999936,0.03912869999999983,0.03075209999999927,0.9936490250696385,0.2999999999999991,0.2999999999999947
all_zero,0.01,-0.02,267,-1.9999999999999463,9.910560616838169e-26,True,0,0.13042899999999982,0.10250699999999936,0.03912869999999983,0.03075209999999927,0.9936490250696385,0.2999999999999991,0.2999999999999947
all_zero,0.01,-0.02,268,-1.9999999999999463,9.910560616838169e-26,True,0,0.13042899999999982,0.10250699999999936,0.03912869999999983,0.03075209999999927,0.9936490250696385,0.2999999999999991,0.2999999999999947
all_zero,0.01,-0.02,269,-1.9999999999999463,9.910560616838169e-26,True,0,0.13042899999999982,0.10250699999999936,0.03912869999999983,0.03075209999999927,0.9936490250696385,0.2999999999999991,0.2999999999999947
all_zero,0.01,-0.02,270,-1.9999999999999463,9.910560616838169e-26,True,0,0.13042899999999982,0.10250699999999936,0.03912869999999983,0.03075209999999927,0.9936490250696385,0.2999999999999991,0.2999999999999947
all_zero,0.01,-0.02,271,-1.9999999999999463,9.910560616838169e-26,True,0,0.13042899999999982,0.10250699999999936,0.03912869999999983,0.03075209999999927,0.9936490250696385,0.2999999999999991,0.2999999999999947
all_zero,0.01,-0.02,272,-1.9999999999999463,9.910560616838169e-26,True,0,0.13042899999999982,0.10250699999999936,0.03912869999999983,0.03075209999999927,0.9936490250696385,0.2999999999999991,0.2999999999999947
all_zero,0.01,-0.02,273,-1.9999999999999463,9.910560616838169e-26,True,0,0.13042899999999982,0.10250699999999936,0.03912869999999983,0.03075209999999927,0.9936490250696385,0.2999999999999991,0.2999999999999947
all_zero,0.01,-0.02,274,-1.9999999999999463,9.910560616838169e-26,True,0,0.13042899999999982,0.10250699999999936,0.03912869999999983,0.03075209999999927,0.9936490250696385,0.2999999999999991,0.2999999999999947
all_zero,0.01,-0.02,275,-1.9999999999999463,9.910560616838169e-26,True,0,0.13042899999999982,0.10250699999999936,0.03912869999999983,0.03075209999999927,0.9936490250696385,0.2999999999999991,0.2999999999999947
all_zero,0.01,-0.02,276,-1.9999999999999463,9.910560616838169e-26,True,0,0.13042899999999982,0.10250699999999936,0.03912869999999983,0.03075209999999927,0.9936490250696385,0.2999999999999991,0.2999999999999947
all_zero,0.01,-0.02,277,-1.9999999999999463,9.910560616838169e-26,True,0,0.13042899999999982,0.10250699999999936,0.03912869999999983,0.03075209999999927,0.9936490250696385,0.2999999999999991,0.2999999999999947
all_zero,0.01,-0.02,278,-1.9999999999999463,9.910560616838169e-26,True,0,0.13042899999999982,0.10250699999999936,0.03912869999999983,0.03075209999999927,0.9936490250696385,0.2999999999999991,0.2999999999999947
all_zero,0.01,-0.02,279,-1.9999999999999463,9.910560616838169e-26,True,0,0.13042899999999982,0.10250699999999936,0.03912869999999983,0.03075209999999927,0.9936490250696385,0.2999999999999991,0.2999999999999947
all_zero,0.01,-0.02,280,-1.9999999999999463,9.910560616838169e-26,True,0,0.13042899999999982,0.10250699999999936,0.03912869999999983,0.03075209999999927,0.9936490250696385,0.2999999999999991,0.2999999999999947
all_zero,0.01,-0.02,281,-1.9999999999999463,9.910560616838169e-26,True,0,0.13042899999999982,0.10250699999999936,0.03912869999999983,0.03075209999999927,0.9936490250696385,0.2999999999999991,0.2999999999999947
all_zero,0.01,-0.02,282,-1.9999999999999463,9.910560616838169e-26,True,0,0.13042899999999982,0.10250699999999936,0.03912869999999983,0.03075209999999927,0.9936490250696385,0.2999999999999991,0.2999999999999947
all_zero,0.01,-0.02,283,-1.9999999999999463,9.910560616838169e-26,True,0,0.13042899999999982,0.10250699999999936,0.03912869999999983,0.03075209999999927,0.9936490250696385,0.2999999999999991,0.2999999999999947
all_zero,0.01,-0.02,284,-1.9999999999999463,9.910560616838169e-26,True,0,0.13042899999999982,0.10250699999999936,0.03912869999999983,0.03075209999999927,0.9936490250696385,0.2999999999999991,0.2999999999999947
all_zero,0.01,-0.02,285,-1.9999999999999463,9.910560616838169e-26,True,0,0.13042899999999982,0.10250699999999936,0.03912869999999983,0.03075209999999927,0.9936490250696385,0.2999999999999991,0.2999999999999947
all_zero,0.01,-0.02,286,-1.9999999999999463,9.910560616838169e-26,True,0,0.13042899999999982,0.10250699999999936,0.03912869999999983,0.03075209999999927,0.9936490250696385,0.2999999999999991,0.2999999999999947
all_zero,0.01,-0.02,287,-1.9999999999999463,9.910560616838169e-26,True,0,0.13042899999999982,0.10250699999999936,0.03912869999999983,0.03075209999999927,0.9936490250696385,0.2999999999999991,0.2999999999999947
all_zero,0.01,-0.02,288,-1.9999999999999463,9.910560616838169e-26,True,0,0.13042899999999982,0.10250699999999936,0.03912869999999983,0.03075209999999927,0.9936490250696385,0.2999999999999991,0.2999999999999947
all_zero,0.01,-0.02,289,-1.9999999999999463,9.910560616838169e-26,True,0,0.13042899999999982,0.10250699999999936,0.03912869999999983,0.03075209999999927,0.9936490250696385,0.2999999999999991,0.2999999999999947
all_zero,0.01,-0.02,290,-1.9999999999999463,9.910560616838169e-26,True,0,0.13042899999999982,0.10250699999999936,0.03912869999999983,0.03075209999999927,0.9936490250696385,0.2999999999999991,0.2999999999999947
all_zero,0.01,-0.02,291,-1.9999999999999463,9.910560616838169e-26,True,0,0.13042899999999982,0.10250699999999936,0.03912869999999983,0.03075209999999927,0.9936490250696385,0.2999999999999991,0.2999999999999947
all_zero,0.01,-0.02,292,-1.9999999999999463,9.910560616838169e-26,True,0,0.13042899999999982,0.10250699999999936,0.03912869999999983,0.03075209999999927,0.9936490250696385,0.2999999999999991,0.2999999999999947
all_zero,0.01,-0.02,293,-1.9999999999999463,9.910560616838169e-26,True,0,0.13042899999999982,0.10250699999999936,0.03912869999999983,0.03075209999999927,0.9936490250696385,0.2999999999999991,0.2999999999999947
all_zero,0.01,-0.02,294,-1.9999999999999463,9.910560616838169e-26,True,0,0.13042899999999982,0.10250699999999936,0.03912869999999983,0.03075209999999927,0.9936490250696385,0.2999999999999991,0.2999999999999947
all_zero,0.01,-0.02,295,-1.9999999999999463,9.910560616838169e-26,True,0,0.13042899999999982,0.10250699999999936,0.03912869999999983,0.03075209999999927,0.9936490250696385,0.2999999999999991,0.2999999999999947
all_zero,0.01,-0.02,296,-1.9999999999999463,9.910560616838169e-26,True,0,0.13042899999999982,0.10250699999999936,0.03912869999999983,0.03075209999999927,0.9936490250696385,0.2999999999999991,0.2999999999999947
all_zero,0.01,-0.02,297,-1.9999999999999463,9.910560616838169e-26,True,0,0.13042899999999982,0.10250699999999936,0.03912869999999983,0.03075209999999927,0.9936490250696385,0.2999999999999991,0.2999999999999947
all_zero,0.01,-0.02,298,-1.9999999999999463,9.910560616838169e-26,True,0,0.13042899999999982,0.10250699999999936,0.03912869999999983,0.03075209999999927,0.9936490250696385,0.2999999999999991,0.2999999999999947
all_zero,0.01,-0.02,299,-1.9999999999999463,9.910560616838169e-26,True,0,0.13042899999999982,0.10250699999999936,0.03912869999999983,0.03075209999999927,0.9936490250696385,0.2999999999999991,0.2999999999999947
all_zero,0.01,-0.02,300,-1.9999999999999463,9.910560616838169e-26,True,0,0.13042899999999982,0.10250699999999936,0.03912869999999983,0.03075209999999927,0.9936490250696385,0.2999999999999991,0.2999999999999947
all_zero,0.01,-0.02,301,-1.9999999999999463,9.910560616838169e-26,True,0,0.13042899999999982,0.10250699999999936,0.03912869999999983,0.03075209999999927,0.9936490250696385,0.2999999999999991,0.2999999999999947
all_zero,0.01,-0.02,302,-1.9999999999999463,9.910560616838169e-26,True,0,0.13042899999999982,0.10250699999999936,0.03912869999999983,0.03075209999999927,0.9936490250696385,0.2999999999999991,0.2999999999999947
all_zero,0.01,-0.02,303,-1.9999999999999463,9.910560616838169e-26,True,0,0.13042899999999982,0.10250699999999936,0.03912869999999983,0.03075209999999927,0.9936490250696385,0.2999999999999991,0.2999999999999947
all_zero,0.01,-0.02,304,-1.9999999999999463,9.910560616838169e-26,True,0,0.13042899999999982,0.10250699999999936,0.03912869999999983,0.03075209999999927,0.9936490250696385,0.2999999999999991,0.2999999999999947
all_zero,0.01,-0.02,305,-1.9999999999999463,9.910560616838169e-26,True,0,0.13042899999999982,0.10250699999999936,0.03912869999999983,0.03075209999999927,0.9936490250696385,0.2999999999999991,0.2999999999999947
all_zero,0.01,-0.02,306,-1.9999999999999463,9.910560616838169e-26,True,0,0.13042899999999982,0.10250699999999936,0.03912869999999983,0.03075209999999927,0.9936490250696385,0.2999999999999991,0.2999999999999947
all_zero,0.01,-0.02,307,-1.9999999999999463,9.910560616838169e-26,True,0,0.13042899999999982,0.10250699999999936,0.03912869999999983,0.03075209999999927,0.9936490250696385,0.2999999999999991,0.2999999999999947
all_zero,0.01,-0.02,308,-1.9999999999999463,9.910560616838169e-26,True,0,0.13042899999999982,0.10250699999999936,0.03912869999999983,0.03075209999999927,0.9936490250696385,0.2999999999999991,0.2999999999999947
all_zero,0.01,-0.02,309,-1.9999999999999463,9.910560616838169e-26,True,0,0.13042899999999982,0.10250699999999936,0.03912869999999983,0.03075209999999927,0.9936490250696385,0.2999999999999991,0.2999999999999947
all_zero,0.01,-0.02,310,-1.9999999999999463,9.910560616838169e-26,True,0,0.13042899999999982,0.10250699999999936,0.03912869999999983,0.03075209999999927,0.9936490250696385,0.2999999999999991,0.2999999999999947
all_zero,0.01,-0.02,311,-1.9999999999999463,9.910560616838169e-26,True,0,0.13042899999999982,0.10250699999999936,0.03912869999999983,0.03075209999999927,0.9936490250696385,0.2999999999999991,0.2999999999999947
all_zero,0.01,-0.02,312,-1.9999999999999463,9.910560616838169e-26,True,0,0.13042899999999982,0.10250699999999936,0.03912869999999983,0.03075209999999927,0.9936490250696385,0.2999999999999991,0.2999999999999947
all_zero,0.01,-0.02,313,-1.9999999999999463,9.910560616838169e-26,True,0,0.13042899999999982,0.10250699999999936,0.03912869999999983,0.03075209999999927,0.9936490250696385,0.2999999999999991,0.2999999999999947
all_zero,0.01,-0.02,314,-1.9999999999999463,9.910560616838169e-26,True,0,0.13042899999999982,0.10250699999999936,0.03912869999999983,0.03075209999999927,0.9936490250696385,0.2999999999999991,0.2999999999999947
all_zero,0.01,-0.02,315,-1.9999999999999463,9.910560616838169e-26,True,0,0.13042899999999982,0.10250699999999936,0.03912869999999983,0.03075209999999927,0.9936490250696385,0.2999999999999991,0.2999999999999947
all_zero,0.01,-0.02,316,-1.9999999999999463,9.910560616838169e-26,True,0,0.13042899999999982,0.10250699999999936,0.03912869999999983,0.03075209999999927,0.9936490250696385,0.2999999999999991,0.2999999999999947
all_zero,0.01,-0.02,317,-1.9999999999999463,9.910560616838169e-26,True,0,0.13042899999999982,0.10250699999999936,0.03912869999999983,0.03075209999999927,0.9936490250696385,0.2999999999999991,0.2999999999999947
all_zero,0.01,-0.02,318,-1.9999999999999463,9.910560616838169e-26,True,0,0.13042899999999982,0.10250699999999936,0.03912869999999983,0.03075209999999927,0.9936490250696385,0.2999999999999991,0.2999999999999947
all_zero,0.01,-0.02,319,-1.9999999999999463,9.910560616838169e-26,True,0,0.13042899999999982,0.10250699999999936,0.03912869999999983,0.03075209999999927,0.9936490250696385,0.2999999999999991,0.2999999999999947
all_zero,0.01,-0.02,320,-1.9999999999999463,9.910560616838169e-26,True,0,0.13042899999999982,0.10250699999999936,0.03912869999999983,0.03075209999999927,0.9936490250696385,0.2999999999999991,0.2999999999999947
all_zero,0.01,-0.02,321,-1.9999999999999463,9.910560616838169e-26,True,0,0.13042899999999982,0.10250699999999936,0.03912869999999983,0.03075209999999927,0.9936490250696385,0.2999999999999991,0.2999999999999947
all_zero,0.01,-0.02,322,-1.9999999999999463,9.910560616838169e-26,True,0,0.13042899999999982,0.10250699999999936,0.03912869999999983,0.03075209999999927,0.9936490250696385,0.2999999999999991,0.2999999999999947
all_zero,0.01,-0.02,323,-1.9999999999999463,9.910560616838169e-26,True,0,0.13042899999999982,0.10250699999999936,0.03912869999999983,0.03075209999999927,0.9936490250696385,0.2999999999999991,0.2999999999999947
all_zero,0.01,-0.02,324,-1.9999999999999463,9.910560616838169e-26,True,0,0.13042899999999982,0.10250699999999936,0.03912869999999983,0.03075209999999927,0.9936490250696385,0.2999999999999991,0.2999999999999947
all_zero,0.01,-0.02,325,-1.9999999999999463,9.910560616838169e-26,True,0,0.13042899999999982,0.10250699999999936,0.03912869999999983,0.03075209999999927,0.9936490250696385,0.2999999999999991,0.2999999999999947
all_zero,0.01,-0.02,326,-1.9999999999999463,9.910560616838169e-26,True,0,0.13042899999999982,0.10250699999999936,0.03912869999999983,0.03075209999999927,0.9936490250696385,0.2999999999999991,0.2999999999999947
all_zero,0.01,-0.02,327,-1.9999999999999463,9.910560616838169e-26,True,0,0.13042899999999982,0.10250699999999936,0.03912869999999983,0.03075209999999927,0.9936490250696385,0.2999999999999991,0.2999999999999947
all_zero,0.01,-0.02,328,-1.9999999999999463,9.910560616838169e-26,True,0,0.13042899999999982,0.10250699999999936,0.03912869999999983,0.03075209999999927,0.9936490250696385,0.2999999999999991,0.2999999999999947
all_zero,0.01,-0.02,329,-1.9999999999999463,9.910560616838169e-26,True,0,0.13042899999999982,0.10250699999999936,0.03912869999999983,0.03075209999999927,0.9936490250696385,0.2999999999999991,0.2999999999999947
all_zero,0.01,-0.02,330,-1.9999999999999463,9.910560616838169e-26,True,0,0.13042899999999982,0.10250699999999936,0.03912869999999983,0.03075209999999927,0.9936490250696385,0.2999999999999991,0.2999999999999947
all_zero,0.01,-0.02,331,-1.9999999999999463,9.910560616838169e-26,True,0,0.13042899999999982,0.10250699999999936,0.03912869999999983,0.03075209999999927,0.9936490250696385,0.2999999999999991,0.2999999999999947
all_zero,0.01,-0.02,332,-1.9999999999999463,9.910560616838169e-26,True,0,0.13042899999999982,0.10250699999999936,0.03912869999999983,0.03075209999999927,0.9936490250696385,0.2999999999999991,0.2999999999999947
all_zero,0.01,-0.02,333,-1.9999999999999463,9.910560616838169e-26,True,0,0.13042899999999982,0.10250699999999936,0.03912869999999983,0.03075209999999927,0.9936490250696385,0.2999999999999991,0.2999999999999947
all_zero,0.01,-0.02,334,-1.9999999999999463,9.910560616838169e-26,True,0,0.13042899999999982,0.10250699999999936,0.03912869999999983,0.03075209999999927,0.9936490250696385,0.2999999999999991,0.2999999999999947
all_zero,0.01,-0.02,335,-1.9999999999999463,9.910560616838169e-26,True,0,0.13042899999999982,0.10250699999999936,0.03912869999999983,0.03075209999999927,0.9936490250696385,0.2999999999999991,0.2999999999999947
all_zero,0.01,-0.02,336,-1.9999999999999463,9.910560616838169e-26,True,0,0.13042899999999982,0.10250699999999936,0.03912869999999983,0.03075209999999927,0.9936490250696385,0.2999999999999991,0.2999999999999947
all_zero,0.01,-0.02,337,-1.9999999999999463,9.910560616838169e-26,True,0,0.13042899999999982,0.10250699999999936,0.03912869999999983,0.03075209999999927,0.9936490250696385,0.2999999999999991,0.2999999999999947
all_zero,0.01,-0.02,338,-1.9999999999999463,9.910560616838169e-26,True,0,0.13042899999999982,0.10250699999999936,0.03912869999999983,0.03075209999999927,0.9936490250696385,0.2999999999999991,0.2999999999999947
all_zero,0.01,-0.02,339,-1.9999999999999463,9.910560616838169e-26,True,0,0.13042899999999982,0.10250699999999936,0.03912869999999983,0.03075209999999927,0.9936490250696385,0.2999999999999991,0.2999999999999947
all_zero,0.01,-0.02,340,-1.9999999999999463,9.910560616838169e-26,True,0,0.13042899999999982,0.10250699999999936,0.03912869999999983,0.03075209999999927,0.9936490250696385,0.2999999999999991,0.2999999999999947
all_zero,0.01,-0.02,341,-1.9999999999999463,9.910560616838169e-26,True,0,0.13042899999999982,0.10250699999999936,0.03912869999999983,0.03075209999999927,0.9936490250696385,0.2999999999999991,0.2999999999999947
all_zero,0.01,-0.02,342,-1.9999999999999463,9.910560616838169e-26,True,0,0.13042899999999982,0.10250699999999936,0.03912869999999983,0.03075209999999927,0.9936490250696385,0.2999999999999991,0.2999999999999947
all_zero,0.01,-0.02,343,-1.9999999999999463,9.910560616838169e-26,True,0,0.13042899999999982,0.10250699999999936,0.03912869999999983,0.03075209999999927,0.9936490250696385,0.2999999999999991,0.2999999999999947
all_zero,0.01,-0.02,344,-1.9999999999999463,9.910560616838169e-26,True,0,0.13042899999999982,0.10250699999999936,0.03912869999999983,0.03075209999999927,0.9936490250696385,0.2999999999999991,0.2999999999999947
all_zero,0.01,-0.02,345,-1.9999999999999463,9.910560616838169e-26,True,0,0.13042899999999982,0.10250699999999936,0.03912869999999983,0.03075209999999927,0.9936490250696385,0.2999999999999991,0.2999999999999947
all_zero,0.01,-0.02,346,-1.9999999999999463,9.910560616838169e-26,True,0,0.13042899999999982,0.10250699999999936,0.03912869999999983,0.03075209999999927,0.9936490250696385,0.2999999999999991,0.2999999999999947
all_zero,0.01,-0.02,347,-1.9999999999999463,9.910560616838169e-26,True,0,0.13042899999999982,0.10250699999999936,0.03912869999999983,0.03075209999999927,0.9936490250696385,0.2999999999999991,0.2999999999999947
all_zero,0.01,-0.02,348,-1.9999999999999463,9.910560616838169e-26,True,0,0.13042899999999982,0.10250699999999936,0.03912869999999983,0.03075209999999927,0.9936490250696385,0.2999999999999991,0.2999999999999947
all_zero,0.01,-0.02,349,-1.9999999999999463,9.910560616838169e-26,True,0,0.13042899999999982,0.10250699999999936,0.03912869999999983,0.03075209999999927,0.9936490250696385,0.2999999999999991,0.2999999999999947
all_zero,0.01,-0.02,350,-1.9999999999999463,9.910560616838169e-26,True,0,0.13042899999999982,0.10250699999999936,0.03912869999999983,0.03075209999999927,0.9936490250696385,0.2999999999999991,0.2999999999999947
all_zero,0.01,-0.02,351,-1.9999999999999463,9.910560616838169e-26,True,0,0.13042899999999982,0.10250699999999936,0.03912869999999983,0.03075209999999927,0.9936490250696385,0.2999999999999991,0.2999999999999947
all_zero,0.01,-0.02,352,-1.9999999999999463,9.910560616838169e-26,True,0,0.13042899999999982,0.10250699999999936,0.03912869999999983,0.03075209999999927,0.9936490250696385,0.2999999999999991,0.2999999999999947
all_zero,0.01,-0.02,353,-1.9999999999999463,9.910560616838169e-26,True,0,0.13042899999999982,0.10250699999999936,0.03912869999999983,0.03075209999999927,0.9936490250696385,0.2999999999999991,0.2999999999999947
all_zero,0.01,-0.02,354,-1.9999999999999463,9.910560616838169e-26,True,0,0.13042899999999982,0.10250699999999936,0.03912869999999983,0.03075209999999927,0.9936490250696385,0.2999999999999991,0.2999999999999947
all_zero,0.01,-0.02,355,-1.9999999999999463,9.910560616838169e-26,True,0,0.13042899999999982,0.10250699999999936,0.03912869999999983,0.03075209999999927,0.9936490250696385,0.2999999999999991,0.2999999999999947
all_zero,0.01,-0.02,356,-1.9999999999999463,9.910560616838169e-26,True,0,0.13042899999999982,0.10250699999999936,0.03912869999999983,0.03075209999999927,0.9936490250696385,0.2999999999999991,0.2999999999999947
all_zero,0.01,-0.02,357,-1.9999999999999463,9.910560616838169e-26,True,0,0.13042899999999982,0.10250699999999936,0.03912869999999983,0.03075209999999927,0.9936490250696385,0.2999999999999991,0.2999999999999947
all_zero,0.01,-0.02,358,-1.9999999999999463,9.910560616838169e-26,True,0,0.13042899999999982,0.10250699999999936,0.03912869999999983,0.03075209999999927,0.9936490250696385,0.2999999999999991,0.2999999999999947
all_zero,0.01,-0.02,359,-1.9999999999999463,9.910560616838169e-26,True,0,0.13042899999999982,0.10250699999999936,0.03912869999999983,0.03075209999999927,0.9936490250696385,0.2999999999999991,0.2999999999999947
all_zero,0.01,-0.02,360,-1.9999999999999463,9.910560616838169e-26,True,0,0.13042899999999982,0.10250699999999936,0.03912869999999983,0.03075209999999927,0.9936490250696385,0.2999999999999991,0.2999999999999947
all_zero,0.01,-0.02,361,-1.9999999999999463,9.910560616838169e-26,True,0,0.13042899999999982,0.10250699999999936,0.03912869999999983,0.03075209999999927,0.9936490250696385,0.2999999999999991,0.2999999999999947
all_zero,0.01,-0.02,362,-1.9999999999999463,9.910560616838169e-26,True,0,0.13042899999999982,0.10250699999999936,0.03912869999999983,0.03075209999999927,0.9936490250696385,0.2999999999999991,0.2999999999999947
all_zero,0.01,-0.02,363,-1.9999999999999463,9.910560616838169e-26,True,0,0.13042899999999982,0.10250699999999936,0.03912869999999983,0.03075209999999927,0.9936490250696385,0.2999999999999991,0.2999999999999947
all_zero,0.01,-0.02,364,-1.9999999999999463,9.910560616838169e-26,True,0,0.13042899999999982,0.10250699999999936,0.03912869999999983,0.03075209999999927,0.9936490250696385,0.2999999999999991,0.2999999999999947
all_zero,0.01,-0.02,365,-1.9999999999999463,9.910560616838169e-26,True,0,0.13042899999999982,0.10250699999999936,0.03912869999999983,0.03075209999999927,0.9936490250696385,0.2999999999999991,0.2999999999999947
all_zero,0.01,-0.02,366,-1.9999999999999463,9.910560616838169e-26,True,0,0.13042899999999982,0.10250699999999936,0.03912869999999983,0.03075209999999927,0.9936490250696385,0.2999999999999991,0.2999999999999947
all_zero,0.01,-0.02,367,-1.9999999999999463,9.910560616838169e-26,True,0,0.13042899999999982,0.10250699999999936,0.03912869999999983,0.03075209999999927,0.9936490250696385,0.2999999999999991,0.2999999999999947
all_zero,0.01,-0.02,368,-1.9999999999999463,9.910560616838169e-26,True,0,0.13042899999999982,0.10250699999999936,0.03912869999999983,0.03075209999999927,0.9936490250696385,0.2999999999999991,0.2999999999999947
all_zero,0.01,-0.02,369,-1.9999999999999463,9.910560616838169e-26,True,0,0.13042899999999982,0.10250699999999936,0.03912869999999983,0.03075209999999927,0.9936490250696385,0.2999999999999991,0.2999999999999947
all_zero,0.01,-0.02,370,-1.9999999999999463,9.910560616838169e-26,True,0,0.13042899999999982,0.10250699999999936,0.03912869999999983,0.03075209999999927,0.9936490250696385,0.2999999999999991,0.2999999999999947
all_zero,0.01,-0.02,371,-1.9999999999999463,9.910560616838169e-26,True,0,0.13042899999999982,0.10250699999999936,0.03912869999999983,0.03075209999999927,0.9936490250696385,0.2999999999999991,0.2999999999999947
all_zero,0.01,-0.02,372,-1.9999999999999463,9.910560616838169e-26,True,0,0.13042899999999982,0.10250699999999936,0.03912869999999983,0.03075209999999927,0.9936490250696385,0.2999999999999991,0.2999999999999947
all_zero,0.01,-0.02,373,-1.9999999999999463,9.910560616838169e-26,True,0,0.13042899999999982,0.10250699999999936,0.03912869999999983,0.03075209999999927,0.9936490250696385,0.2999999999999991,0.2999999999999947
all_zero,0.01,-0.02,374,-1.9999999999999463,9.910560616838169e-26,True,0,0.13042899999999982,0.10250699999999936,0.03912869999999983,0.03075209999999927,0.9936490250696385,0.2999999999999991,0.2999999999999947
all_zero,0.01,-0.02,375,-1.9999999999999463,9.910560616838169e-26,True,0,0.13042899999999982,0.10250699999999936,0.03912869999999983,0.03075209999999927,0.9936490250696385,0.2999999999999991,0.2999999999999947
all_zero,0.01,-0.02,376,-1.9999999999999463,9.910560616838169e-26,True,0,0.13042899999999982,0.10250699999999936,0.03912869999999983,0.03075209999999927,0.9936490250696385,0.2999999999999991,0.2999999999999947
all_zero,0.01,-0.02,377,-1.9999999999999463,9.910560616838169e-26,True,0,0.13042899999999982,0.10250699999999936,0.03912869999999983,0.03075209999999927,0.9936490250696385,0.2999999999999991,0.2999999999999947
all_zero,0.01,-0.02,378,-1.9999999999999463,9.910560616838169e-26,True,0,0.13042899999999982,0.10250699999999936,0.03912869999999983,0.03075209999999927,0.9936490250696385,0.2999999999999991,0.2999999999999947
all_zero,0.01,-0.02,379,-1.9999999999999463,9.910560616838169e-26,True,0,0.13042899999999982,0.10250699999999936,0.03912869999999983,0.03075209999999927,0.9936490250696385,0.2999999999999991,0.2999999999999947
all_zero,0.01,-0.02,380,-1.9999999999999463,9.910560616838169e-26,True,0,0.13042899999999982,0.10250699999999936,0.03912869999999983,0.03075209999999927,0.9936490250696385,0.2999999999999991,0.2999999999999947
all_zero,0.01,-0.02,381,-1.9999999999999463,9.910560616838169e-26,True,0,0.13042899999999982,0.10250699999999936,0.03912869999999983,0.03075209999999927,0.9936490250696385,0.2999999999999991,0.2999999999999947
all_zero,0.01,-0.02,382,-1.9999999999999463,9.910560616838169e-26,True,0,0.13042899999999982,0.10250699999999936,0.03912869999999983,0.03075209999999927,0.9936490250696385,0.2999999999999991,0.2999999999999947
all_zero,0.01,-0.02,383,-1.9999999999999463,9.910560616838169e-26,True,0,0.13042899999999982,0.10250699999999936,0.03912869999999983,0.03075209999999927,0.9936490250696385,0.2999999999999991,0.2999999999999947
all_zero,0.01,-0.02,384,-1.9999999999999463,9.910560616838169e-26,True,0,0.13042899999999982,0.10250699999999936,0.03912869999999983,0.03075209999999927,0.9936490250696385,0.2999999999999991,0.2999999999999947
all_zero,0.01,-0.02,385,-1.9999999999999463,9.910560616838169e-26,True,0,0.13042899999999982,0.10250699999999936,0.03912869999999983,0.03075209999999927,0.9936490250696385,0.2999999999999991,0.2999999999999947
all_zero,0.01,-0.02,386,-1.9999999999999463,9.910560616838169e-26,True,0,0.13042899999999982,0.10250699999999936,0.03912869999999983,0.03075209999999927,0.9936490250696385,0.2999999999999991,0.2999999999999947
all_zero,0.01,-0.02,387,-1.9999999999999463,9.910560616838169e-26,True,0,0.13042899999999982,0.10250699999999936,0.03912869999999983,0.03075209999999927,0.9936490250696385,0.2999999999999991,0.2999999999999947
all_zero,0.01,-0.02,388,-1.9999999999999463,9.910560616838169e-26,True,0,0.13042899999999982,0.10250699999999936,0.03912869999999983,0.03075209999999927,0.9936490250696385,0.2999999999999991,0.2999999999999947
all_zero,0.01,-0.02,389,-1.9999999999999463,9.910560616838169e-26,True,0,0.13042899999999982,0.10250699999999936,0.03912869999999983,0.03075209999999927,0.9936490250696385,0.2999999999999991,0.2999999999999947
all_zero,0.01,-0.02,390,-1.9999999999999463,9.910560616838169e-26,True,0,0.13042899999999982,0.10250699999999936,0.03912869999999983,0.03075209999999927,0.9936490250696385,0.2999999999999991,0.2999999999999947
all_zero,0.01,-0.02,391,-1.9999999999999463,9.910560616838169e-26,True,0,0.13042899999999982,0.10250699999999936,0.03912869999999983,0.03075209999999927,0.9936490250696385,0.2999999999999991,0.2999999999999947
all_zero,0.01,-0.02,392,-1.9999999999999463,9.910560616838169e-26,True,0,0.13042899999999982,0.10250699999999936,0.03912869999999983,0.03075209999999927,0.9936490250696385,0.2999999999999991,0.2999999999999947
all_zero,0.01,-0.02,393,-1.9999999999999463,9.910560616838169e-26,True,0,0.13042899999999982,0.10250699999999936,0.03912869999999983,0.03075209999999927,0.9936490250696385,0.2999999999999991,0.2999999999999947
all_zero,0.01,-0.02,394,-1.9999999999999463,9.910560616838169e-26,True,0,0.13042899999999982,0.10250699999999936,0.03912869999999983,0.03075209999999927,0.9936490250696385,0.2999999999999991,0.2999999999999947
all_zero,0.01,-0.02,395,-1.9999999999999463,9.910560616838169e-26,True,0,0.13042899999999982,0.10250699999999936,0.03912869999999983,0.03075209999999927,0.9936490250696385,0.2999999999999991,0.2999999999999947
all_zero,0.01,-0.02,396,-1.9999999999999463,9.910560616838169e-26,True,0,0.13042899999999982,0.10250699999999936,0.03912869999999983,0.03075209999999927,0.9936490250696385,0.2999999999999991,0.2999999999999947
all_zero,0.01,-0.02,397,-1.9999999999999463,9.910560616838169e-26,True,0,0.13042899999999982,0.10250699999999936,0.03912869999999983,0.03075209999999927,0.9936490250696385,0.2999999999999991,0.2999999999999947
all_zero,0.01,-0.02,398,-1.9999999999999463,9.910560616838169e-26,True,0,0.13042899999999982,0.10250699999999936,0.03912869999999983,0.03075209999999927,0.9936490250696385,0.2999999999999991,0.2999999999999947
all_zero,0.01,-0.02,399,-1.9999999999999463,9.910560616838169e-26,True,0,0.13042899999999982,0.10250699999999936,0.03912869999999983,0.03075209999999927,0.9936490250696385,0.2999999999999991,0.2999999999999947
all_zero,0.01,-0.02,400,-1.9999999999999463,9.910560616838169e-26,True,0,0.13042899999999982,0.10250699999999936,0.03912869999999983,0.03075209999999927,0.9936490250696385,0.2999999999999991,0.2999999999999947
all_zero,0.01,-0.02,401,-1.9999999999999463,9.910560616838169e-26,True,0,0.13042899999999982,0.10250699999999936,0.03912869999999983,0.03075209999999927,0.9936490250696385,0.2999999999999991,0.2999999999999947
all_zero,0.01,-0.02,402,-1.9999999999999463,9.910560616838169e-26,True,0,0.13042899999999982,0.10250699999999936,0.03912869999999983,0.03075209999999927,0.9936490250696385,0.2999999999999991,0.2999999999999947
all_zero,0.01,-0.02,403,-1.9999999999999463,9.910560616838169e-26,True,0,0.13042899999999982,0.10250699999999936,0.03912869999999983,0.03075209999999927,0.9936490250696385,0.2999999999999991,0.2999999999999947
all_zero,0.01,-0.02,404,-1.9999999999999463,9.910560616838169e-26,True,0,0.13042899999999982,0.10250699999999936,0.03912869999999983,0.03075209999999927,0.9936490250696385,0.2999999999999991,0.2999999999999947
all_zero,0.01,-0.02,405,-1.9999999999999463,9.910560616838169e-26,True,0,0.13042899999999982,0.10250699999999936,0.03912869999999983,0.03075209999999927,0.9936490250696385,0.2999999999999991,0.2999999999999947
all_zero,0.01,-0.02,406,-1.9999999999999463,9.910560616838169e-26,True,0,0.13042899999999982,0.10250699999999936,0.03912869999999983,0.03075209999999927,0.9936490250696385,0.2999999999999991,0.2999999999999947
all_zero,0.01,-0.02,407,-1.9999999999999463,9.910560616838169e-26,True,0,0.13042899999999982,0.10250699999999936,0.03912869999999983,0.03075209999999927,0.9936490250696385,0.2999999999999991,0.2999999999999947
all_zero,0.01,-0.02,408,-1.9999999999999463,9.910560616838169e-26,True,0,0.13042899999999982,0.10250699999999936,0.03912869999999983,0.03075209999999927,0.9936490250696385,0.2999999999999991,0.2999999999999947
all_zero,0.01,-0.02,409,-1.9999999999999463,9.910560616838169e-26,True,0,0.13042899999999982,0.10250699999999936,0.03912869999999983,0.03075209999999927,0.9936490250696385,0.2999999999999991,0.2999999999999947
all_zero,0.01,-0.02,410,-1.9999999999999463,9.910560616838169e-26,True,0,0.13042899999999982,0.10250699999999936,0.03912869999999983,0.03075209999999927,0.9936490250696385,0.2999999999999991,0.2999999999999947
all_zero,0.01,-0.02,411,-1.9999999999999463,9.910560616838169e-26,True,0,0.13042899999999982,0.10250699999999936,0.03912869999999983,0.03075209999999927,0.9936490250696385,0.2999999999999991,0.2999999999999947
all_zero,0.01,-0.02,412,-1.9999999999999463,9.910560616838169e-26,True,0,0.13042899999999982,0.10250699999999936,0.03912869999999983,0.03075209999999927,0.9936490250696385,0.2999999999999991,0.2999999999999947
all_zero,0.01,-0.02,413,-1.9999999999999463,9.910560616838169e-26,True,0,0.13042899999999982,0.10250699999999936,0.03912869999999983,0.03075209999999927,0.9936490250696385,0.2999999999999991,0.2999999999999947
all_zero,0.01,-0.02,414,-1.9999999999999463,9.910560616838169e-26,True,0,0.13042899999999982,0.10250699999999936,0.03912869999999983,0.03075209999999927,0.9936490250696385,0.2999999999999991,0.2999999999999947
all_zero,0.01,-0.02,415,-1.9999999999999463,9.910560616838169e-26,True,0,0.13042899999999982,0.10250699999999936,0.03912869999999983,0.03075209999999927,0.9936490250696385,0.2999999999999991,0.2999999999999947
all_zero,0.01,-0.02,416,-1.9999999999999463,9.910560616838169e-26,True,0,0.13042899999999982,0.10250699999999936,0.03912869999999983,0.03075209999999927,0.9936490250696385,0.2999999999999991,0.2999999999999947
all_zero,0.01,-0.02,417,-1.9999999999999463,9.910560616838169e-26,True,0,0.13042899999999982,0.10250699999999936,0.03912869999999983,0.03075209999999927,0.9936490250696385,0.2999999999999991,0.2999999999999947
all_zero,0.01,-0.02,418,-1.9999999999999463,9.910560616838169e-26,True,0,0.13042899999999982,0.10250699999999936,0.03912869999999983,0.03075209999999927,0.9936490250696385,0.2999999999999991,0.2999999999999947
all_zero,0.01,-0.02,419,-1.9999999999999463,9.910560616838169e-26,True,0,0.13042899999999982,0.10250699999999936,0.03912869999999983,0.03075209999999927,0.9936490250696385,0.2999999999999991,0.2999999999999947
all_zero,0.01,-0.02,420,-1.9999999999999463,9.910560616838169e-26,True,0,0.13042899999999982,0.10250699999999936,0.03912869999999983,0.03075209999999927,0.9936490250696385,0.2999999999999991,0.2999999999999947
all_zero,0.01,-0.02,421,-1.9999999999999463,9.910560616838169e-26,True,0,0.13042899999999982,0.10250699999999936,0.03912869999999983,0.03075209999999927,0.9936490250696385,0.2999999999999991,0.2999999999999947
all_zero,0.01,-0.02,422,-1.9999999999999463,9.910560616838169e-26,True,0,0.13042899999999982,0.10250699999999936,0.03912869999999983,0.03075209999999927,0.9936490250696385,0.2999999999999991,0.2999999999999947
all_zero,0.01,-0.02,423,-1.9999999999999463,9.910560616838169e-26,True,0,0.13042899999999982,0.10250699999999936,0.03912869999999983,0.03075209999999927,0.9936490250696385,0.2999999999999991,0.2999999999999947
all_zero,0.01,-0.02,424,-1.9999999999999463,9.910560616838169e-26,True,0,0.13042899999999982,0.10250699999999936,0.03912869999999983,0.03075209999999927,0.9936490250696385,0.2999999999999991,0.2999999999999947
all_zero,0.01,-0.02,425,-1.9999999999999463,9.910560616838169e-26,True,0,0.13042899999999982,0.10250699999999936,0.03912869999999983,0.03075209999999927,0.9936490250696385,0.2999999999999991,0.2999999999999947
all_zero,0.01,-0.02,426,-1.9999999999999463,9.910560616838169e-26,True,0,0.13042899999999982,0.10250699999999936,0.03912869999999983,0.03075209999999927,0.9936490250696385,0.2999999999999991,0.2999999999999947
all_zero,0.01,-0.02,427,-1.9999999999999463,9.910560616838169e-26,True,0,0.13042899999999982,0.10250699999999936,0.03912869999999983,0.03075209999999927,0.9936490250696385,0.2999999999999991,0.2999999999999947
all_zero,0.01,-0.02,428,-1.9999999999999463,9.910560616838169e-26,True,0,0.13042899999999982,0.10250699999999936,0.03912869999999983,0.03075209999999927,0.9936490250696385,0.2999999999999991,0.2999999999999947
all_zero,0.01,-0.02,429,-1.9999999999999463,9.910560616838169e-26,True,0,0.13042899999999982,0.10250699999999936,0.03912869999999983,0.03075209999999927,0.9936490250696385,0.2999999999999991,0.2999999999999947
all_zero,0.01,-0.02,430,-1.9999999999999463,9.910560616838169e-26,True,0,0.13042899999999982,0.10250699999999936,0.03912869999999983,0.03075209999999927,0.9936490250696385,0.2999999999999991,0.2999999999999947
all_zero,0.01,-0.02,431,-1.9999999999999463,9.910560616838169e-26,True,0,0.13042899999999982,0.10250699999999936,0.03912869999999983,0.03075209999999927,0.9936490250696385,0.2999999999999991,0.2999999999999947
all_zero,0.01,-0.02,432,-1.9999999999999463,9.910560616838169e-26,True,0,0.13042899999999982,0.10250699999999936,0.03912869999999983,0.03075209999999927,0.9936490250696385,0.2999999999999991,0.2999999999999947
all_zero,0.01,-0.02,433,-1.9999999999999463,9.910560616838169e-26,True,0,0.13042899999999982,0.10250699999999936,0.03912869999999983,0.03075209999999927,0.9936490250696385,0.2999999999999991,0.2999999999999947
all_zero,0.01,-0.02,434,-1.9999999999999463,9.910560616838169e-26,True,0,0.13042899999999982,0.10250699999999936,0.03912869999999983,0.03075209999999927,0.9936490250696385,0.2999999999999991,0.2999999999999947
all_zero,0.01,-0.02,435,-1.9999999999999463,9.910560616838169e-26,True,0,0.13042899999999982,0.10250699999999936,0.03912869999999983,0.03075209999999927,0.9936490250696385,0.2999999999999991,0.2999999999999947
all_zero,0.01,-0.02,436,-1.9999999999999463,9.910560616838169e-26,True,0,0.13042899999999982,0.10250699999999936,0.03912869999999983,0.03075209999999927,0.9936490250696385,0.2999999999999991,0.2999999999999947
all_zero,0.01,-0.02,437,-1.9999999999999463,9.910560616838169e-26,True,0,0.13042899999999982,0.10250699999999936,0.03912869999999983,0.03075209999999927,0.9936490250696385,0.2999999999999991,0.2999999999999947
all_zero,0.01,-0.02,438,-1.9999999999999463,9.910560616838169e-26,True,0,0.13042899999999982,0.10250699999999936,0.03912869999999983,0.03075209999999927,0.9936490250696385,0.2999999999999991,0.2999999999999947
all_zero,0.01,-0.02,439,-1.9999999999999463,9.910560616838169e-26,True,0,0.13042899999999982,0.10250699999999936,0.03912869999999983,0.03075209999999927,0.9936490250696385,0.2999999999999991,0.2999999999999947
all_zero,0.01,-0.02,440,-1.9999999999999463,9.910560616838169e-26,True,0,0.13042899999999982,0.10250699999999936,0.03912869999999983,0.03075209999999927,0.9936490250696385,0.2999999999999991,0.2999999999999947
all_zero,0.01,-0.02,441,-1.9999999999999463,9.910560616838169e-26,True,0,0.13042899999999982,0.10250699999999936,0.03912869999999983,0.03075209999999927,0.9936490250696385,0.2999999999999991,0.2999999999999947
all_zero,0.01,-0.02,442,-1.9999999999999463,9.910560616838169e-26,True,0,0.13042899999999982,0.10250699999999936,0.03912869999999983,0.03075209999999927,0.9936490250696385,0.2999999999999991,0.2999999999999947
all_zero,0.01,-0.02,443,-1.9999999999999463,9.910560616838169e-26,True,0,0.13042899999999982,0.10250699999999936,0.03912869999999983,0.03075209999999927,0.9936490250696385,0.2999999999999991,0.2999999999999947
all_zero,0.01,-0.02,444,-1.9999999999999463,9.910560616838169e-26,True,0,0.13042899999999982,0.10250699999999936,0.03912869999999983,0.03075209999999927,0.9936490250696385,0.2999999999999991,0.2999999999999947
all_zero,0.01,-0.02,445,-1.9999999999999463,9.910560616838169e-26,True,0,0.13042899999999982,0.10250699999999936,0.03912869999999983,0.03075209999999927,0.9936490250696385,0.2999999999999991,0.2999999999999947
all_zero,0.01,-0.02,446,-1.9999999999999463,9.910560616838169e-26,True,0,0.13042899999999982,0.10250699999999936,0.03912869999999983,0.03075209999999927,0.9936490250696385,0.2999999999999991,0.2999999999999947
all_zero,0.01,-0.02,447,-1.9999999999999463,9.910560616838169e-26,True,0,0.13042899999999982,0.10250699999999936,0.03912869999999983,0.03075209999999927,0.9936490250696385,0.2999999999999991,0.2999999999999947
all_zero,0.01,-0.02,448,-1.9999999999999463,9.910560616838169e-26,True,0,0.13042899999999982,0.10250699999999936,0.03912869999999983,0.03075209999999927,0.9936490250696385,0.2999999999999991,0.2999999999999947
all_zero,0.01,-0.02,449,-1.9999999999999463,9.910560616838169e-26,True,0,0.13042899999999982,0.10250699999999936,0.03912869999999983,0.03075209999999927,0.9936490250696385,0.2999999999999991,0.2999999999999947
all_zero,0.01,-0.02,450,-1.9999999999999463,9.910560616838169e-26,True,0,0.13042899999999982,0.10250699999999936,0.03912869999999983,0.03075209999999927,0.9936490250696385,0.2999999999999991,0.2999999999999947
all_zero,0.01,-0.02,451,-1.9999999999999463,9.910560616838169e-26,True,0,0.13042899999999982,0.10250699999999936,0.03912869999999983,0.03075209999999927,0.9936490250696385,0.2999999999999991,0.2999999999999947
all_zero,0.01,-0.02,452,-1.9999999999999463,9.910560616838169e-26,True,0,0.13042899999999982,0.10250699999999936,0.03912869999999983,0.03075209999999927,0.9936490250696385,0.2999999999999991,0.2999999999999947
all_zero,0.01,-0.02,453,-1.9999999999999463,9.910560616838169e-26,True,0,0.13042899999999982,0.10250699999999936,0.03912869999999983,0.03075209999999927,0.9936490250696385,0.2999999999999991,0.2999999999999947
all_zero,0.01,-0.02,454,-1.9999999999999463,9.910560616838169e-26,True,0,0.13042899999999982,0.10250699999999936,0.03912869999999983,0.03075209999999927,0.9936490250696385,0.2999999999999991,0.2999999999999947
all_zero,0.01,-0.02,455,-1.9999999999999463,9.910560616838169e-26,True,0,0.13042899999999982,0.10250699999999936,0.03912869999999983,0.03075209999999927,0.9936490250696385,0.2999999999999991,0.2999999999999947
all_zero,0.01,-0.02,456,-1.9999999999999463,9.910560616838169e-26,True,0,0.13042899999999982,0.10250699999999936,0.03912869999999983,0.03075209999999927,0.9936490250696385,0.2999999999999991,0.2999999999999947
all_zero,0.01,-0.02,457,-1.9999999999999463,9.910560616838169e-26,True,0,0.13042899999999982,0.10250699999999936,0.03912869999999983,0.03075209999999927,0.9936490250696385,0.2999999999999991,0.2999999999999947
all_zero,0.01,-0.02,458,-1.9999999999999463,9.910560616838169e-26,True,0,0.13042899999999982,0.10250699999999936,0.03912869999999983,0.03075209999999927,0.9936490250696385,0.2999999999999991,0.2999999999999947
all_zero,0.01,-0.02,459,-1.9999999999999463,9.910560616838169e-26,True,0,0.13042899999999982,0.10250699999999936,0.03912869999999983,0.03075209999999927,0.9936490250696385,0.2999999999999991,0.2999999999999947
all_zero,0.01,-0.02,460,-1.9999999999999463,9.910560616838169e-26,True,0,0.13042899999999982,0.10250699999999936,0.03912869999999983,0.03075209999999927,0.9936490250696385,0.2999999999999991,0.2999999999999947
all_zero,0.01,-0.02,461,-1.9999999999999463,9.910560616838169e-26,True,0,0.13042899999999982,0.10250699999999936,0.03912869999999983,0.03075209999999927,0.9936490250696385,0.2999999999999991,0.2999999999999947
all_zero,0.01,-0.02,462,-1.9999999999999463,9.910560616838169e-26,True,0,0.13042899999999982,0.10250699999999936,0.03912869999999983,0.03075209999999927,0.9936490250696385,0.2999999999999991,0.2999999999999947
all_zero,0.01,-0.02,463,-1.9999999999999463,9.910560616838169e-26,True,0,0.13042899999999982,0.10250699999999936,0.03912869999999983,0.03075209999999927,0.9936490250696385,0.2999999999999991,0.2999999999999947
all_zero,0.01,-0.02,464,-1.9999999999999463,9.910560616838169e-26,True,0,0.13042899999999982,0.10250699999999936,0.03912869999999983,0.03075209999999927,0.9936490250696385,0.2999999999999991,0.2999999999999947
all_zero,0.01,-0.02,465,-1.9999999999999463,9.910560616838169e-26,True,0,0.13042899999999982,0.10250699999999936,0.03912869999999983,0.03075209999999927,0.9936490250696385,0.2999999999999991,0.2999999999999947
all_zero,0.01,-0.02,466,-1.9999999999999463,9.910560616838169e-26,True,0,0.13042899999999982,0.10250699999999936,0.03912869999999983,0.03075209999999927,0.9936490250696385,0.2999999999999991,0.2999999999999947
all_zero,0.01,-0.02,467,-1.9999999999999463,9.910560616838169e-26,True,0,0.13042899999999982,0.10250699999999936,0.03912869999999983,0.03075209999999927,0.9936490250696385,0.2999999999999991,0.2999999999999947
all_zero,0.01,-0.02,468,-1.9999999999999463,9.910560616838169e-26,True,0,0.13042899999999982,0.10250699999999936,0.03912869999999983,0.03075209999999927,0.9936490250696385,0.2999999999999991,0.2999999999999947
all_zero,0.01,-0.02,469,-1.9999999999999463,9.910560616838169e-26,True,0,0.13042899999999982,0.10250699999999936,0.03912869999999983,0.03075209999999927,0.9936490250696385,0.2999999999999991,0.2999999999999947
all_zero,0.01,-0.02,470,-1.9999999999999463,9.910560616838169e-26,True,0,0.13042899999999982,0.10250699999999936,0.03912869999999983,0.03075209999999927,0.9936490250696385,0.2999999999999991,0.2999999999999947
all_zero,0.01,-0.02,471,-1.9999999999999463,9.910560616838169e-26,True,0,0.13042899999999982,0.10250699999999936,0.03912869999999983,0.03075209999999927,0.9936490250696385,0.2999999999999991,0.2999999999999947
all_zero,0.01,-0.02,472,-1.9999999999999463,9.910560616838169e-26,True,0,0.13042899999999982,0.10250699999999936,0.03912869999999983,0.03075209999999927,0.9936490250696385,0.2999999999999991,0.2999999999999947
all_zero,0.01,-0.02,473,-1.9999999999999463,9.910560616838169e-26,True,0,0.13042899999999982,0.10250699999999936,0.03912869999999983,0.03075209999999927,0.9936490250696385,0.2999999999999991,0.2999999999999947
all_zero,0.01,-0.02,474,-1.9999999999999463,9.910560616838169e-26,True,0,0.13042899999999982,0.10250699999999936,0.03912869999999983,0.03075209999999927,0.9936490250696385,0.2999999999999991,0.2999999999999947
all_zero,0.01,-0.02,475,-1.9999999999999463,9.910560616838169e-26,True,0,0.13042899999999982,0.10250699999999936,0.03912869999999983,0.03075209999999927,0.9936490250696385,0.2999999999999991,0.2999999999999947
all_zero,0.01,-0.02,476,-1.9999999999999463,9.910560616838169e-26,True,0,0.13042899999999982,0.10250699999999936,0.03912869999999983,0.03075209999999927,0.9936490250696385,0.2999999999999991,0.2999999999999947
all_zero,0.01,-0.02,477,-1.9999999999999463,9.910560616838169e-26,True,0,0.13042899999999982,0.10250699999999936,0.03912869999999983,0.03075209999999927,0.9936490250696385,0.2999999999999991,0.2999999999999947
all_zero,0.01,-0.02,478,-1.9999999999999463,9.910560616838169e-26,True,0,0.13042899999999982,0.10250699999999936,0.03912869999999983,0.03075209999999927,0.9936490250696385,0.2999999999999991,0.2999999999999947
all_zero,0.01,-0.02,479,-1.9999999999999463,9.910560616838169e-26,True,0,0.13042899999999982,0.10250699999999936,0.03912869999999983,0.03075209999999927,0.9936490250696385,0.2999999999999991,0.2999999999999947
all_zero,0.01,-0.02,480,-1.9999999999999463,9.910560616838169e-26,True,0,0.13042899999999982,0.10250699999999936,0.03912869999999983,0.03075209999999927,0.9936490250696385,0.2999999999999991,0.2999999999999947
all_zero,0.01,-0.02,481,-1.9999999999999463,9.910560616838169e-26,True,0,0.13042899999999982,0.10250699999999936,0.03912869999999983,0.03075209999999927,0.9936490250696385,0.2999999999999991,0.2999999999999947
all_zero,0.01,-0.02,482,-1.9999999999999463,9.910560616838169e-26,True,0,0.13042899999999982,0.10250699999999936,0.03912869999999983,0.03075209999999927,0.9936490250696385,0.2999999999999991,0.2999999999999947
all_zero,0.01,-0.02,483,-1.9999999999999463,9.910560616838169e-26,True,0,0.13042899999999982,0.10250699999999936,0.03912869999999983,0.03075209999999927,0.9936490250696385,0.2999999999999991,0.2999999999999947
all_zero,0.01,-0.02,484,-1.9999999999999463,9.910560616838169e-26,True,0,0.13042899999999982,0.10250699999999936,0.03912869999999983,0.03075209999999927,0.9936490250696385,0.2999999999999991,0.2999999999999947
all_zero,0.01,-0.02,485,-1.9999999999999463,9.910560616838169e-26,True,0,0.13042899999999982,0.10250699999999936,0.03912869999999983,0.03075209999999927,0.9936490250696385,0.2999999999999991,0.2999999999999947
all_zero,0.01,-0.02,486,-1.9999999999999463,9.910560616838169e-26,True,0,0.13042899999999982,0.10250699999999936,0.03912869999999983,0.03075209999999927,0.9936490250696385,0.2999999999999991,0.2999999999999947
all_zero,0.01,-0.02,487,-1.9999999999999463,9.910560616838169e-26,True,0,0.13042899999999982,0.10250699999999936,0.03912869999999983,0.03075209999999927,0.9936490250696385,0.2999999999999991,0.2999999999999947
all_zero,0.01,-0.02,488,-1.9999999999999463,9.910560616838169e-26,True,0,0.13042899999999982,0.10250699999999936,0.03912869999999983,0.03075209999999927,0.9936490250696385,0.2999999999999991,0.2999999999999947
all_zero,0.01,-0.02,489,-1.9999999999999463,9.910560616838169e-26,True,0,0.13042899999999982,0.10250699999999936,0.03912869999999983,0.03075209999999927,0.9936490250696385,0.2999999999999991,0.2999999999999947
all_zero,0.01,-0.02,490,-1.9999999999999463,9.910560616838169e-26,True,0,0.13042899999999982,0.10250699999999936,0.03912869999999983,0.03075209999999927,0.9936490250696385,0.2999999999999991,0.2999999999999947
all_zero,0.01,-0.02,491,-1.9999999999999463,9.910560616838169e-26,True,0,0.13042899999999982,0.10250699999999936,0.03912869999999983,0.03075209999999927,0.9936490250696385,0.2999999999999991,0.2999999999999947
all_zero,0.01,-0.02,492,-1.9999999999999463,9.910560616838169e-26,True,0,0.13042899999999982,0.10250699999999936,0.03912869999999983,0.03075209999999927,0.9936490250696385,0.2999999999999991,0.2999999999999947
all_zero,0.01,-0.02,493,-1.9999999999999463,9.910560616838169e-26,True,0,0.13042899999999982,0.10250699999999936,0.03912869999999983,0.03075209999999927,0.9936490250696385,0.2999999999999991,0.2999999999999947
all_zero,0.01,-0.02,494,-1.9999999999999463,9.910560616838169e-26,True,0,0.13042899999999982,0.10250699999999936,0.03912869999999983,0.03075209999999927,0.9936490250696385,0.2999999999999991,0.2999999999999947
all_zero,0.01,-0.02,495,-1.9999999999999463,9.910560616838169e-26,True,0,0.13042899999999982,0.10250699999999936,0.03912869999999983,0.03075209999999927,0.9936490250696385,0.2999999999999991,0.2999999999999947
all_zero,0.01,-0.02,496,-1.9999999999999463,9.910560616838169e-26,True,0,0.13042899999999982,0.10250699999999936,0.03912869999999983,0.03075209999999927,0.9936490250696385,0.2999999999999991,0.2999999999999947
all_zero,0.01,-0.02,497,-1.9999999999999463,9.910560616838169e-26,True,0,0.13042899999999982,0.10250699999999936,0.03912869999999983,0.03075209999999927,0.9936490250696385,0.2999999999999991,0.2999999999999947
all_zero,0.01,-0.02,498,-1.9999999999999463,9.910560616838169e-26,True,0,0.13042899999999982,0.10250699999999936,0.03912869999999983,0.03075209999999927,0.9936490250696385,0.2999999999999991,0.2999999999999947
all_zero,0.01,-0.02,499,-1.9999999999999463,9.910560616838169e-26,True,0,0.13042899999999982,0.10250699999999936,0.03912869999999983,0.03075209999999927,0.9936490250696385,0.2999999999999991,0.2999999999999947
all_zero,0.01,-0.02,500,-1.9999999999999463,9.910560616838169e-26,True,0,0.13042899999999982,0.10250699999999936,0.03912869999999983,0.03075209999999927,0.9936490250696385,0.2999999999999991,0.2999999999999947
all_zero,0.01,-0.02,501,-1.9999999999999463,9.910560616838169e-26,True,0,0.13042899999999982,0.10250699999999936,0.03912869999999983,0.03075209999999927,0.9936490250696385,0.2999999999999991,0.2999999999999947
all_zero,0.01,-0.02,502,-1.9999999999999463,9.910560616838169e-26,True,0,0.13042899999999982,0.10250699999999936,0.03912869999999983,0.03075209999999927,0.9936490250696385,0.2999999999999991,0.2999999999999947
all_zero,0.01,-0.02,503,-1.9999999999999463,9.910560616838169e-26,True,0,0.13042899999999982,0.10250699999999936,0.03912869999999983,0.03075209999999927,0.9936490250696385,0.2999999999999991,0.2999999999999947
all_zero,0.01,-0.02,504,-1.9999999999999463,9.910560616838169e-26,True,0,0.13042899999999982,0.10250699999999936,0.03912869999999983,0.03075209999999927,0.9936490250696385,0.2999999999999991,0.2999999999999947
all_zero,0.01,-0.02,505,-1.9999999999999463,9.910560616838169e-26,True,0,0.13042899999999982,0.10250699999999936,0.03912869999999983,0.03075209999999927,0.9936490250696385,0.2999999999999991,0.2999999999999947
all_zero,0.01,-0.02,506,-1.9999999999999463,9.910560616838169e-26,True,0,0.13042899999999982,0.10250699999999936,0.03912869999999983,0.03075209999999927,0.9936490250696385,0.2999999999999991,0.2999999999999947
all_zero,0.01,-0.02,507,-1.9999999999999463,9.910560616838169e-26,True,0,0.13042899999999982,0.10250699999999936,0.03912869999999983,0.03075209999999927,0.9936490250696385,0.2999999999999991,0.2999999999999947
all_zero,0.01,-0.02,508,-1.9999999999999463,9.910560616838169e-26,True,0,0.13042899999999982,0.10250699999999936,0.03912869999999983,0.03075209999999927,0.9936490250696385,0.2999999999999991,0.2999999999999947
all_zero,0.01,-0.02,509,-1.9999999999999463,9.910560616838169e-26,True,0,0.13042899999999982,0.10250699999999936,0.03912869999999983,0.03075209999999927,0.9936490250696385,0.2999999999999991,0.2999999999999947
all_zero,0.01,-0.02,510,-1.9999999999999463,9.910560616838169e-26,True,0,0.13042899999999982,0.10250699999999936,0.03912869999999983,0.03075209999999927,0.9936490250696385,0.2999999999999991,0.2999999999999947
all_zero,0.01,-0.02,511,-1.9999999999999463,9.910560616838169e-26,True,0,0.13042899999999982,0.10250699999999936,0.03912869999999983,0.03075209999999927,0.9936490250696385,0.2999999999999991,0.2999999999999947
all_zero,0.01,-0.02,512,-1.9999999999999463,9.910560616838169e-26,True,0,0.13042899999999982,0.10250699999999936,0.03912869999999983,0.03075209999999927,0.9936490250696385,0.2999999999999991,0.2999999999999947
all_zero,0.01,-0.02,513,-1.9999999999999463,9.910560616838169e-26,True,0,0.13042899999999982,0.10250699999999936,0.03912869999999983,0.03075209999999927,0.9936490250696385,0.2999999999999991,0.2999999999999947
all_zero,0.01,-0.02,514,-1.9999999999999463,9.910560616838169e-26,True,0,0.13042899999999982,0.10250699999999936,0.03912869999999983,0.03075209999999927,0.9936490250696385,0.2999999999999991,0.2999999999999947
all_zero,0.01,-0.02,515,-1.9999999999999463,9.910560616838169e-26,True,0,0.13042899999999982,0.10250699999999936,0.03912869999999983,0.03075209999999927,0.9936490250696385,0.2999999999999991,0.2999999999999947
all_zero,0.01,-0.02,516,-1.9999999999999463,9.910560616838169e-26,True,0,0.13042899999999982,0.10250699999999936,0.03912869999999983,0.03075209999999927,0.9936490250696385,0.2999999999999991,0.2999999999999947
all_zero,0.01,-0.02,517,-1.9999999999999463,9.910560616838169e-26,True,0,0.13042899999999982,0.10250699999999936,0.03912869999999983,0.03075209999999927,0.9936490250696385,0.2999999999999991,0.2999999999999947
all_zero,0.01,-0.02,518,-1.9999999999999463,9.910560616838169e-26,True,0,0.13042899999999982,0.10250699999999936,0.03912869999999983,0.03075209999999927,0.9936490250696385,0.2999999999999991,0.2999999999999947
all_zero,0.01,-0.02,519,-1.9999999999999463,9.910560616838169e-26,True,0,0.13042899999999982,0.10250699999999936,0.03912869999999983,0.03075209999999927,0.9936490250696385,0.2999999999999991,0.2999999999999947
all_zero,0.01,-0.02,520,-1.9999999999999463,9.910560616838169e-26,True,0,0.13042899999999982,0.10250699999999936,0.03912869999999983,0.03075209999999927,0.9936490250696385,0.2999999999999991,0.2999999999999947
all_zero,0.01,-0.02,521,-1.9999999999999463,9.910560616838169e-26,True,0,0.13042899999999982,0.10250699999999936,0.03912869999999983,0.03075209999999927,0.9936490250696385,0.2999999999999991,0.2999999999999947
all_zero,0.01,-0.02,522,-1.9999999999999463,9.910560616838169e-26,True,0,0.13042899999999982,0.10250699999999936,0.03912869999999983,0.03075209999999927,0.9936490250696385,0.2999999999999991,0.2999999999999947
all_zero,0.01,-0.02,523,-1.9999999999999463,9.910560616838169e-26,True,0,0.13042899999999982,0.10250699999999936,0.03912869999999983,0.03075209999999927,0.9936490250696385,0.2999999999999991,0.2999999999999947
all_zero,0.01,-0.02,524,-1.9999999999999463,9.910560616838169e-26,True,0,0.13042899999999982,0.10250699999999936,0.03912869999999983,0.03075209999999927,0.9936490250696385,0.2999999999999991,0.2999999999999947
all_zero,0.01,-0.02,525,-1.9999999999999463,9.910560616838169e-26,True,0,0.13042899999999982,0.10250699999999936,0.03912869999999983,0.03075209999999927,0.9936490250696385,0.2999999999999991,0.2999999999999947
all_zero,0.01,-0.02,526,-1.9999999999999463,9.910560616838169e-26,True,0,0.13042899999999982,0.10250699999999936,0.03912869999999983,0.03075209999999927,0.9936490250696385,0.2999999999999991,0.2999999999999947
all_zero,0.01,-0.02,527,-1.9999999999999463,9.910560616838169e-26,True,0,0.13042899999999982,0.10250699999999936,0.03912869999999983,0.03075209999999927,0.9936490250696385,0.2999999999999991,0.2999999999999947
all_zero,0.01,-0.02,528,-1.9999999999999463,9.910560616838169e-26,True,0,0.13042899999999982,0.10250699999999936,0.03912869999999983,0.03075209999999927,0.9936490250696385,0.2999999999999991,0.2999999999999947
all_zero,0.01,-0.02,529,-1.9999999999999463,9.910560616838169e-26,True,0,0.13042899999999982,0.10250699999999936,0.03912869999999983,0.03075209999999927,0.9936490250696385,0.2999999999999991,0.2999999999999947
all_zero,0.01,-0.02,530,-1.9999999999999463,9.910560616838169e-26,True,0,0.13042899999999982,0.10250699999999936,0.03912869999999983,0.03075209999999927,0.9936490250696385,0.2999999999999991,0.2999999999999947
all_zero,0.01,-0.02,531,-1.9999999999999463,9.910560616838169e-26,True,0,0.13042899999999982,0.10250699999999936,0.03912869999999983,0.03075209999999927,0.9936490250696385,0.2999999999999991,0.2999999999999947
all_zero,0.01,-0.02,532,-1.9999999999999463,9.910560616838169e-26,True,0,0.13042899999999982,0.10250699999999936,0.03912869999999983,0.03075209999999927,0.9936490250696385,0.2999999999999991,0.2999999999999947
all_zero,0.01,-0.02,533,-1.9999999999999463,9.910560616838169e-26,True,0,0.13042899999999982,0.10250699999999936,0.03912869999999983,0.03075209999999927,0.9936490250696385,0.2999999999999991,0.2999999999999947
all_zero,0.01,-0.02,534,-1.9999999999999463,9.910560616838169e-26,True,0,0.13042899999999982,0.10250699999999936,0.03912869999999983,0.03075209999999927,0.9936490250696385,0.2999999999999991,0.2999999999999947
all_zero,0.01,-0.02,535,-1.9999999999999463,9.910560616838169e-26,True,0,0.13042899999999982,0.10250699999999936,0.03912869999999983,0.03075209999999927,0.9936490250696385,0.2999999999999991,0.2999999999999947
all_zero,0.01,-0.02,536,-1.9999999999999463,9.910560616838169e-26,True,0,0.13042899999999982,0.10250699999999936,0.03912869999999983,0.03075209999999927,0.9936490250696385,0.2999999999999991,0.2999999999999947
all_zero,0.01,-0.02,537,-1.9999999999999463,9.910560616838169e-26,True,0,0.13042899999999982,0.10250699999999936,0.03912869999999983,0.03075209999999927,0.9936490250696385,0.2999999999999991,0.2999999999999947
all_zero,0.01,-0.02,538,-1.9999999999999463,9.910560616838169e-26,True,0,0.13042899999999982,0.10250699999999936,0.03912869999999983,0.03075209999999927,0.9936490250696385,0.2999999999999991,0.2999999999999947
all_zero,0.01,-0.02,539,-1.9999999999999463,9.910560616838169e-26,True,0,0.13042899999999982,0.10250699999999936,0.03912869999999983,0.03075209999999927,0.9936490250696385,0.2999999999999991,0.2999999999999947
all_zero,0.01,-0.02,540,-1.9999999999999463,9.910560616838169e-26,True,0,0.13042899999999982,0.10250699999999936,0.03912869999999983,0.03075209999999927,0.9936490250696385,0.2999999999999991,0.2999999999999947
all_zero,0.01,-0.02,541,-1.9999999999999463,9.910560616838169e-26,True,0,0.13042899999999982,0.10250699999999936,0.03912869999999983,0.03075209999999927,0.9936490250696385,0.2999999999999991,0.2999999999999947
all_zero,0.01,-0.02,542,-1.9999999999999463,9.910560616838169e-26,True,0,0.13042899999999982,0.10250699999999936,0.03912869999999983,0.03075209999999927,0.9936490250696385,0.2999999999999991,0.2999999999999947
all_zero,0.01,-0.02,543,-1.9999999999999463,9.910560616838169e-26,True,0,0.13042899999999982,0.10250699999999936,0.03912869999999983,0.03075209999999927,0.9936490250696385,0.2999999999999991,0.2999999999999947
all_zero,0.01,-0.02,544,-1.9999999999999463,9.910560616838169e-26,True,0,0.13042899999999982,0.10250699999999936,0.03912869999999983,0.03075209999999927,0.9936490250696385,0.2999999999999991,0.2999999999999947
all_zero,0.01,-0.02,545,-1.9999999999999463,9.910560616838169e-26,True,0,0.13042899999999982,0.10250699999999936,0.03912869999999983,0.03075209999999927,0.9936490250696385,0.2999999999999991,0.2999999999999947
all_zero,0.01,-0.02,546,-1.9999999999999463,9.910560616838169e-26,True,0,0.13042899999999982,0.10250699999999936,0.03912869999999983,0.03075209999999927,0.9936490250696385,0.2999999999999991,0.2999999999999947
all_zero,0.01,-0.02,547,-1.9999999999999463,9.910560616838169e-26,True,0,0.13042899999999982,0.10250699999999936,0.03912869999999983,0.03075209999999927,0.9936490250696385,0.2999999999999991,0.2999999999999947
all_zero,0.01,-0.02,548,-1.9999999999999463,9.910560616838169e-26,True,0,0.13042899999999982,0.10250699999999936,0.03912869999999983,0.03075209999999927,0.9936490250696385,0.2999999999999991,0.2999999999999947
all_zero,0.01,-0.02,549,-1.9999999999999463,9.910560616838169e-26,True,0,0.13042899999999982,0.10250699999999936,0.03912869999999983,0.03075209999999927,0.9936490250696385,0.2999999999999991,0.2999999999999947
all_zero,0.01,-0.02,550,-1.9999999999999463,9.910560616838169e-26,True,0,0.13042899999999982,0.10250699999999936,0.03912869999999983,0.03075209999999927,0.9936490250696385,0.2999999999999991,0.2999999999999947
all_zero,0.01,-0.02,551,-1.9999999999999463,9.910560616838169e-26,True,0,0.13042899999999982,0.10250699999999936,0.03912869999999983,0.03075209999999927,0.9936490250696385,0.2999999999999991,0.2999999999999947
all_zero,0.01,-0.02,552,-1.9999999999999463,9.910560616838169e-26,True,0,0.13042899999999982,0.10250699999999936,0.03912869999999983,0.03075209999999927,0.9936490250696385,0.2999999999999991,0.2999999999999947
all_zero,0.01,-0.02,553,-1.9999999999999463,9.910560616838169e-26,True,0,0.13042899999999982,0.10250699999999936,0.03912869999999983,0.03075209999999927,0.9936490250696385,0.2999999999999991,0.2999999999999947
all_zero,0.01,-0.02,554,-1.9999999999999463,9.910560616838169e-26,True,0,0.13042899999999982,0.10250699999999936,0.03912869999999983,0.03075209999999927,0.9936490250696385,0.2999999999999991,0.2999999999999947
all_zero,0.01,-0.02,555,-1.9999999999999463,9.910560616838169e-26,True,0,0.13042899999999982,0.10250699999999936,0.03912869999999983,0.03075209999999927,0.9936490250696385,0.2999999999999991,0.2999999999999947
all_zero,0.01,-0.02,556,-1.9999999999999463,9.910560616838169e-26,True,0,0.13042899999999982,0.10250699999999936,0.03912869999999983,0.03075209999999927,0.9936490250696385,0.2999999999999991,0.2999999999999947
all_zero,0.01,-0.02,557,-1.9999999999999463,9.910560616838169e-26,True,0,0.13042899999999982,0.10250699999999936,0.03912869999999983,0.03075209999999927,0.9936490250696385,0.2999999999999991,0.2999999999999947
all_zero,0.01,-0.02,558,-1.9999999999999463,9.910560616838169e-26,True,0,0.13042899999999982,0.10250699999999936,0.03912869999999983,0.03075209999999927,0.9936490250696385,0.2999999999999991,0.2999999999999947
all_zero,0.01,-0.02,559,-1.9999999999999463,9.910560616838169e-26,True,0,0.13042899999999982,0.10250699999999936,0.03912869999999983,0.03075209999999927,0.9936490250696385,0.2999999999999991,0.2999999999999947
all_zero,0.01,-0.02,560,-1.9999999999999463,9.910560616838169e-26,True,0,0.13042899999999982,0.10250699999999936,0.03912869999999983,0.03075209999999927,0.9936490250696385,0.2999999999999991,0.2999999999999947
all_zero,0.01,-0.02,561,-1.9999999999999463,9.910560616838169e-26,True,0,0.13042899999999982,0.10250699999999936,0.03912869999999983,0.03075209999999927,0.9936490250696385,0.2999999999999991,0.2999999999999947
all_zero,0.01,-0.02,562,-1.9999999999999463,9.910560616838169e-26,True,0,0.13042899999999982,0.10250699999999936,0.03912869999999983,0.03075209999999927,0.9936490250696385,0.2999999999999991,0.2999999999999947
all_zero,0.01,-0.02,563,-1.9999999999999463,9.910560616838169e-26,True,0,0.13042899999999982,0.10250699999999936,0.03912869999999983,0.03075209999999927,0.9936490250696385,0.2999999999999991,0.2999999999999947
all_zero,0.01,-0.02,564,-1.9999999999999463,9.910560616838169e-26,True,0,0.13042899999999982,0.10250699999999936,0.03912869999999983,0.03075209999999927,0.9936490250696385,0.2999999999999991,0.2999999999999947
all_zero,0.01,-0.02,565,-1.9999999999999463,9.910560616838169e-26,True,0,0.13042899999999982,0.10250699999999936,0.03912869999999983,0.03075209999999927,0.9936490250696385,0.2999999999999991,0.2999999999999947
all_zero,0.01,-0.02,566,-1.9999999999999463,9.910560616838169e-26,True,0,0.13042899999999982,0.10250699999999936,0.03912869999999983,0.03075209999999927,0.9936490250696385,0.2999999999999991,0.2999999999999947
all_zero,0.01,-0.02,567,-1.9999999999999463,9.910560616838169e-26,True,0,0.13042899999999982,0.10250699999999936,0.03912869999999983,0.03075209999999927,0.9936490250696385,0.2999999999999991,0.2999999999999947
all_zero,0.01,-0.02,568,-1.9999999999999463,9.910560616838169e-26,True,0,0.13042899999999982,0.10250699999999936,0.03912869999999983,0.03075209999999927,0.9936490250696385,0.2999999999999991,0.2999999999999947
all_zero,0.01,-0.02,569,-1.9999999999999463,9.910560616838169e-26,True,0,0.13042899999999982,0.10250699999999936,0.03912869999999983,0.03075209999999927,0.9936490250696385,0.2999999999999991,0.2999999999999947
all_zero,0.01,-0.02,570,-1.9999999999999463,9.910560616838169e-26,True,0,0.13042899999999982,0.10250699999999936,0.03912869999999983,0.03075209999999927,0.9936490250696385,0.2999999999999991,0.2999999999999947
all_zero,0.01,-0.02,571,-1.9999999999999463,9.910560616838169e-26,True,0,0.13042899999999982,0.10250699999999936,0.03912869999999983,0.03075209999999927,0.9936490250696385,0.2999999999999991,0.2999999999999947
all_zero,0.01,-0.02,572,-1.9999999999999463,9.910560616838169e-26,True,0,0.13042899999999982,0.10250699999999936,0.03912869999999983,0.03075209999999927,0.9936490250696385,0.2999999999999991,0.2999999999999947
all_zero,0.01,-0.02,573,-1.9999999999999463,9.910560616838169e-26,True,0,0.13042899999999982,0.10250699999999936,0.03912869999999983,0.03075209999999927,0.9936490250696385,0.2999999999999991,0.2999999999999947
all_zero,0.01,-0.02,574,-1.9999999999999463,9.910560616838169e-26,True,0,0.13042899999999982,0.10250699999999936,0.03912869999999983,0.03075209999999927,0.9936490250696385,0.2999999999999991,0.2999999999999947
all_zero,0.01,-0.02,575,-1.9999999999999463,9.910560616838169e-26,True,0,0.13042899999999982,0.10250699999999936,0.03912869999999983,0.03075209999999927,0.9936490250696385,0.2999999999999991,0.2999999999999947
all_zero,0.01,-0.02,576,-1.9999999999999463,9.910560616838169e-26,True,0,0.13042899999999982,0.10250699999999936,0.03912869999999983,0.03075209999999927,0.9936490250696385,0.2999999999999991,0.2999999999999947
all_zero,0.01,-0.02,577,-1.9999999999999463,9.910560616838169e-26,True,0,0.13042899999999982,0.10250699999999936,0.03912869999999983,0.03075209999999927,0.9936490250696385,0.2999999999999991,0.2999999999999947
all_zero,0.01,-0.02,578,-1.9999999999999463,9.910560616838169e-26,True,0,0.13042899999999982,0.10250699999999936,0.03912869999999983,0.03075209999999927,0.9936490250696385,0.2999999999999991,0.2999999999999947
all_zero,0.01,-0.02,579,-1.9999999999999463,9.910560616838169e-26,True,0,0.13042899999999982,0.10250699999999936,0.03912869999999983,0.03075209999999927,0.9936490250696385,0.2999999999999991,0.2999999999999947
all_zero,0.01,-0.02,580,-1.9999999999999463,9.910560616838169e-26,True,0,0.13042899999999982,0.10250699999999936,0.03912869999999983,0.03075209999999927,0.9936490250696385,0.2999999999999991,0.2999999999999947
all_zero,0.01,-0.02,581,-1.9999999999999463,9.910560616838169e-26,True,0,0.13042899999999982,0.10250699999999936,0.03912869999999983,0.03075209999999927,0.9936490250696385,0.2999999999999991,0.2999999999999947
all_zero,0.01,-0.02,582,-1.9999999999999463,9.910560616838169e-26,True,0,0.13042899999999982,0.10250699999999936,0.03912869999999983,0.03075209999999927,0.9936490250696385,0.2999999999999991,0.2999999999999947
all_zero,0.01,-0.02,583,-1.9999999999999463,9.910560616838169e-26,True,0,0.13042899999999982,0.10250699999999936,0.03912869999999983,0.03075209999999927,0.9936490250696385,0.2999999999999991,0.2999999999999947
all_zero,0.01,-0.02,584,-1.9999999999999463,9.910560616838169e-26,True,0,0.13042899999999982,0.10250699999999936,0.03912869999999983,0.03075209999999927,0.9936490250696385,0.2999999999999991,0.2999999999999947
all_zero,0.01,-0.02,585,-1.9999999999999463,9.910560616838169e-26,True,0,0.13042899999999982,0.10250699999999936,0.03912869999999983,0.03075209999999927,0.9936490250696385,0.2999999999999991,0.2999999999999947
all_zero,0.01,-0.02,586,-1.9999999999999463,9.910560616838169e-26,True,0,0.13042899999999982,0.10250699999999936,0.03912869999999983,0.03075209999999927,0.9936490250696385,0.2999999999999991,0.2999999999999947
all_zero,0.01,-0.02,587,-1.9999999999999463,9.910560616838169e-26,True,0,0.13042899999999982,0.10250699999999936,0.03912869999999983,0.03075209999999927,0.9936490250696385,0.2999999999999991,0.2999999999999947
all_zero,0.01,-0.02,588,-1.9999999999999463,9.910560616838169e-26,True,0,0.13042899999999982,0.10250699999999936,0.03912869999999983,0.03075209999999927,0.9936490250696385,0.2999999999999991,0.2999999999999947
all_zero,0.01,-0.02,589,-1.9999999999999463,9.910560616838169e-26,True,0,0.13042899999999982,0.10250699999999936,0.03912869999999983,0.03075209999999927,0.9936490250696385,0.2999999999999991,0.2999999999999947
all_zero,0.01,-0.02,590,-1.9999999999999463,9.910560616838169e-26,True,0,0.13042899999999982,0.10250699999999936,0.03912869999999983,0.03075209999999927,0.9936490250696385,0.2999999999999991,0.2999999999999947
all_zero,0.01,-0.02,591,-1.9999999999999463,9.910560616838169e-26,True,0,0.13042899999999982,0.10250699999999936,0.03912869999999983,0.03075209999999927,0.9936490250696385,0.2999999999999991,0.2999999999999947
all_zero,0.01,-0.02,592,-1.9999999999999463,9.910560616838169e-26,True,0,0.13042899999999982,0.10250699999999936,0.03912869999999983,0.03075209999999927,0.9936490250696385,0.2999999999999991,0.2999999999999947
all_zero,0.01,-0.02,593,-1.9999999999999463,9.910560616838169e-26,True,0,0.13042899999999982,0.10250699999999936,0.03912869999999983,0.03075209999999927,0.9936490250696385,0.2999999999999991,0.2999999999999947
all_zero,0.01,-0.02,594,-1.9999999999999463,9.910560616838169e-26,True,0,0.13042899999999982,0.10250699999999936,0.03912869999999983,0.03075209999999927,0.9936490250696385,0.2999999999999991,0.2999999999999947
all_zero,0.01,-0.02,595,-1.9999999999999463,9.910560616838169e-26,True,0,0.13042899999999982,0.10250699999999936,0.03912869999999983,0.03075209999999927,0.9936490250696385,0.2999999999999991,0.2999999999999947
all_zero,0.01,-0.02,596,-1.9999999999999463,9.910560616838169e-26,True,0,0.13042899999999982,0.10250699999999936,0.03912869999999983,0.03075209999999927,0.9936490250696385,0.2999999999999991,0.2999999999999947
all_zero,0.01,-0.02,597,-1.9999999999999463,9.910560616838169e-26,True,0,0.13042899999999982,0.10250699999999936,0.03912869999999983,0.03075209999999927,0.9936490250696385,0.2999999999999991,0.2999999999999947
all_zero,0.01,-0.02,598,-1.9999999999999463,9.910560616838169e-26,True,0,0.13042899999999982,0.10250699999999936,0.03912869999999983,0.03075209999999927,0.9936490250696385,0.2999999999999991,0.2999999999999947
all_zero,0.01,-0.02,599,-1.9999999999999463,9.910560616838169e-26,True,0,0.13042899999999982,0.10250699999999936,0.03912869999999983,0.03075209999999927,0.9936490250696385,0.2999999999999991,0.2999999999999947
all_zero,0.01,-0.02,600,-1.9999999999999463,9.910560616838169e-26,True,0,0.13042899999999982,0.10250699999999936,0.03912869999999983,0.03075209999999927,0.9936490250696385,0.2999999999999991,0.2999999999999947
all_zero,0.01,-0.02,601,-1.9999999999999463,9.910560616838169e-26,True,0,0.13042899999999982,0.10250699999999936,0.03912869999999983,0.03075209999999927,0.9936490250696385,0.2999999999999991,0.2999999999999947
all_zero,0.01,-0.02,602,-1.9999999999999463,9.910560616838169e-26,True,0,0.13042899999999982,0.10250699999999936,0.03912869999999983,0.03075209999999927,0.9936490250696385,0.2999999999999991,0.2999999999999947
all_zero,0.01,-0.02,603,-1.9999999999999463,9.910560616838169e-26,True,0,0.13042899999999982,0.10250699999999936,0.03912869999999983,0.03075209999999927,0.9936490250696385,0.2999999999999991,0.2999999999999947
all_zero,0.01,-0.02,604,-1.9999999999999463,9.910560616838169e-26,True,0,0.13042899999999982,0.10250699999999936,0.03912869999999983,0.03075209999999927,0.9936490250696385,0.2999999999999991,0.2999999999999947
all_zero,0.01,-0.02,605,-1.9999999999999463,9.910560616838169e-26,True,0,0.13042899999999982,0.10250699999999936,0.03912869999999983,0.03075209999999927,0.9936490250696385,0.2999999999999991,0.2999999999999947
all_zero,0.01,-0.02,606,-1.9999999999999463,9.910560616838169e-26,True,0,0.13042899999999982,0.10250699999999936,0.03912869999999983,0.03075209999999927,0.9936490250696385,0.2999999999999991,0.2999999999999947
all_zero,0.01,-0.02,607,-1.9999999999999463,9.910560616838169e-26,True,0,0.13042899999999982,0.10250699999999936,0.03912869999999983,0.03075209999999927,0.9936490250696385,0.2999999999999991,0.2999999999999947
all_zero,0.01,-0.02,608,-1.9999999999999463,9.910560616838169e-26,True,0,0.13042899999999982,0.10250699999999936,0.03912869999999983,0.03075209999999927,0.9936490250696385,0.2999999999999991,0.2999999999999947
all_zero,0.01,-0.02,609,-1.9999999999999463,9.910560616838169e-26,True,0,0.13042899999999982,0.10250699999999936,0.03912869999999983,0.03075209999999927,0.9936490250696385,0.2999999999999991,0.2999999999999947
all_zero,0.01,-0.02,610,-1.9999999999999463,9.910560616838169e-26,True,0,0.13042899999999982,0.10250699999999936,0.03912869999999983,0.03075209999999927,0.9936490250696385,0.2999999999999991,0.2999999999999947
all_zero,0.01,-0.02,611,-1.9999999999999463,9.910560616838169e-26,True,0,0.13042899999999982,0.10250699999999936,0.03912869999999983,0.03075209999999927,0.9936490250696385,0.2999999999999991,0.2999999999999947
all_zero,0.01,-0.02,612,-1.9999999999999463,9.910560616838169e-26,True,0,0.13042899999999982,0.10250699999999936,0.03912869999999983,0.03075209999999927,0.9936490250696385,0.2999999999999991,0.2999999999999947
all_zero,0.01,-0.02,613,-1.9999999999999463,9.910560616838169e-26,True,0,0.13042899999999982,0.10250699999999936,0.03912869999999983,0.03075209999999927,0.9936490250696385,0.2999999999999991,0.2999999999999947
all_zero,0.01,-0.02,614,-1.9999999999999463,9.910560616838169e-26,True,0,0.13042899999999982,0.10250699999999936,0.03912869999999983,0.03075209999999927,0.9936490250696385,0.2999999999999991,0.2999999999999947
all_zero,0.01,-0.02,615,-1.9999999999999463,9.910560616838169e-26,True,0,0.13042899999999982,0.10250699999999936,0.03912869999999983,0.03075209999999927,0.9936490250696385,0.2999999999999991,0.2999999999999947
all_zero,0.01,-0.02,616,-1.9999999999999463,9.910560616838169e-26,True,0,0.13042899999999982,0.10250699999999936,0.03912869999999983,0.03075209999999927,0.9936490250696385,0.2999999999999991,0.2999999999999947
all_zero,0.01,-0.02,617,-1.9999999999999463,9.910560616838169e-26,True,0,0.13042899999999982,0.10250699999999936,0.03912869999999983,0.03075209999999927,0.9936490250696385,0.2999999999999991,0.2999999999999947
all_zero,0.01,-0.02,618,-1.9999999999999463,9.910560616838169e-26,True,0,0.13042899999999982,0.10250699999999936,0.03912869999999983,0.03075209999999927,0.9936490250696385,0.2999999999999991,0.2999999999999947
all_zero,0.01,-0.02,619,-1.9999999999999463,9.910560616838169e-26,True,0,0.13042899999999982,0.10250699999999936,0.03912869999999983,0.03075209999999927,0.9936490250696385,0.2999999999999991,0.2999999999999947
all_zero,0.01,-0.02,620,-1.9999999999999463,9.910560616838169e-26,True,0,0.13042899999999982,0.10250699999999936,0.03912869999999983,0.03075209999999927,0.9936490250696385,0.2999999999999991,0.2999999999999947
all_zero,0.01,-0.02,621,-1.9999999999999463,9.910560616838169e-26,True,0,0.13042899999999982,0.10250699999999936,0.03912869999999983,0.03075209999999927,0.9936490250696385,0.2999999999999991,0.2999999999999947
all_zero,0.01,-0.02,622,-1.9999999999999463,9.910560616838169e-26,True,0,0.13042899999999982,0.10250699999999936,0.03912869999999983,0.03075209999999927,0.9936490250696385,0.2999999999999991,0.2999999999999947
all_zero,0.01,-0.02,623,-1.9999999999999463,9.910560616838169e-26,True,0,0.13042899999999982,0.10250699999999936,0.03912869999999983,0.03075209999999927,0.9936490250696385,0.2999999999999991,0.2999999999999947
all_zero,0.01,-0.02,624,-1.9999999999999463,9.910560616838169e-26,True,0,0.13042899999999982,0.10250699999999936,0.03912869999999983,0.03075209999999927,0.9936490250696385,0.2999999999999991,0.2999999999999947
all_zero,0.01,-0.02,625,-1.9999999999999463,9.910560616838169e-26,True,0,0.13042899999999982,0.10250699999999936,0.03912869999999983,0.03075209999999927,0.9936490250696385,0.2999999999999991,0.2999999999999947
all_zero,0.01,-0.02,626,-1.9999999999999463,9.910560616838169e-26,True,0,0.13042899999999982,0.10250699999999936,0.03912869999999983,0.03075209999999927,0.9936490250696385,0.2999999999999991,0.2999999999999947
all_zero,0.01,-0.02,627,-1.9999999999999463,9.910560616838169e-26,True,0,0.13042899999999982,0.10250699999999936,0.03912869999999983,0.03075209999999927,0.9936490250696385,0.2999999999999991,0.2999999999999947
all_zero,0.01,-0.02,628,-1.9999999999999463,9.910560616838169e-26,True,0,0.13042899999999982,0.10250699999999936,0.03912869999999983,0.03075209999999927,0.9936490250696385,0.2999999999999991,0.2999999999999947
all_zero,0.01,-0.02,629,-1.9999999999999463,9.910560616838169e-26,True,0,0.13042899999999982,0.10250699999999936,0.03912869999999983,0.03075209999999927,0.9936490250696385,0.2999999999999991,0.2999999999999947
all_zero,0.01,-0.02,630,-1.9999999999999463,9.910560616838169e-26,True,0,0.13042899999999982,0.10250699999999936,0.03912869999999983,0.03075209999999927,0.9936490250696385,0.2999999999999991,0.2999999999999947
all_zero,0.01,-0.02,631,-1.9999999999999463,9.910560616838169e-26,True,0,0.13042899999999982,0.10250699999999936,0.03912869999999983,0.03075209999999927,0.9936490250696385,0.2999999999999991,0.2999999999999947
all_zero,0.01,-0.02,632,-1.9999999999999463,9.910560616838169e-26,True,0,0.13042899999999982,0.10250699999999936,0.03912869999999983,0.03075209999999927,0.9936490250696385,0.2999999999999991,0.2999999999999947
all_zero,0.01,-0.02,633,-1.9999999999999463,9.910560616838169e-26,True,0,0.13042899999999982,0.10250699999999936,0.03912869999999983,0.03075209999999927,0.9936490250696385,0.2999999999999991,0.2999999999999947
all_zero,0.01,-0.02,634,-1.9999999999999463,9.910560616838169e-26,True,0,0.13042899999999982,0.10250699999999936,0.03912869999999983,0.03075209999999927,0.9936490250696385,0.2999999999999991,0.2999999999999947
all_zero,0.01,-0.02,635,-1.9999999999999463,9.910560616838169e-26,True,0,0.13042899999999982,0.10250699999999936,0.03912869999999983,0.03075209999999927,0.9936490250696385,0.2999999999999991,0.2999999999999947
all_zero,0.01,-0.02,636,-1.9999999999999463,9.910560616838169e-26,True,0,0.13042899999999982,0.10250699999999936,0.03912869999999983,0.03075209999999927,0.9936490250696385,0.2999999999999991,0.2999999999999947
all_zero,0.01,-0.02,637,-1.9999999999999463,9.910560616838169e-26,True,0,0.13042899999999982,0.10250699999999936,0.03912869999999983,0.03075209999999927,0.9936490250696385,0.2999999999999991,0.2999999999999947
all_zero,0.01,-0.02,638,-1.9999999999999463,9.910560616838169e-26,True,0,0.13042899999999982,0.10250699999999936,0.03912869999999983,0.03075209999999927,0.9936490250696385,0.2999999999999991,0.2999999999999947
all_zero,0.01,-0.02,639,-1.9999999999999463,9.910560616838169e-26,True,0,0.13042899999999982,0.10250699999999936,0.03912869999999983,0.03075209999999927,0.9936490250696385,0.2999999999999991,0.2999999999999947
all_zero,0.01,-0.02,640,-1.9999999999999463,9.910560616838169e-26,True,0,0.13042899999999982,0.10250699999999936,0.03912869999999983,0.03075209999999927,0.9936490250696385,0.2999999999999991,0.2999999999999947
all_zero,0.01,-0.02,641,-1.9999999999999463,9.910560616838169e-26,True,0,0.13042899999999982,0.10250699999999936,0.03912869999999983,0.03075209999999927,0.9936490250696385,0.2999999999999991,0.2999999999999947
all_zero,0.01,-0.02,642,-1.9999999999999463,9.910560616838169e-26,True,0,0.13042899999999982,0.10250699999999936,0.03912869999999983,0.03075209999999927,0.9936490250696385,0.2999999999999991,0.2999999999999947
all_zero,0.01,-0.02,643,-1.9999999999999463,9.910560616838169e-26,True,0,0.13042899999999982,0.10250699999999936,0.03912869999999983,0.03075209999999927,0.9936490250696385,0.2999999999999991,0.2999999999999947
all_zero,0.01,-0.02,644,-1.9999999999999463,9.910560616838169e-26,True,0,0.13042899999999982,0.10250699999999936,0.03912869999999983,0.03075209999999927,0.9936490250696385,0.2999999999999991,0.2999999999999947
all_zero,0.01,-0.02,645,-1.9999999999999463,9.910560616838169e-26,True,0,0.13042899999999982,0.10250699999999936,0.03912869999999983,0.03075209999999927,0.9936490250696385,0.2999999999999991,0.2999999999999947
all_zero,0.01,-0.02,646,-1.9999999999999463,9.910560616838169e-26,True,0,0.13042899999999982,0.10250699999999936,0.03912869999999983,0.03075209999999927,0.9936490250696385,0.2999999999999991,0.2999999999999947
all_zero,0.01,-0.02,647,-1.9999999999999463,9.910560616838169e-26,True,0,0.13042899999999982,0.10250699999999936,0.03912869999999983,0.03075209999999927,0.9936490250696385,0.2999999999999991,0.2999999999999947
all_zero,0.01,-0.02,648,-1.9999999999999463,9.910560616838169e-26,True,0,0.13042899999999982,0.10250699999999936,0.03912869999999983,0.03075209999999927,0.9936490250696385,0.2999999999999991,0.2999999999999947
all_zero,0.01,-0.02,649,-1.9999999999999463,9.910560616838169e-26,True,0,0.13042899999999982,0.10250699999999936,0.03912869999999983,0.03075209999999927,0.9936490250696385,0.2999999999999991,0.2999999999999947
all_zero,0.01,-0.02,650,-1.9999999999999463,9.910560616838169e-26,True,0,0.13042899999999982,0.10250699999999936,0.03912869999999983,0.03075209999999927,0.9936490250696385,0.2999999999999991,0.2999999999999947
all_zero,0.01,-0.02,651,-1.9999999999999463,9.910560616838169e-26,True,0,0.13042899999999982,0.10250699999999936,0.03912869999999983,0.03075209999999927,0.9936490250696385,0.2999999999999991,0.2999999999999947
all_zero,0.01,-0.02,652,-1.9999999999999463,9.910560616838169e-26,True,0,0.13042899999999982,0.10250699999999936,0.03912869999999983,0.03075209999999927,0.9936490250696385,0.2999999999999991,0.2999999999999947
all_zero,0.01,-0.02,653,-1.9999999999999463,9.910560616838169e-26,True,0,0.13042899999999982,0.10250699999999936,0.03912869999999983,0.03075209999999927,0.9936490250696385,0.2999999999999991,0.2999999999999947
all_zero,0.01,-0.02,654,-1.9999999999999463,9.910560616838169e-26,True,0,0.13042899999999982,0.10250699999999936,0.03912869999999983,0.03075209999999927,0.9936490250696385,0.2999999999999991,0.2999999999999947
all_zero,0.01,-0.02,655,-1.9999999999999463,9.910560616838169e-26,True,0,0.13042899999999982,0.10250699999999936,0.03912869999999983,0.03075209999999927,0.9936490250696385,0.2999999999999991,0.2999999999999947
all_zero,0.01,-0.02,656,-1.9999999999999463,9.910560616838169e-26,True,0,0.13042899999999982,0.10250699999999936,0.03912869999999983,0.03075209999999927,0.9936490250696385,0.2999999999999991,0.2999999999999947
all_zero,0.01,-0.02,657,-1.9999999999999463,9.910560616838169e-26,True,0,0.13042899999999982,0.10250699999999936,0.03912869999999983,0.03075209999999927,0.9936490250696385,0.2999999999999991,0.2999999999999947
all_zero,0.01,-0.02,658,-1.9999999999999463,9.910560616838169e-26,True,0,0.13042899999999982,0.10250699999999936,0.03912869999999983,0.03075209999999927,0.9936490250696385,0.2999999999999991,0.2999999999999947
all_zero,0.01,-0.02,659,-1.9999999999999463,9.910560616838169e-26,True,0,0.13042899999999982,0.10250699999999936,0.03912869999999983,0.03075209999999927,0.9936490250696385,0.2999999999999991,0.2999999999999947
all_zero,0.01,-0.02,660,-1.9999999999999463,9.910560616838169e-26,True,0,0.13042899999999982,0.10250699999999936,0.03912869999999983,0.03075209999999927,0.9936490250696385,0.2999999999999991,0.2999999999999947
all_zero,0.01,-0.02,661,-1.9999999999999463,9.910560616838169e-26,True,0,0.13042899999999982,0.10250699999999936,0.03912869999999983,0.03075209999999927,0.9936490250696385,0.2999999999999991,0.2999999999999947
all_zero,0.01,-0.02,662,-1.9999999999999463,9.910560616838169e-26,True,0,0.13042899999999982,0.10250699999999936,0.03912869999999983,0.03075209999999927,0.9936490250696385,0.2999999999999991,0.2999999999999947
all_zero,0.01,-0.02,663,-1.9999999999999463,9.910560616838169e-26,True,0,0.13042899999999982,0.10250699999999936,0.03912869999999983,0.03075209999999927,0.9936490250696385,0.2999999999999991,0.2999999999999947
all_zero,0.01,-0.02,664,-1.9999999999999463,9.910560616838169e-26,True,0,0.13042899999999982,0.10250699999999936,0.03912869999999983,0.03075209999999927,0.9936490250696385,0.2999999999999991,0.2999999999999947
all_zero,0.01,-0.02,665,-1.9999999999999463,9.910560616838169e-26,True,0,0.13042899999999982,0.10250699999999936,0.03912869999999983,0.03075209999999927,0.9936490250696385,0.2999999999999991,0.2999999999999947
all_zero,0.01,-0.02,666,-1.9999999999999463,9.910560616838169e-26,True,0,0.13042899999999982,0.10250699999999936,0.03912869999999983,0.03075209999999927,0.9936490250696385,0.2999999999999991,0.2999999999999947
all_zero,0.01,-0.02,667,-1.9999999999999463,9.910560616838169e-26,True,0,0.13042899999999982,0.10250699999999936,0.03912869999999983,0.03075209999999927,0.9936490250696385,0.2999999999999991,0.2999999999999947
all_zero,0.01,-0.02,668,-1.9999999999999463,9.910560616838169e-26,True,0,0.13042899999999982,0.10250699999999936,0.03912869999999983,0.03075209999999927,0.9936490250696385,0.2999999999999991,0.2999999999999947
all_zero,0.01,-0.02,669,-1.9999999999999463,9.910560616838169e-26,True,0,0.13042899999999982,0.10250699999999936,0.03912869999999983,0.03075209999999927,0.9936490250696385,0.2999999999999991,0.2999999999999947
all_zero,0.01,-0.02,670,-1.9999999999999463,9.910560616838169e-26,True,0,0.13042899999999982,0.10250699999999936,0.03912869999999983,0.03075209999999927,0.9936490250696385,0.2999999999999991,0.2999999999999947
all_zero,0.01,-0.02,671,-1.9999999999999463,9.910560616838169e-26,True,0,0.13042899999999982,0.10250699999999936,0.03912869999999983,0.03075209999999927,0.9936490250696385,0.2999999999999991,0.2999999999999947
all_zero,0.01,-0.02,672,-1.9999999999999463,9.910560616838169e-26,True,0,0.13042899999999982,0.10250699999999936,0.03912869999999983,0.03075209999999927,0.9936490250696385,0.2999999999999991,0.2999999999999947
all_zero,0.01,-0.02,673,-1.9999999999999463,9.910560616838169e-26,True,0,0.13042899999999982,0.10250699999999936,0.03912869999999983,0.03075209999999927,0.9936490250696385,0.2999999999999991,0.2999999999999947
all_zero,0.01,-0.02,674,-1.9999999999999463,9.910560616838169e-26,True,0,0.13042899999999982,0.10250699999999936,0.03912869999999983,0.03075209999999927,0.9936490250696385,0.2999999999999991,0.2999999999999947
all_zero,0.01,-0.02,675,-1.9999999999999463,9.910560616838169e-26,True,0,0.13042899999999982,0.10250699999999936,0.03912869999999983,0.03075209999999927,0.9936490250696385,0.2999999999999991,0.2999999999999947
all_zero,0.01,-0.02,676,-1.9999999999999463,9.910560616838169e-26,True,0,0.13042899999999982,0.10250699999999936,0.03912869999999983,0.03075209999999927,0.9936490250696385,0.2999999999999991,0.2999999999999947
all_zero,0.01,-0.02,677,-1.9999999999999463,9.910560616838169e-26,True,0,0.13042899999999982,0.10250699999999936,0.03912869999999983,0.03075209999999927,0.9936490250696385,0.2999999999999991,0.2999999999999947
all_zero,0.01,-0.02,678,-1.9999999999999463,9.910560616838169e-26,True,0,0.13042899999999982,0.10250699999999936,0.03912869999999983,0.03075209999999927,0.9936490250696385,0.2999999999999991,0.2999999999999947
all_zero,0.01,-0.02,679,-1.9999999999999463,9.910560616838169e-26,True,0,0.13042899999999982,0.10250699999999936,0.03912869999999983,0.03075209999999927,0.9936490250696385,0.2999999999999991,0.2999999999999947
all_zero,0.01,-0.02,680,-1.9999999999999463,9.910560616838169e-26,True,0,0.13042899999999982,0.10250699999999936,0.03912869999999983,0.03075209999999927,0.9936490250696385,0.2999999999999991,0.2999999999999947
all_zero,0.01,-0.02,681,-1.9999999999999463,9.910560616838169e-26,True,0,0.13042899999999982,0.10250699999999936,0.03912869999999983,0.03075209999999927,0.9936490250696385,0.2999999999999991,0.2999999999999947
all_zero,0.01,-0.02,682,-1.9999999999999463,9.910560616838169e-26,True,0,0.13042899999999982,0.10250699999999936,0.03912869999999983,0.03075209999999927,0.9936490250696385,0.2999999999999991,0.2999999999999947
all_zero,0.01,-0.02,683,-1.9999999999999463,9.910560616838169e-26,True,0,0.13042899999999982,0.10250699999999936,0.03912869999999983,0.03075209999999927,0.9936490250696385,0.2999999999999991,0.2999999999999947
all_zero,0.01,-0.02,684,-1.9999999999999463,9.910560616838169e-26,True,0,0.13042899999999982,0.10250699999999936,0.03912869999999983,0.03075209999999927,0.9936490250696385,0.2999999999999991,0.2999999999999947
all_zero,0.01,-0.02,685,-1.9999999999999463,9.910560616838169e-26,True,0,0.13042899999999982,0.10250699999999936,0.03912869999999983,0.03075209999999927,0.9936490250696385,0.2999999999999991,0.2999999999999947
all_zero,0.01,-0.02,686,-1.9999999999999463,9.910560616838169e-26,True,0,0.13042899999999982,0.10250699999999936,0.03912869999999983,0.03075209999999927,0.9936490250696385,0.2999999999999991,0.2999999999999947
all_zero,0.01,-0.02,687,-1.9999999999999463,9.910560616838169e-26,True,0,0.13042899999999982,0.10250699999999936,0.03912869999999983,0.03075209999999927,0.9936490250696385,0.2999999999999991,0.2999999999999947
all_zero,0.01,-0.02,688,-1.9999999999999463,9.910560616838169e-26,True,0,0.13042899999999982,0.10250699999999936,0.03912869999999983,0.03075209999999927,0.9936490250696385,0.2999999999999991,0.2999999999999947
all_zero,0.01,-0.02,689,-1.9999999999999463,9.910560616838169e-26,True,0,0.13042899999999982,0.10250699999999936,0.03912869999999983,0.03075209999999927,0.9936490250696385,0.2999999999999991,0.2999999999999947
all_zero,0.01,-0.02,690,-1.9999999999999463,9.910560616838169e-26,True,0,0.13042899999999982,0.10250699999999936,0.03912869999999983,0.03075209999999927,0.9936490250696385,0.2999999999999991,0.2999999999999947
all_zero,0.01,-0.02,691,-1.9999999999999463,9.910560616838169e-26,True,0,0.13042899999999982,0.10250699999999936,0.03912869999999983,0.03075209999999927,0.9936490250696385,0.2999999999999991,0.2999999999999947
all_zero,0.01,-0.02,692,-1.9999999999999463,9.910560616838169e-26,True,0,0.13042899999999982,0.10250699999999936,0.03912869999999983,0.03075209999999927,0.9936490250696385,0.2999999999999991,0.2999999999999947
all_zero,0.01,-0.02,693,-1.9999999999999463,9.910560616838169e-26,True,0,0.13042899999999982,0.10250699999999936,0.03912869999999983,0.03075209999999927,0.9936490250696385,0.2999999999999991,0.2999999999999947
all_zero,0.01,-0.02,694,-1.9999999999999463,9.910560616838169e-26,True,0,0.13042899999999982,0.10250699999999936,0.03912869999999983,0.03075209999999927,0.9936490250696385,0.2999999999999991,0.2999999999999947
all_zero,0.01,-0.02,695,-1.9999999999999463,9.910560616838169e-26,True,0,0.13042899999999982,0.10250699999999936,0.03912869999999983,0.03075209999999927,0.9936490250696385,0.2999999999999991,0.2999999999999947
all_zero,0.01,-0.02,696,-1.9999999999999463,9.910560616838169e-26,True,0,0.13042899999999982,0.10250699999999936,0.03912869999999983,0.03075209999999927,0.9936490250696385,0.2999999999999991,0.2999999999999947
all_zero,0.01,-0.02,697,-1.9999999999999463,9.910560616838169e-26,True,0,0.13042899999999982,0.10250699999999936,0.03912869999999983,0.03075209999999927,0.9936490250696385,0.2999999999999991,0.2999999999999947
all_zero,0.01,-0.02,698,-1.9999999999999463,9.910560616838169e-26,True,0,0.13042899999999982,0.10250699999999936,0.03912869999999983,0.03075209999999927,0.9936490250696385,0.2999999999999991,0.2999999999999947
all_zero,0.01,-0.02,699,-1.9999999999999463,9.910560616838169e-26,True,0,0.13042899999999982,0.10250699999999936,0.03912869999999983,0.03075209999999927,0.9936490250696385,0.2999999999999991,0.2999999999999947
all_zero,0.01,-0.02,700,-1.9999999999999463,9.910560616838169e-26,True,0,0.13042899999999982,0.10250699999999936,0.03912869999999983,0.03075209999999927,0.9936490250696385,0.2999999999999991,0.2999999999999947
all_zero,0.01,-0.02,701,-1.9999999999999463,9.910560616838169e-26,True,0,0.13042899999999982,0.10250699999999936,0.03912869999999983,0.03075209999999927,0.9936490250696385,0.2999999999999991,0.2999999999999947
all_zero,0.01,-0.02,702,-1.9999999999999463,9.910560616838169e-26,True,0,0.13042899999999982,0.10250699999999936,0.03912869999999983,0.03075209999999927,0.9936490250696385,0.2999999999999991,0.2999999999999947
all_zero,0.01,-0.02,703,-1.9999999999999463,9.910560616838169e-26,True,0,0.13042899999999982,0.10250699999999936,0.03912869999999983,0.03075209999999927,0.9936490250696385,0.2999999999999991,0.2999999999999947
all_zero,0.01,-0.02,704,-1.9999999999999463,9.910560616838169e-26,True,0,0.13042899999999982,0.10250699999999936,0.03912869999999983,0.03075209999999927,0.9936490250696385,0.2999999999999991,0.2999999999999947
all_zero,0.01,-0.02,705,-1.9999999999999463,9.910560616838169e-26,True,0,0.13042899999999982,0.10250699999999936,0.03912869999999983,0.03075209999999927,0.9936490250696385,0.2999999999999991,0.2999999999999947
all_zero,0.01,-0.02,706,-1.9999999999999463,9.910560616838169e-26,True,0,0.13042899999999982,0.10250699999999936,0.03912869999999983,0.03075209999999927,0.9936490250696385,0.2999999999999991,0.2999999999999947
all_zero,0.01,-0.02,707,-1.9999999999999463,9.910560616838169e-26,True,0,0.13042899999999982,0.10250699999999936,0.03912869999999983,0.03075209999999927,0.9936490250696385,0.2999999999999991,0.2999999999999947
all_zero,0.01,-0.02,708,-1.9999999999999463,9.910560616838169e-26,True,0,0.13042899999999982,0.10250699999999936,0.03912869999999983,0.03075209999999927,0.9936490250696385,0.2999999999999991,0.2999999999999947
all_zero,0.01,-0.02,709,-1.9999999999999463,9.910560616838169e-26,True,0,0.13042899999999982,0.10250699999999936,0.03912869999999983,0.03075209999999927,0.9936490250696385,0.2999999999999991,0.2999999999999947
all_zero,0.01,-0.02,710,-1.9999999999999463,9.910560616838169e-26,True,0,0.13042899999999982,0.10250699999999936,0.03912869999999983,0.03075209999999927,0.9936490250696385,0.2999999999999991,0.2999999999999947
all_zero,0.01,-0.02,711,-1.9999999999999463,9.910560616838169e-26,True,0,0.13042899999999982,0.10250699999999936,0.03912869999999983,0.03075209999999927,0.9936490250696385,0.2999999999999991,0.2999999999999947
all_zero,0.01,-0.02,712,-1.9999999999999463,9.910560616838169e-26,True,0,0.13042899999999982,0.10250699999999936,0.03912869999999983,0.03075209999999927,0.9936490250696385,0.2999999999999991,0.2999999999999947
all_zero,0.01,-0.02,713,-1.9999999999999463,9.910560616838169e-26,True,0,0.13042899999999982,0.10250699999999936,0.03912869999999983,0.03075209999999927,0.9936490250696385,0.2999999999999991,0.2999999999999947
all_zero,0.01,-0.02,714,-1.9999999999999463,9.910560616838169e-26,True,0,0.13042899999999982,0.10250699999999936,0.03912869999999983,0.03075209999999927,0.9936490250696385,0.2999999999999991,0.2999999999999947
all_zero,0.01,-0.02,715,-1.9999999999999463,9.910560616838169e-26,True,0,0.13042899999999982,0.10250699999999936,0.03912869999999983,0.03075209999999927,0.9936490250696385,0.2999999999999991,0.2999999999999947
all_zero,0.01,-0.02,716,-1.9999999999999463,9.910560616838169e-26,True,0,0.13042899999999982,0.10250699999999936,0.03912869999999983,0.03075209999999927,0.9936490250696385,0.2999999999999991,0.2999999999999947
all_zero,0.01,-0.02,717,-1.9999999999999463,9.910560616838169e-26,True,0,0.13042899999999982,0.10250699999999936,0.03912869999999983,0.03075209999999927,0.9936490250696385,0.2999999999999991,0.2999999999999947
all_zero,0.01,-0.02,718,-1.9999999999999463,9.910560616838169e-26,True,0,0.13042899999999982,0.10250699999999936,0.03912869999999983,0.03075209999999927,0.9936490250696385,0.2999999999999991,0.2999999999999947
all_zero,0.01,-0.02,719,-1.9999999999999463,9.910560616838169e-26,True,0,0.13042899999999982,0.10250699999999936,0.03912869999999983,0.03075209999999927,0.9936490250696385,0.2999999999999991,0.2999999999999947
all_zero,0.01,-0.02,720,-1.9999999999999463,9.910560616838169e-26,True,0,0.13042899999999982,0.10250699999999936,0.03912869999999983,0.03075209999999927,0.9936490250696385,0.2999999999999991,0.2999999999999947
all_zero,0.01,-0.02,721,-1.9999999999999463,9.910560616838169e-26,True,0,0.13042899999999982,0.10250699999999936,0.03912869999999983,0.03075209999999927,0.9936490250696385,0.2999999999999991,0.2999999999999947
all_zero,0.01,-0.02,722,-1.9999999999999463,9.910560616838169e-26,True,0,0.13042899999999982,0.10250699999999936,0.03912869999999983,0.03075209999999927,0.9936490250696385,0.2999999999999991,0.2999999999999947
all_zero,0.01,-0.02,723,-1.9999999999999463,9.910560616838169e-26,True,0,0.13042899999999982,0.10250699999999936,0.03912869999999983,0.03075209999999927,0.9936490250696385,0.2999999999999991,0.2999999999999947
all_zero,0.01,-0.02,724,-1.9999999999999463,9.910560616838169e-26,True,0,0.13042899999999982,0.10250699999999936,0.03912869999999983,0.03075209999999927,0.9936490250696385,0.2999999999999991,0.2999999999999947
all_zero,0.01,-0.02,725,-1.9999999999999463,9.910560616838169e-26,True,0,0.13042899999999982,0.10250699999999936,0.03912869999999983,0.03075209999999927,0.9936490250696385,0.2999999999999991,0.2999999999999947
all_zero,0.01,-0.02,726,-1.9999999999999463,9.910560616838169e-26,True,0,0.13042899999999982,0.10250699999999936,0.03912869999999983,0.03075209999999927,0.9936490250696385,0.2999999999999991,0.2999999999999947
all_zero,0.01,-0.02,727,-1.9999999999999463,9.910560616838169e-26,True,0,0.13042899999999982,0.10250699999999936,0.03912869999999983,0.03075209999999927,0.9936490250696385,0.2999999999999991,0.2999999999999947
all_zero,0.01,-0.02,728,-1.9999999999999463,9.910560616838169e-26,True,0,0.13042899999999982,0.10250699999999936,0.03912869999999983,0.03075209999999927,0.9936490250696385,0.2999999999999991,0.2999999999999947
all_zero,0.01,-0.02,729,-1.9999999999999463,9.910560616838169e-26,True,0,0.13042899999999982,0.10250699999999936,0.03912869999999983,0.03075209999999927,0.9936490250696385,0.2999999999999991,0.2999999999999947
all_zero,0.01,-0.02,730,-1.9999999999999463,9.910560616838169e-26,True,0,0.13042899999999982,0.10250699999999936,0.03912869999999983,0.03075209999999927,0.9936490250696385,0.2999999999999991,0.2999999999999947
all_zero,0.01,-0.02,731,-1.9999999999999463,9.910560616838169e-26,True,0,0.13042899999999982,0.10250699999999936,0.03912869999999983,0.03075209999999927,0.9936490250696385,0.2999999999999991,0.2999999999999947
all_zero,0.01,-0.02,732,-1.9999999999999463,9.910560616838169e-26,True,0,0.13042899999999982,0.10250699999999936,0.03912869999999983,0.03075209999999927,0.9936490250696385,0.2999999999999991,0.2999999999999947
all_zero,0.01,-0.02,733,-1.9999999999999463,9.910560616838169e-26,True,0,0.13042899999999982,0.10250699999999936,0.03912869999999983,0.03075209999999927,0.9936490250696385,0.2999999999999991,0.2999999999999947
all_zero,0.01,-0.02,734,-1.9999999999999463,9.910560616838169e-26,True,0,0.13042899999999982,0.10250699999999936,0.03912869999999983,0.03075209999999927,0.9936490250696385,0.2999999999999991,0.2999999999999947
all_zero,0.01,-0.02,735,-1.9999999999999463,9.910560616838169e-26,True,0,0.13042899999999982,0.10250699999999936,0.03912869999999983,0.03075209999999927,0.9936490250696385,0.2999999999999991,0.2999999999999947
all_zero,0.01,-0.02,736,-1.9999999999999463,9.910560616838169e-26,True,0,0.13042899999999982,0.10250699999999936,0.03912869999999983,0.03075209999999927,0.9936490250696385,0.2999999999999991,0.2999999999999947
all_zero,0.01,-0.02,737,-1.9999999999999463,9.910560616838169e-26,True,0,0.13042899999999982,0.10250699999999936,0.03912869999999983,0.03075209999999927,0.9936490250696385,0.2999999999999991,0.2999999999999947
all_zero,0.01,-0.02,738,-1.9999999999999463,9.910560616838169e-26,True,0,0.13042899999999982,0.10250699999999936,0.03912869999999983,0.03075209999999927,0.9936490250696385,0.2999999999999991,0.2999999999999947
all_zero,0.01,-0.02,739,-1.9999999999999463,9.910560616838169e-26,True,0,0.13042899999999982,0.10250699999999936,0.03912869999999983,0.03075209999999927,0.9936490250696385,0.2999999999999991,0.2999999999999947
all_zero,0.01,-0.02,740,-1.9999999999999463,9.910560616838169e-26,True,0,0.13042899999999982,0.10250699999999936,0.03912869999999983,0.03075209999999927,0.9936490250696385,0.2999999999999991,0.2999999999999947
all_zero,0.01,-0.02,741,-1.9999999999999463,9.910560616838169e-26,True,0,0.13042899999999982,0.10250699999999936,0.03912869999999983,0.03075209999999927,0.9936490250696385,0.2999999999999991,0.2999999999999947
all_zero,0.01,-0.02,742,-1.9999999999999463,9.910560616838169e-26,True,0,0.13042899999999982,0.10250699999999936,0.03912869999999983,0.03075209999999927,0.9936490250696385,0.2999999999999991,0.2999999999999947
all_zero,0.01,-0.02,743,-1.9999999999999463,9.910560616838169e-26,True,0,0.13042899999999982,0.10250699999999936,0.03912869999999983,0.03075209999999927,0.9936490250696385,0.2999999999999991,0.2999999999999947
all_zero,0.01,-0.02,744,-1.9999999999999463,9.910560616838169e-26,True,0,0.13042899999999982,0.10250699999999936,0.03912869999999983,0.03075209999999927,0.9936490250696385,0.2999999999999991,0.2999999999999947
all_zero,0.01,-0.02,745,-1.9999999999999463,9.910560616838169e-26,True,0,0.13042899999999982,0.10250699999999936,0.03912869999999983,0.03075209999999927,0.9936490250696385,0.2999999999999991,0.2999999999999947
all_zero,0.01,-0.02,746,-1.9999999999999463,9.910560616838169e-26,True,0,0.13042899999999982,0.10250699999999936,0.03912869999999983,0.03075209999999927,0.9936490250696385,0.2999999999999991,0.2999999999999947
all_zero,0.01,-0.02,747,-1.9999999999999463,9.910560616838169e-26,True,0,0.13042899999999982,0.10250699999999936,0.03912869999999983,0.03075209999999927,0.9936490250696385,0.2999999999999991,0.2999999999999947
all_zero,0.01,-0.02,748,-1.9999999999999463,9.910560616838169e-26,True,0,0.13042899999999982,0.10250699999999936,0.03912869999999983,0.03075209999999927,0.9936490250696385,0.2999999999999991,0.2999999999999947
all_zero,0.01,-0.02,749,-1.9999999999999463,9.910560616838169e-26,True,0,0.13042899999999982,0.10250699999999936,0.03912869999999983,0.03075209999999927,0.9936490250696385,0.2999999999999991,0.2999999999999947
all_zero,0.01,-0.02,750,-1.9999999999999463,9.910560616838169e-26,True,0,0.13042899999999982,0.10250699999999936,0.03912869999999983,0.03075209999999927,0.9936490250696385,0.2999999999999991,0.2999999999999947
all_zero,0.01,-0.02,751,-1.9999999999999463,9.910560616838169e-26,True,0,0.13042899999999982,0.10250699999999936,0.03912869999999983,0.03075209999999927,0.9936490250696385,0.2999999999999991,0.2999999999999947
all_zero,0.01,-0.02,752,-1.9999999999999463,9.910560616838169e-26,True,0,0.13042899999999982,0.10250699999999936,0.03912869999999983,0.03075209999999927,0.9936490250696385,0.2999999999999991,0.2999999999999947
all_zero,0.01,-0.02,753,-1.9999999999999463,9.910560616838169e-26,True,0,0.13042899999999982,0.10250699999999936,0.03912869999999983,0.03075209999999927,0.9936490250696385,0.2999999999999991,0.2999999999999947
all_zero,0.01,-0.02,754,-1.9999999999999463,9.910560616838169e-26,True,0,0.13042899999999982,0.10250699999999936,0.03912869999999983,0.03075209999999927,0.9936490250696385,0.2999999999999991,0.2999999999999947
all_zero,0.01,-0.02,755,-1.9999999999999463,9.910560616838169e-26,True,0,0.13042899999999982,0.10250699999999936,0.03912869999999983,0.03075209999999927,0.9936490250696385,0.2999999999999991,0.2999999999999947
all_zero,0.01,-0.02,756,-1.9999999999999463,9.910560616838169e-26,True,0,0.13042899999999982,0.10250699999999936,0.03912869999999983,0.03075209999999927,0.9936490250696385,0.2999999999999991,0.2999999999999947
all_zero,0.01,-0.02,757,-1.9999999999999463,9.910560616838169e-26,True,0,0.13042899999999982,0.10250699999999936,0.03912869999999983,0.03075209999999927,0.9936490250696385,0.2999999999999991,0.2999999999999947
all_zero,0.01,-0.02,758,-1.9999999999999463,9.910560616838169e-26,True,0,0.13042899999999982,0.10250699999999936,0.03912869999999983,0.03075209999999927,0.9936490250696385,0.2999999999999991,0.2999999999999947
all_zero,0.01,-0.02,759,-1.9999999999999463,9.910560616838169e-26,True,0,0.13042899999999982,0.10250699999999936,0.03912869999999983,0.03075209999999927,0.9936490250696385,0.2999999999999991,0.2999999999999947
all_zero,0.01,-0.02,760,-1.9999999999999463,9.910560616838169e-26,True,0,0.13042899999999982,0.10250699999999936,0.03912869999999983,0.03075209999999927,0.9936490250696385,0.2999999999999991,0.2999999999999947
all_zero,0.01,-0.02,761,-1.9999999999999463,9.910560616838169e-26,True,0,0.13042899999999982,0.10250699999999936,0.03912869999999983,0.03075209999999927,0.9936490250696385,0.2999999999999991,0.2999999999999947
all_zero,0.01,-0.02,762,-1.9999999999999463,9.910560616838169e-26,True,0,0.13042899999999982,0.10250699999999936,0.03912869999999983,0.03075209999999927,0.9936490250696385,0.2999999999999991,0.2999999999999947
all_zero,0.01,-0.02,763,-1.9999999999999463,9.910560616838169e-26,True,0,0.13042899999999982,0.10250699999999936,0.03912869999999983,0.03075209999999927,0.9936490250696385,0.2999999999999991,0.2999999999999947
all_zero,0.01,-0.02,764,-1.9999999999999463,9.910560616838169e-26,True,0,0.13042899999999982,0.10250699999999936,0.03912869999999983,0.03075209999999927,0.9936490250696385,0.2999999999999991,0.2999999999999947
all_zero,0.01,-0.02,765,-1.9999999999999463,9.910560616838169e-26,True,0,0.13042899999999982,0.10250699999999936,0.03912869999999983,0.03075209999999927,0.9936490250696385,0.2999999999999991,0.2999999999999947
all_zero,0.01,-0.02,766,-1.9999999999999463,9.910560616838169e-26,True,0,0.13042899999999982,0.10250699999999936,0.03912869999999983,0.03075209999999927,0.9936490250696385,0.2999999999999991,0.2999999999999947
all_zero,0.01,-0.02,767,-1.9999999999999463,9.910560616838169e-26,True,0,0.13042899999999982,0.10250699999999936,0.03912869999999983,0.03075209999999927,0.9936490250696385,0.2999999999999991,0.2999999999999947
all_zero,0.01,-0.02,768,-1.9999999999999463,9.910560616838169e-26,True,0,0.13042899999999982,0.10250699999999936,0.03912869999999983,0.03075209999999927,0.9936490250696385,0.2999999999999991,0.2999999999999947
all_zero,0.01,-0.02,769,-1.9999999999999463,9.910560616838169e-26,True,0,0.13042899999999982,0.10250699999999936,0.03912869999999983,0.03075209999999927,0.9936490250696385,0.2999999999999991,0.2999999999999947
all_zero,0.01,-0.02,770,-1.9999999999999463,9.910560616838169e-26,True,0,0.13042899999999982,0.10250699999999936,0.03912869999999983,0.03075209999999927,0.9936490250696385,0.2999999999999991,0.2999999999999947
all_zero,0.01,-0.02,771,-1.9999999999999463,9.910560616838169e-26,True,0,0.13042899999999982,0.10250699999999936,0.03912869999999983,0.03075209999999927,0.9936490250696385,0.2999999999999991,0.2999999999999947
all_zero,0.01,-0.02,772,-1.9999999999999463,9.910560616838169e-26,True,0,0.13042899999999982,0.10250699999999936,0.03912869999999983,0.03075209999999927,0.9936490250696385,0.2999999999999991,0.2999999999999947
all_zero,0.01,-0.02,773,-1.9999999999999463,9.910560616838169e-26,True,0,0.13042899999999982,0.10250699999999936,0.03912869999999983,0.03075209999999927,0.9936490250696385,0.2999999999999991,0.2999999999999947
all_zero,0.01,-0.02,774,-1.9999999999999463,9.910560616838169e-26,True,0,0.13042899999999982,0.10250699999999936,0.03912869999999983,0.03075209999999927,0.9936490250696385,0.2999999999999991,0.2999999999999947
all_zero,0.01,-0.02,775,-1.9999999999999463,9.910560616838169e-26,True,0,0.13042899999999982,0.10250699999999936,0.03912869999999983,0.03075209999999927,0.9936490250696385,0.2999999999999991,0.2999999999999947
all_zero,0.01,-0.02,776,-1.9999999999999463,9.910560616838169e-26,True,0,0.13042899999999982,0.10250699999999936,0.03912869999999983,0.03075209999999927,0.9936490250696385,0.2999999999999991,0.2999999999999947
all_zero,0.01,-0.02,777,-1.9999999999999463,9.910560616838169e-26,True,0,0.13042899999999982,0.10250699999999936,0.03912869999999983,0.03075209999999927,0.9936490250696385,0.2999999999999991,0.2999999999999947
all_zero,0.01,-0.02,778,-1.9999999999999463,9.910560616838169e-26,True,0,0.13042899999999982,0.10250699999999936,0.03912869999999983,0.03075209999999927,0.9936490250696385,0.2999999999999991,0.2999999999999947
all_zero,0.01,-0.02,779,-1.9999999999999463,9.910560616838169e-26,True,0,0.13042899999999982,0.10250699999999936,0.03912869999999983,0.03075209999999927,0.9936490250696385,0.2999999999999991,0.2999999999999947
all_zero,0.01,-0.02,780,-1.9999999999999463,9.910560616838169e-26,True,0,0.13042899999999982,0.10250699999999936,0.03912869999999983,0.03075209999999927,0.9936490250696385,0.2999999999999991,0.2999999999999947
all_zero,0.01,-0.02,781,-1.9999999999999463,9.910560616838169e-26,True,0,0.13042899999999982,0.10250699999999936,0.03912869999999983,0.03075209999999927,0.9936490250696385,0.2999999999999991,0.2999999999999947
all_zero,0.01,-0.02,782,-1.9999999999999463,9.910560616838169e-26,True,0,0.13042899999999982,0.10250699999999936,0.03912869999999983,0.03075209999999927,0.9936490250696385,0.2999999999999991,0.2999999999999947
all_zero,0.01,-0.02,783,-1.9999999999999463,9.910560616838169e-26,True,0,0.13042899999999982,0.10250699999999936,0.03912869999999983,0.03075209999999927,0.9936490250696385,0.2999999999999991,0.2999999999999947
all_zero,0.01,-0.02,784,-1.9999999999999463,9.910560616838169e-26,True,0,0.13042899999999982,0.10250699999999936,0.03912869999999983,0.03075209999999927,0.9936490250696385,0.2999999999999991,0.2999999999999947
all_zero,0.01,-0.02,785,-1.9999999999999463,9.910560616838169e-26,True,0,0.13042899999999982,0.10250699999999936,0.03912869999999983,0.03075209999999927,0.9936490250696385,0.2999999999999991,0.2999999999999947
all_zero,0.01,-0.02,786,-1.9999999999999463,9.910560616838169e-26,True,0,0.13042899999999982,0.10250699999999936,0.03912869999999983,0.03075209999999927,0.9936490250696385,0.2999999999999991,0.2999999999999947
all_zero,0.01,-0.02,787,-1.9999999999999463,9.910560616838169e-26,True,0,0.13042899999999982,0.10250699999999936,0.03912869999999983,0.03075209999999927,0.9936490250696385,0.2999999999999991,0.2999999999999947
all_zero,0.01,-0.02,788,-1.9999999999999463,9.910560616838169e-26,True,0,0.13042899999999982,0.10250699999999936,0.03912869999999983,0.03075209999999927,0.9936490250696385,0.2999999999999991,0.2999999999999947
all_zero,0.01,-0.02,789,-1.9999999999999463,9.910560616838169e-26,True,0,0.13042899999999982,0.10250699999999936,0.03912869999999983,0.03075209999999927,0.9936490250696385,0.2999999999999991,0.2999999999999947
all_zero,0.01,-0.02,790,-1.9999999999999463,9.910560616838169e-26,True,0,0.13042899999999982,0.10250699999999936,0.03912869999999983,0.03075209999999927,0.9936490250696385,0.2999999999999991,0.2999999999999947
all_zero,0.01,-0.02,791,-1.9999999999999463,9.910560616838169e-26,True,0,0.13042899999999982,0.10250699999999936,0.03912869999999983,0.03075209999999927,0.9936490250696385,0.2999999999999991,0.2999999999999947
all_zero,0.01,-0.02,792,-1.9999999999999463,9.910560616838169e-26,True,0,0.13042899999999982,0.10250699999999936,0.03912869999999983,0.03075209999999927,0.9936490250696385,0.2999999999999991,0.2999999999999947
all_zero,0.01,-0.02,793,-1.9999999999999463,9.910560616838169e-26,True,0,0.13042899999999982,0.10250699999999936,0.03912869999999983,0.03075209999999927,0.9936490250696385,0.2999999999999991,0.2999999999999947
all_zero,0.01,-0.02,794,-1.9999999999999463,9.910560616838169e-26,True,0,0.13042899999999982,0.10250699999999936,0.03912869999999983,0.03075209999999927,0.9936490250696385,0.2999999999999991,0.2999999999999947
all_zero,0.01,-0.02,795,-1.9999999999999463,9.910560616838169e-26,True,0,0.13042899999999982,0.10250699999999936,0.03912869999999983,0.03075209999999927,0.9936490250696385,0.2999999999999991,0.2999999999999947
all_zero,0.01,-0.02,796,-1.9999999999999463,9.910560616838169e-26,True,0,0.13042899999999982,0.10250699999999936,0.03912869999999983,0.03075209999999927,0.9936490250696385,0.2999999999999991,0.2999999999999947
all_zero,0.01,-0.02,797,-1.9999999999999463,9.910560616838169e-26,True,0,0.13042899999999982,0.10250699999999936,0.03912869999999983,0.03075209999999927,0.9936490250696385,0.2999999999999991,0.2999999999999947
all_zero,0.01,-0.02,798,-1.9999999999999463,9.910560616838169e-26,True,0,0.13042899999999982,0.10250699999999936,0.03912869999999983,0.03075209999999927,0.9936490250696385,0.2999999999999991,0.2999999999999947
all_zero,0.01,-0.02,799,-1.9999999999999463,9.910560616838169e-26,True,0,0.13042899999999982,0.10250699999999936,0.03912869999999983,0.03075209999999927,0.9936490250696385,0.2999999999999991,0.2999999999999947
all_zero,0.01,-0.02,800,-1.9999999999999463,9.910560616838169e-26,True,0,0.13042899999999982,0.10250699999999936,0.03912869999999983,0.03075209999999927,0.9936490250696385,0.2999999999999991,0.2999999999999947
all_zero,0.01,-0.02,801,-1.9999999999999463,9.910560616838169e-26,True,0,0.13042899999999982,0.10250699999999936,0.03912869999999983,0.03075209999999927,0.9936490250696385,0.2999999999999991,0.2999999999999947
all_zero,0.01,-0.02,802,-1.9999999999999463,9.910560616838169e-26,True,0,0.13042899999999982,0.10250699999999936,0.03912869999999983,0.03075209999999927,0.9936490250696385,0.2999999999999991,0.2999999999999947
all_zero,0.01,-0.02,803,-1.9999999999999463,9.910560616838169e-26,True,0,0.13042899999999982,0.10250699999999936,0.03912869999999983,0.03075209999999927,0.9936490250696385,0.2999999999999991,0.2999999999999947
all_zero,0.01,-0.02,804,-1.9999999999999463,9.910560616838169e-26,True,0,0.13042899999999982,0.10250699999999936,0.03912869999999983,0.03075209999999927,0.9936490250696385,0.2999999999999991,0.2999999999999947
all_zero,0.01,-0.02,805,-1.9999999999999463,9.910560616838169e-26,True,0,0.13042899999999982,0.10250699999999936,0.03912869999999983,0.03075209999999927,0.9936490250696385,0.2999999999999991,0.2999999999999947
all_zero,0.01,-0.02,806,-1.9999999999999463,9.910560616838169e-26,True,0,0.13042899999999982,0.10250699999999936,0.03912869999999983,0.03075209999999927,0.9936490250696385,0.2999999999999991,0.2999999999999947
all_zero,0.01,-0.02,807,-1.9999999999999463,9.910560616838169e-26,True,0,0.13042899999999982,0.10250699999999936,0.03912869999999983,0.03075209999999927,0.9936490250696385,0.2999999999999991,0.2999999999999947
all_zero,0.01,-0.02,808,-1.9999999999999463,9.910560616838169e-26,True,0,0.13042899999999982,0.10250699999999936,0.03912869999999983,0.03075209999999927,0.9936490250696385,0.2999999999999991,0.2999999999999947
all_zero,0.01,-0.02,809,-1.9999999999999463,9.910560616838169e-26,True,0,0.13042899999999982,0.10250699999999936,0.03912869999999983,0.03075209999999927,0.9936490250696385,0.2999999999999991,0.2999999999999947
all_zero,0.01,-0.02,810,-1.9999999999999463,9.910560616838169e-26,True,0,0.13042899999999982,0.10250699999999936,0.03912869999999983,0.03075209999999927,0.9936490250696385,0.2999999999999991,0.2999999999999947
all_zero,0.01,-0.02,811,-1.9999999999999463,9.910560616838169e-26,True,0,0.13042899999999982,0.10250699999999936,0.03912869999999983,0.03075209999999927,0.9936490250696385,0.2999999999999991,0.2999999999999947
all_zero,0.01,-0.02,812,-1.9999999999999463,9.910560616838169e-26,True,0,0.13042899999999982,0.10250699999999936,0.03912869999999983,0.03075209999999927,0.9936490250696385,0.2999999999999991,0.2999999999999947
all_zero,0.01,-0.02,813,-1.9999999999999463,9.910560616838169e-26,True,0,0.13042899999999982,0.10250699999999936,0.03912869999999983,0.03075209999999927,0.9936490250696385,0.2999999999999991,0.2999999999999947
all_zero,0.01,-0.02,814,-1.9999999999999463,9.910560616838169e-26,True,0,0.13042899999999982,0.10250699999999936,0.03912869999999983,0.03075209999999927,0.9936490250696385,0.2999999999999991,0.2999999999999947
all_zero,0.01,-0.02,815,-1.9999999999999463,9.910560616838169e-26,True,0,0.13042899999999982,0.10250699999999936,0.03912869999999983,0.03075209999999927,0.9936490250696385,0.2999999999999991,0.2999999999999947
all_zero,0.01,-0.02,816,-1.9999999999999463,9.910560616838169e-26,True,0,0.13042899999999982,0.10250699999999936,0.03912869999999983,0.03075209999999927,0.9936490250696385,0.2999999999999991,0.2999999999999947
all_zero,0.01,-0.02,817,-1.9999999999999463,9.910560616838169e-26,True,0,0.13042899999999982,0.10250699999999936,0.03912869999999983,0.03075209999999927,0.9936490250696385,0.2999999999999991,0.2999999999999947
all_zero,0.01,-0.02,818,-1.9999999999999463,9.910560616838169e-26,True,0,0.13042899999999982,0.10250699999999936,0.03912869999999983,0.03075209999999927,0.9936490250696385,0.2999999999999991,0.2999999999999947
all_zero,0.01,-0.02,819,-1.9999999999999463,9.910560616838169e-26,True,0,0.13042899999999982,0.10250699999999936,0.03912869999999983,0.03075209999999927,0.9936490250696385,0.2999999999999991,0.2999999999999947
all_zero,0.01,-0.02,820,-1.9999999999999463,9.910560616838169e-26,True,0,0.13042899999999982,0.10250699999999936,0.03912869999999983,0.03075209999999927,0.9936490250696385,0.2999999999999991,0.2999999999999947
all_zero,0.01,-0.02,821,-1.9999999999999463,9.910560616838169e-26,True,0,0.13042899999999982,0.10250699999999936,0.03912869999999983,0.03075209999999927,0.9936490250696385,0.2999999999999991,0.2999999999999947
all_zero,0.01,-0.02,822,-1.9999999999999463,9.910560616838169e-26,True,0,0.13042899999999982,0.10250699999999936,0.03912869999999983,0.03075209999999927,0.9936490250696385,0.2999999999999991,0.2999999999999947
all_zero,0.01,-0.02,823,-1.9999999999999463,9.910560616838169e-26,True,0,0.13042899999999982,0.10250699999999936,0.03912869999999983,0.03075209999999927,0.9936490250696385,0.2999999999999991,0.2999999999999947
all_zero,0.01,-0.02,824,-1.9999999999999463,9.910560616838169e-26,True,0,0.13042899999999982,0.10250699999999936,0.03912869999999983,0.03075209999999927,0.9936490250696385,0.2999999999999991,0.2999999999999947
all_zero,0.01,-0.02,825,-1.9999999999999463,9.910560616838169e-26,True,0,0.13042899999999982,0.10250699999999936,0.03912869999999983,0.03075209999999927,0.9936490250696385,0.2999999999999991,0.2999999999999947
all_zero,0.01,-0.02,826,-1.9999999999999463,9.910560616838169e-26,True,0,0.13042899999999982,0.10250699999999936,0.03912869999999983,0.03075209999999927,0.9936490250696385,0.2999999999999991,0.2999999999999947
all_zero,0.01,-0.02,827,-1.9999999999999463,9.910560616838169e-26,True,0,0.13042899999999982,0.10250699999999936,0.03912869999999983,0.03075209999999927,0.9936490250696385,0.2999999999999991,0.2999999999999947
all_zero,0.01,-0.02,828,-1.9999999999999463,9.910560616838169e-26,True,0,0.13042899999999982,0.10250699999999936,0.03912869999999983,0.03075209999999927,0.9936490250696385,0.2999999999999991,0.2999999999999947
all_zero,0.01,-0.02,829,-1.9999999999999463,9.910560616838169e-26,True,0,0.13042899999999982,0.10250699999999936,0.03912869999999983,0.03075209999999927,0.9936490250696385,0.2999999999999991,0.2999999999999947
all_zero,0.01,-0.02,830,-1.9999999999999463,9.910560616838169e-26,True,0,0.13042899999999982,0.10250699999999936,0.03912869999999983,0.03075209999999927,0.9936490250696385,0.2999999999999991,0.2999999999999947
all_zero,0.01,-0.02,831,-1.9999999999999463,9.910560616838169e-26,True,0,0.13042899999999982,0.10250699999999936,0.03912869999999983,0.03075209999999927,0.9936490250696385,0.2999999999999991,0.2999999999999947
all_zero,0.01,-0.02,832,-1.9999999999999463,9.910560616838169e-26,True,0,0.13042899999999982,0.10250699999999936,0.03912869999999983,0.03075209999999927,0.9936490250696385,0.2999999999999991,0.2999999999999947
all_zero,0.01,-0.02,833,-1.9999999999999463,9.910560616838169e-26,True,0,0.13042899999999982,0.10250699999999936,0.03912869999999983,0.03075209999999927,0.9936490250696385,0.2999999999999991,0.2999999999999947
all_zero,0.01,-0.02,834,-1.9999999999999463,9.910560616838169e-26,True,0,0.13042899999999982,0.10250699999999936,0.03912869999999983,0.03075209999999927,0.9936490250696385,0.2999999999999991,0.2999999999999947
all_zero,0.01,-0.02,835,-1.9999999999999463,9.910560616838169e-26,True,0,0.13042899999999982,0.10250699999999936,0.03912869999999983,0.03075209999999927,0.9936490250696385,0.2999999999999991,0.2999999999999947
all_zero,0.01,-0.02,836,-1.9999999999999463,9.910560616838169e-26,True,0,0.13042899999999982,0.10250699999999936,0.03912869999999983,0.03075209999999927,0.9936490250696385,0.2999999999999991,0.2999999999999947
all_zero,0.01,-0.02,837,-1.9999999999999463,9.910560616838169e-26,True,0,0.13042899999999982,0.10250699999999936,0.03912869999999983,0.03075209999999927,0.9936490250696385,0.2999999999999991,0.2999999999999947
all_zero,0.01,-0.02,838,-1.9999999999999463,9.910560616838169e-26,True,0,0.13042899999999982,0.10250699999999936,0.03912869999999983,0.03075209999999927,0.9936490250696385,0.2999999999999991,0.2999999999999947
all_zero,0.01,-0.02,839,-1.9999999999999463,9.910560616838169e-26,True,0,0.13042899999999982,0.10250699999999936,0.03912869999999983,0.03075209999999927,0.9936490250696385,0.2999999999999991,0.2999999999999947
all_zero,0.01,-0.02,840,-1.9999999999999463,9.910560616838169e-26,True,0,0.13042899999999982,0.10250699999999936,0.03912869999999983,0.03075209999999927,0.9936490250696385,0.2999999999999991,0.2999999999999947
all_zero,0.01,-0.02,841,-1.9999999999999463,9.910560616838169e-26,True,0,0.13042899999999982,0.10250699999999936,0.03912869999999983,0.03075209999999927,0.9936490250696385,0.2999999999999991,0.2999999999999947
all_zero,0.01,-0.02,842,-1.9999999999999463,9.910560616838169e-26,True,0,0.13042899999999982,0.10250699999999936,0.03912869999999983,0.03075209999999927,0.9936490250696385,0.2999999999999991,0.2999999999999947
all_zero,0.01,-0.02,843,-1.9999999999999463,9.910560616838169e-26,True,0,0.13042899999999982,0.10250699999999936,0.03912869999999983,0.03075209999999927,0.9936490250696385,0.2999999999999991,0.2999999999999947
all_zero,0.01,-0.02,844,-1.9999999999999463,9.910560616838169e-26,True,0,0.13042899999999982,0.10250699999999936,0.03912869999999983,0.03075209999999927,0.9936490250696385,0.2999999999999991,0.2999999999999947
all_zero,0.01,-0.02,845,-1.9999999999999463,9.910560616838169e-26,True,0,0.13042899999999982,0.10250699999999936,0.03912869999999983,0.03075209999999927,0.9936490250696385,0.2999999999999991,0.2999999999999947
all_zero,0.01,-0.02,846,-1.9999999999999463,9.910560616838169e-26,True,0,0.13042899999999982,0.10250699999999936,0.03912869999999983,0.03075209999999927,0.9936490250696385,0.2999999999999991,0.2999999999999947
all_zero,0.01,-0.02,847,-1.9999999999999463,9.910560616838169e-26,True,0,0.13042899999999982,0.10250699999999936,0.03912869999999983,0.03075209999999927,0.9936490250696385,0.2999999999999991,0.2999999999999947
all_zero,0.01,-0.02,848,-1.9999999999999463,9.910560616838169e-26,True,0,0.13042899999999982,0.10250699999999936,0.03912869999999983,0.03075209999999927,0.9936490250696385,0.2999999999999991,0.2999999999999947
all_zero,0.01,-0.02,849,-1.9999999999999463,9.910560616838169e-26,True,0,0.13042899999999982,0.10250699999999936,0.03912869999999983,0.03075209999999927,0.9936490250696385,0.2999999999999991,0.2999999999999947
all_zero,0.01,-0.02,850,-1.9999999999999463,9.910560616838169e-26,True,0,0.13042899999999982,0.10250699999999936,0.03912869999999983,0.03075209999999927,0.9936490250696385,0.2999999999999991,0.2999999999999947
all_zero,0.01,-0.02,851,-1.9999999999999463,9.910560616838169e-26,True,0,0.13042899999999982,0.10250699999999936,0.03912869999999983,0.03075209999999927,0.9936490250696385,0.2999999999999991,0.2999999999999947
all_zero,0.01,-0.02,852,-1.9999999999999463,9.910560616838169e-26,True,0,0.13042899999999982,0.10250699999999936,0.03912869999999983,0.03075209999999927,0.9936490250696385,0.2999999999999991,0.2999999999999947
all_zero,0.01,-0.02,853,-1.9999999999999463,9.910560616838169e-26,True,0,0.13042899999999982,0.10250699999999936,0.03912869999999983,0.03075209999999927,0.9936490250696385,0.2999999999999991,0.2999999999999947
all_zero,0.01,-0.02,854,-1.9999999999999463,9.910560616838169e-26,True,0,0.13042899999999982,0.10250699999999936,0.03912869999999983,0.03075209999999927,0.9936490250696385,0.2999999999999991,0.2999999999999947
all_zero,0.01,-0.02,855,-1.9999999999999463,9.910560616838169e-26,True,0,0.13042899999999982,0.10250699999999936,0.03912869999999983,0.03075209999999927,0.9936490250696385,0.2999999999999991,0.2999999999999947
all_zero,0.01,-0.02,856,-1.9999999999999463,9.910560616838169e-26,True,0,0.13042899999999982,0.10250699999999936,0.03912869999999983,0.03075209999999927,0.9936490250696385,0.2999999999999991,0.2999999999999947
all_zero,0.01,-0.02,857,-1.9999999999999463,9.910560616838169e-26,True,0,0.13042899999999982,0.10250699999999936,0.03912869999999983,0.03075209999999927,0.9936490250696385,0.2999999999999991,0.2999999999999947
all_zero,0.01,-0.02,858,-1.9999999999999463,9.910560616838169e-26,True,0,0.13042899999999982,0.10250699999999936,0.03912869999999983,0.03075209999999927,0.9936490250696385,0.2999999999999991,0.2999999999999947
all_zero,0.01,-0.02,859,-1.9999999999999463,9.910560616838169e-26,True,0,0.13042899999999982,0.10250699999999936,0.03912869999999983,0.03075209999999927,0.9936490250696385,0.2999999999999991,0.2999999999999947
all_zero,0.01,-0.02,860,-1.9999999999999463,9.910560616838169e-26,True,0,0.13042899999999982,0.10250699999999936,0.03912869999999983,0.03075209999999927,0.9936490250696385,0.2999999999999991,0.2999999999999947
all_zero,0.01,-0.02,861,-1.9999999999999463,9.910560616838169e-26,True,0,0.13042899999999982,0.10250699999999936,0.03912869999999983,0.03075209999999927,0.9936490250696385,0.2999999999999991,0.2999999999999947
all_zero,0.01,-0.02,862,-1.9999999999999463,9.910560616838169e-26,True,0,0.13042899999999982,0.10250699999999936,0.03912869999999983,0.03075209999999927,0.9936490250696385,0.2999999999999991,0.2999999999999947
all_zero,0.01,-0.02,863,-1.9999999999999463,9.910560616838169e-26,True,0,0.13042899999999982,0.10250699999999936,0.03912869999999983,0.03075209999999927,0.9936490250696385,0.2999999999999991,0.2999999999999947
all_zero,0.01,-0.02,864,-1.9999999999999463,9.910560616838169e-26,True,0,0.13042899999999982,0.10250699999999936,0.03912869999999983,0.03075209999999927,0.9936490250696385,0.2999999999999991,0.2999999999999947
all_zero,0.01,-0.02,865,-1.9999999999999463,9.910560616838169e-26,True,0,0.13042899999999982,0.10250699999999936,0.03912869999999983,0.03075209999999927,0.9936490250696385,0.2999999999999991,0.2999999999999947
all_zero,0.01,-0.02,866,-1.9999999999999463,9.910560616838169e-26,True,0,0.13042899999999982,0.10250699999999936,0.03912869999999983,0.03075209999999927,0.9936490250696385,0.2999999999999991,0.2999999999999947
all_zero,0.01,-0.02,867,-1.9999999999999463,9.910560616838169e-26,True,0,0.13042899999999982,0.10250699999999936,0.03912869999999983,0.03075209999999927,0.9936490250696385,0.2999999999999991,0.2999999999999947
all_zero,0.01,-0.02,868,-1.9999999999999463,9.910560616838169e-26,True,0,0.13042899999999982,0.10250699999999936,0.03912869999999983,0.03075209999999927,0.9936490250696385,0.2999999999999991,0.2999999999999947
all_zero,0.01,-0.02,869,-1.9999999999999463,9.910560616838169e-26,True,0,0.13042899999999982,0.10250699999999936,0.03912869999999983,0.03075209999999927,0.9936490250696385,0.2999999999999991,0.2999999999999947
all_zero,0.01,-0.02,870,-1.9999999999999463,9.910560616838169e-26,True,0,0.13042899999999982,0.10250699999999936,0.03912869999999983,0.03075209999999927,0.9936490250696385,0.2999999999999991,0.2999999999999947
all_zero,0.01,-0.02,871,-1.9999999999999463,9.910560616838169e-26,True,0,0.13042899999999982,0.10250699999999936,0.03912869999999983,0.03075209999999927,0.9936490250696385,0.2999999999999991,0.2999999999999947
all_zero,0.01,-0.02,872,-1.9999999999999463,9.910560616838169e-26,True,0,0.13042899999999982,0.10250699999999936,0.03912869999999983,0.03075209999999927,0.9936490250696385,0.2999999999999991,0.2999999999999947
all_zero,0.01,-0.02,873,-1.9999999999999463,9.910560616838169e-26,True,0,0.13042899999999982,0.10250699999999936,0.03912869999999983,0.03075209999999927,0.9936490250696385,0.2999999999999991,0.2999999999999947
all_zero,0.01,-0.02,874,-1.9999999999999463,9.910560616838169e-26,True,0,0.13042899999999982,0.10250699999999936,0.03912869999999983,0.03075209999999927,0.9936490250696385,0.2999999999999991,0.2999999999999947
all_zero,0.01,-0.02,875,-1.9999999999999463,9.910560616838169e-26,True,0,0.13042899999999982,0.10250699999999936,0.03912869999999983,0.03075209999999927,0.9936490250696385,0.2999999999999991,0.2999999999999947
all_zero,0.01,-0.02,876,-1.9999999999999463,9.910560616838169e-26,True,0,0.13042899999999982,0.10250699999999936,0.03912869999999983,0.03075209999999927,0.9936490250696385,0.2999999999999991,0.2999999999999947
all_zero,0.01,-0.02,877,-1.9999999999999463,9.910560616838169e-26,True,0,0.13042899999999982,0.10250699999999936,0.03912869999999983,0.03075209999999927,0.9936490250696385,0.2999999999999991,0.2999999999999947
all_zero,0.01,-0.02,878,-1.9999999999999463,9.910560616838169e-26,True,0,0.13042899999999982,0.10250699999999936,0.03912869999999983,0.03075209999999927,0.9936490250696385,0.2999999999999991,0.2999999999999947
all_zero,0.01,-0.02,879,-1.9999999999999463,9.910560616838169e-26,True,0,0.13042899999999982,0.10250699999999936,0.03912869999999983,0.03075209999999927,0.9936490250696385,0.2999999999999991,0.2999999999999947
all_zero,0.01,-0.02,880,-1.9999999999999463,9.910560616838169e-26,True,0,0.13042899999999982,0.10250699999999936,0.03912869999999983,0.03075209999999927,0.9936490250696385,0.2999999999999991,0.2999999999999947
all_zero,0.01,-0.02,881,-1.9999999999999463,9.910560616838169e-26,True,0,0.13042899999999982,0.10250699999999936,0.03912869999999983,0.03075209999999927,0.9936490250696385,0.2999999999999991,0.2999999999999947
all_zero,0.01,-0.02,882,-1.9999999999999463,9.910560616838169e-26,True,0,0.13042899999999982,0.10250699999999936,0.03912869999999983,0.03075209999999927,0.9936490250696385,0.2999999999999991,0.2999999999999947
all_zero,0.01,-0.02,883,-1.9999999999999463,9.910560616838169e-26,True,0,0.13042899999999982,0.10250699999999936,0.03912869999999983,0.03075209999999927,0.9936490250696385,0.2999999999999991,0.2999999999999947
all_zero,0.01,-0.02,884,-1.9999999999999463,9.910560616838169e-26,True,0,0.13042899999999982,0.10250699999999936,0.03912869999999983,0.03075209999999927,0.9936490250696385,0.2999999999999991,0.2999999999999947
all_zero,0.01,-0.02,885,-1.9999999999999463,9.910560616838169e-26,True,0,0.13042899999999982,0.10250699999999936,0.03912869999999983,0.03075209999999927,0.9936490250696385,0.2999999999999991,0.2999999999999947
all_zero,0.01,-0.02,886,-1.9999999999999463,9.910560616838169e-26,True,0,0.13042899999999982,0.10250699999999936,0.03912869999999983,0.03075209999999927,0.9936490250696385,0.2999999999999991,0.2999999999999947
all_zero,0.01,-0.02,887,-1.9999999999999463,9.910560616838169e-26,True,0,0.13042899999999982,0.10250699999999936,0.03912869999999983,0.03075209999999927,0.9936490250696385,0.2999999999999991,0.2999999999999947
all_zero,0.01,-0.02,888,-1.9999999999999463,9.910560616838169e-26,True,0,0.13042899999999982,0.10250699999999936,0.03912869999999983,0.03075209999999927,0.9936490250696385,0.2999999999999991,0.2999999999999947
all_zero,0.01,-0.02,889,-1.9999999999999463,9.910560616838169e-26,True,0,0.13042899999999982,0.10250699999999936,0.03912869999999983,0.03075209999999927,0.9936490250696385,0.2999999999999991,0.2999999999999947
all_zero,0.01,-0.02,890,-1.9999999999999463,9.910560616838169e-26,True,0,0.13042899999999982,0.10250699999999936,0.03912869999999983,0.03075209999999927,0.9936490250696385,0.2999999999999991,0.2999999999999947
all_zero,0.01,-0.02,891,-1.9999999999999463,9.910560616838169e-26,True,0,0.13042899999999982,0.10250699999999936,0.03912869999999983,0.03075209999999927,0.9936490250696385,0.2999999999999991,0.2999999999999947
all_zero,0.01,-0.02,892,-1.9999999999999463,9.910560616838169e-26,True,0,0.13042899999999982,0.10250699999999936,0.03912869999999983,0.03075209999999927,0.9936490250696385,0.2999999999999991,0.2999999999999947
all_zero,0.01,-0.02,893,-1.9999999999999463,9.910560616838169e-26,True,0,0.13042899999999982,0.10250699999999936,0.03912869999999983,0.03075209999999927,0.9936490250696385,0.2999999999999991,0.2999999999999947
all_zero,0.01,-0.02,894,-1.9999999999999463,9.910560616838169e-26,True,0,0.13042899999999982,0.10250699999999936,0.03912869999999983,0.03075209999999927,0.9936490250696385,0.2999999999999991,0.2999999999999947
all_zero,0.01,-0.02,895,-1.9999999999999463,9.910560616838169e-26,True,0,0.13042899999999982,0.10250699999999936,0.03912869999999983,0.03075209999999927,0.9936490250696385,0.2999999999999991,0.2999999999999947
all_zero,0.01,-0.02,896,-1.9999999999999463,9.910560616838169e-26,True,0,0.13042899999999982,0.10250699999999936,0.03912869999999983,0.03075209999999927,0.9936490250696385,0.2999999999999991,0.2999999999999947
all_zero,0.01,-0.02,897,-1.9999999999999463,9.910560616838169e-26,True,0,0.13042899999999982,0.10250699999999936,0.03912869999999983,0.03075209999999927,0.9936490250696385,0.2999999999999991,0.2999999999999947
all_zero,0.01,-0.02,898,-1.9999999999999463,9.910560616838169e-26,True,0,0.13042899999999982,0.10250699999999936,0.03912869999999983,0.03075209999999927,0.9936490250696385,0.2999999999999991,0.2999999999999947
all_zero,0.01,-0.02,899,-1.9999999999999463,9.910560616838169e-26,True,0,0.13042899999999982,0.10250699999999936,0.03912869999999983,0.03075209999999927,0.9936490250696385,0.2999999999999991,0.2999999999999947
all_zero,0.01,-0.02,900,-1.9999999999999463,9.910560616838169e-26,True,0,0.13042899999999982,0.10250699999999936,0.03912869999999983,0.03075209999999927,0.9936490250696385,0.2999999999999991,0.2999999999999947
all_zero,0.01,-0.02,901,-1.9999999999999463,9.910560616838169e-26,True,0,0.13042899999999982,0.10250699999999936,0.03912869999999983,0.03075209999999927,0.9936490250696385,0.2999999999999991,0.2999999999999947
all_zero,0.01,-0.02,902,-1.9999999999999463,9.910560616838169e-26,True,0,0.13042899999999982,0.10250699999999936,0.03912869999999983,0.03075209999999927,0.9936490250696385,0.2999999999999991,0.2999999999999947
all_zero,0.01,-0.02,903,-1.9999999999999463,9.910560616838169e-26,True,0,0.13042899999999982,0.10250699999999936,0.03912869999999983,0.03075209999999927,0.9936490250696385,0.2999999999999991,0.2999999999999947
all_zero,0.01,-0.02,904,-1.9999999999999463,9.910560616838169e-26,True,0,0.13042899999999982,0.10250699999999936,0.03912869999999983,0.03075209999999927,0.9936490250696385,0.2999999999999991,0.2999999999999947
all_zero,0.01,-0.02,905,-1.9999999999999463,9.910560616838169e-26,True,0,0.13042899999999982,0.10250699999999936,0.03912869999999983,0.03075209999999927,0.9936490250696385,0.2999999999999991,0.2999999999999947
all_zero,0.01,-0.02,906,-1.9999999999999463,9.910560616838169e-26,True,0,0.13042899999999982,0.10250699999999936,0.03912869999999983,0.03075209999999927,0.9936490250696385,0.2999999999999991,0.2999999999999947
all_zero,0.01,-0.02,907,-1.9999999999999463,9.910560616838169e-26,True,0,0.13042899999999982,0.10250699999999936,0.03912869999999983,0.03075209999999927,0.9936490250696385,0.2999999999999991,0.2999999999999947
all_zero,0.01,-0.02,908,-1.9999999999999463,9.910560616838169e-26,True,0,0.13042899999999982,0.10250699999999936,0.03912869999999983,0.03075209999999927,0.9936490250696385,0.2999999999999991,0.2999999999999947
all_zero,0.01,-0.02,909,-1.9999999999999463,9.910560616838169e-26,True,0,0.13042899999999982,0.10250699999999936,0.03912869999999983,0.03075209999999927,0.9936490250696385,0.2999999999999991,0.2999999999999947
all_zero,0.01,-0.02,910,-1.9999999999999463,9.910560616838169e-26,True,0,0.13042899999999982,0.10250699999999936,0.03912869999999983,0.03075209999999927,0.9936490250696385,0.2999999999999991,0.2999999999999947
all_zero,0.01,-0.02,911,-1.9999999999999463,9.910560616838169e-26,True,0,0.13042899999999982,0.10250699999999936,0.03912869999999983,0.03075209999999927,0.9936490250696385,0.2999999999999991,0.2999999999999947
all_zero,0.01,-0.02,912,-1.9999999999999463,9.910560616838169e-26,True,0,0.13042899999999982,0.10250699999999936,0.03912869999999983,0.03075209999999927,0.9936490250696385,0.2999999999999991,0.2999999999999947
all_zero,0.01,-0.02,913,-1.9999999999999463,9.910560616838169e-26,True,0,0.13042899999999982,0.10250699999999936,0.03912869999999983,0.03075209999999927,0.9936490250696385,0.2999999999999991,0.2999999999999947
all_zero,0.01,-0.02,914,-1.9999999999999463,9.910560616838169e-26,True,0,0.13042899999999982,0.10250699999999936,0.03912869999999983,0.03075209999999927,0.9936490250696385,0.2999999999999991,0.2999999999999947
all_zero,0.01,-0.02,915,-1.9999999999999463,9.910560616838169e-26,True,0,0.13042899999999982,0.10250699999999936,0.03912869999999983,0.03075209999999927,0.9936490250696385,0.2999999999999991,0.2999999999999947
all_zero,0.01,-0.02,916,-1.9999999999999463,9.910560616838169e-26,True,0,0.13042899999999982,0.10250699999999936,0.03912869999999983,0.03075209999999927,0.9936490250696385,0.2999999999999991,0.2999999999999947
all_zero,0.01,-0.02,917,-1.9999999999999463,9.910560616838169e-26,True,0,0.13042899999999982,0.10250699999999936,0.03912869999999983,0.03075209999999927,0.9936490250696385,0.2999999999999991,0.2999999999999947
all_zero,0.01,-0.02,918,-1.9999999999999463,9.910560616838169e-26,True,0,0.13042899999999982,0.10250699999999936,0.03912869999999983,0.03075209999999927,0.9936490250696385,0.2999999999999991,0.2999999999999947
all_zero,0.01,-0.02,919,-1.9999999999999463,9.910560616838169e-26,True,0,0.13042899999999982,0.10250699999999936,0.03912869999999983,0.03075209999999927,0.9936490250696385,0.2999999999999991,0.2999999999999947
all_zero,0.01,-0.02,920,-1.9999999999999463,9.910560616838169e-26,True,0,0.13042899999999982,0.10250699999999936,0.03912869999999983,0.03075209999999927,0.9936490250696385,0.2999999999999991,0.2999999999999947
all_zero,0.01,-0.02,921,-1.9999999999999463,9.910560616838169e-26,True,0,0.13042899999999982,0.10250699999999936,0.03912869999999983,0.03075209999999927,0.9936490250696385,0.2999999999999991,0.2999999999999947
all_zero,0.01,-0.02,922,-1.9999999999999463,9.910560616838169e-26,True,0,0.13042899999999982,0.10250699999999936,0.03912869999999983,0.03075209999999927,0.9936490250696385,0.2999999999999991,0.2999999999999947
all_zero,0.01,-0.02,923,-1.9999999999999463,9.910560616838169e-26,True,0,0.13042899999999982,0.10250699999999936,0.03912869999999983,0.03075209999999927,0.9936490250696385,0.2999999999999991,0.2999999999999947
all_zero,0.01,-0.02,924,-1.9999999999999463,9.910560616838169e-26,True,0,0.13042899999999982,0.10250699999999936,0.03912869999999983,0.03075209999999927,0.9936490250696385,0.2999999999999991,0.2999999999999947
all_zero,0.01,-0.02,925,-1.9999999999999463,9.910560616838169e-26,True,0,0.13042899999999982,0.10250699999999936,0.03912869999999983,0.03075209999999927,0.9936490250696385,0.2999999999999991,0.2999999999999947
all_zero,0.01,-0.02,926,-1.9999999999999463,9.910560616838169e-26,True,0,0.13042899999999982,0.10250699999999936,0.03912869999999983,0.03075209999999927,0.9936490250696385,0.2999999999999991,0.2999999999999947
all_zero,0.01,-0.02,927,-1.9999999999999463,9.910560616838169e-26,True,0,0.13042899999999982,0.10250699999999936,0.03912869999999983,0.03075209999999927,0.9936490250696385,0.2999999999999991,0.2999999999999947
all_zero,0.01,-0.02,928,-1.9999999999999463,9.910560616838169e-26,True,0,0.13042899999999982,0.10250699999999936,0.03912869999999983,0.03075209999999927,0.9936490250696385,0.2999999999999991,0.2999999999999947
all_zero,0.01,-0.02,929,-1.9999999999999463,9.910560616838169e-26,True,0,0.13042899999999982,0.10250699999999936,0.03912869999999983,0.03075209999999927,0.9936490250696385,0.2999999999999991,0.2999999999999947
all_zero,0.01,-0.02,930,-1.9999999999999463,9.910560616838169e-26,True,0,0.13042899999999982,0.10250699999999936,0.03912869999999983,0.03075209999999927,0.9936490250696385,0.2999999999999991,0.2999999999999947
all_zero,0.01,-0.02,931,-1.9999999999999463,9.910560616838169e-26,True,0,0.13042899999999982,0.10250699999999936,0.03912869999999983,0.03075209999999927,0.9936490250696385,0.2999999999999991,0.2999999999999947
all_zero,0.01,-0.02,932,-1.9999999999999463,9.910560616838169e-26,True,0,0.13042899999999982,0.10250699999999936,0.03912869999999983,0.03075209999999927,0.9936490250696385,0.2999999999999991,0.2999999999999947
all_zero,0.01,-0.02,933,-1.9999999999999463,9.910560616838169e-26,True,0,0.13042899999999982,0.10250699999999936,0.03912869999999983,0.03075209999999927,0.9936490250696385,0.2999999999999991,0.2999999999999947
all_zero,0.01,-0.02,934,-1.9999999999999463,9.910560616838169e-26,True,0,0.13042899999999982,0.10250699999999936,0.03912869999999983,0.03075209999999927,0.9936490250696385,0.2999999999999991,0.2999999999999947
all_zero,0.01,-0.02,935,-1.9999999999999463,9.910560616838169e-26,True,0,0.13042899999999982,0.10250699999999936,0.03912869999999983,0.03075209999999927,0.9936490250696385,0.2999999999999991,0.2999999999999947
all_zero,0.01,-0.02,936,-1.9999999999999463,9.910560616838169e-26,True,0,0.13042899999999982,0.10250699999999936,0.03912869999999983,0.03075209999999927,0.9936490250696385,0.2999999999999991,0.2999999999999947
all_zero,0.01,-0.02,937,-1.9999999999999463,9.910560616838169e-26,True,0,0.13042899999999982,0.10250699999999936,0.03912869999999983,0.03075209999999927,0.9936490250696385,0.2999999999999991,0.2999999999999947
all_zero,0.01,-0.02,938,-1.9999999999999463,9.910560616838169e-26,True,0,0.13042899999999982,0.10250699999999936,0.03912869999999983,0.03075209999999927,0.9936490250696385,0.2999999999999991,0.2999999999999947
all_zero,0.01,-0.02,939,-1.9999999999999463,9.910560616838169e-26,True,0,0.13042899999999982,0.10250699999999936,0.03912869999999983,0.03075209999999927,0.9936490250696385,0.2999999999999991,0.2999999999999947
all_zero,0.01,-0.02,940,-1.9999999999999463,9.910560616838169e-26,True,0,0.13042899999999982,0.10250699999999936,0.03912869999999983,0.03075209999999927,0.9936490250696385,0.2999999999999991,0.2999999999999947
all_zero,0.01,-0.02,941,-1.9999999999999463,9.910560616838169e-26,True,0,0.13042899999999982,0.10250699999999936,0.03912869999999983,0.03075209999999927,0.9936490250696385,0.2999999999999991,0.2999999999999947
all_zero,0.01,-0.02,942,-1.9999999999999463,9.910560616838169e-26,True,0,0.13042899999999982,0.10250699999999936,0.03912869999999983,0.03075209999999927,0.9936490250696385,0.2999999999999991,0.2999999999999947
all_zero,0.01,-0.02,943,-1.9999999999999463,9.910560616838169e-26,True,0,0.13042899999999982,0.10250699999999936,0.03912869999999983,0.03075209999999927,0.9936490250696385,0.2999999999999991,0.2999999999999947
all_zero,0.01,-0.02,944,-1.9999999999999463,9.910560616838169e-26,True,0,0.13042899999999982,0.10250699999999936,0.03912869999999983,0.03075209999999927,0.9936490250696385,0.2999999999999991,0.2999999999999947
all_zero,0.01,-0.02,945,-1.9999999999999463,9.910560616838169e-26,True,0,0.13042899999999982,0.10250699999999936,0.03912869999999983,0.03075209999999927,0.9936490250696385,0.2999999999999991,0.2999999999999947
all_zero,0.01,-0.02,946,-1.9999999999999463,9.910560616838169e-26,True,0,0.13042899999999982,0.10250699999999936,0.03912869999999983,0.03075209999999927,0.9936490250696385,0.2999999999999991,0.2999999999999947
all_zero,0.01,-0.02,947,-1.9999999999999463,9.910560616838169e-26,True,0,0.13042899999999982,0.10250699999999936,0.03912869999999983,0.03075209999999927,0.9936490250696385,0.2999999999999991,0.2999999999999947
all_zero,0.01,-0.02,948,-1.9999999999999463,9.910560616838169e-26,True,0,0.13042899999999982,0.10250699999999936,0.03912869999999983,0.03075209999999927,0.9936490250696385,0.2999999999999991,0.2999999999999947
all_zero,0.01,-0.02,949,-1.9999999999999463,9.910560616838169e-26,True,0,0.13042899999999982,0.10250699999999936,0.03912869999999983,0.03075209999999927,0.9936490250696385,0.2999999999999991,0.2999999999999947
all_zero,0.01,-0.02,950,-1.9999999999999463,9.910560616838169e-26,True,0,0.13042899999999982,0.10250699999999936,0.03912869999999983,0.03075209999999927,0.9936490250696385,0.2999999999999991,0.2999999999999947
all_zero,0.01,-0.02,951,-1.9999999999999463,9.910560616838169e-26,True,0,0.13042899999999982,0.10250699999999936,0.03912869999999983,0.03075209999999927,0.9936490250696385,0.2999999999999991,0.2999999999999947
all_zero,0.01,-0.02,952,-1.9999999999999463,9.910560616838169e-26,True,0,0.13042899999999982,0.10250699999999936,0.03912869999999983,0.03075209999999927,0.9936490250696385,0.2999999999999991,0.2999999999999947
all_zero,0.01,-0.02,953,-1.9999999999999463,9.910560616838169e-26,True,0,0.13042899999999982,0.10250699999999936,0.03912869999999983,0.03075209999999927,0.9936490250696385,0.2999999999999991,0.2999999999999947
all_zero,0.01,-0.02,954,-1.9999999999999463,9.910560616838169e-26,True,0,0.13042899999999982,0.10250699999999936,0.03912869999999983,0.03075209999999927,0.9936490250696385,0.2999999999999991,0.2999999999999947
all_zero,0.01,-0.02,955,-1.9999999999999463,9.910560616838169e-26,True,0,0.13042899999999982,0.10250699999999936,0.03912869999999983,0.03075209999999927,0.9936490250696385,0.2999999999999991,0.2999999999999947
all_zero,0.01,-0.02,956,-1.9999999999999463,9.910560616838169e-26,True,0,0.13042899999999982,0.10250699999999936,0.03912869999999983,0.03075209999999927,0.9936490250696385,0.2999999999999991,0.2999999999999947
all_zero,0.01,-0.02,957,-1.9999999999999463,9.910560616838169e-26,True,0,0.13042899999999982,0.10250699999999936,0.03912869999999983,0.03075209999999927,0.9936490250696385,0.2999999999999991,0.2999999999999947
all_zero,0.01,-0.02,958,-1.9999999999999463,9.910560616838169e-26,True,0,0.13042899999999982,0.10250699999999936,0.03912869999999983,0.03075209999999927,0.9936490250696385,0.2999999999999991,0.2999999999999947
all_zero,0.01,-0.02,959,-1.9999999999999463,9.910560616838169e-26,True,0,0.13042899999999982,0.10250699999999936,0.03912869999999983,0.03075209999999927,0.9936490250696385,0.2999999999999991,0.2999999999999947
all_zero,0.01,-0.02,960,-1.9999999999999463,9.910560616838169e-26,True,0,0.13042899999999982,0.10250699999999936,0.03912869999999983,0.03075209999999927,0.9936490250696385,0.2999999999999991,0.2999999999999947
all_zero,0.01,-0.02,961,-1.9999999999999463,9.910560616838169e-26,True,0,0.13042899999999982,0.10250699999999936,0.03912869999999983,0.03075209999999927,0.9936490250696385,0.2999999999999991,0.2999999999999947
all_zero,0.01,-0.02,962,-1.9999999999999463,9.910560616838169e-26,True,0,0.13042899999999982,0.10250699999999936,0.03912869999999983,0.03075209999999927,0.9936490250696385,0.2999999999999991,0.2999999999999947
all_zero,0.01,-0.02,963,-1.9999999999999463,9.910560616838169e-26,True,0,0.13042899999999982,0.10250699999999936,0.03912869999999983,0.03075209999999927,0.9936490250696385,0.2999999999999991,0.2999999999999947
all_zero,0.01,-0.02,964,-1.9999999999999463,9.910560616838169e-26,True,0,0.13042899999999982,0.10250699999999936,0.03912869999999983,0.03075209999999927,0.9936490250696385,0.2999999999999991,0.2999999999999947
all_zero,0.01,-0.02,965,-1.9999999999999463,9.910560616838169e-26,True,0,0.13042899999999982,0.10250699999999936,0.03912869999999983,0.03075209999999927,0.9936490250696385,0.2999999999999991,0.2999999999999947
all_zero,0.01,-0.02,966,-1.9999999999999463,9.910560616838169e-26,True,0,0.13042899999999982,0.10250699999999936,0.03912869999999983,0.03075209999999927,0.9936490250696385,0.2999999999999991,0.2999999999999947
all_zero,0.01,-0.02,967,-1.9999999999999463,9.910560616838169e-26,True,0,0.13042899999999982,0.10250699999999936,0.03912869999999983,0.03075209999999927,0.9936490250696385,0.2999999999999991,0.2999999999999947
all_zero,0.01,-0.02,968,-1.9999999999999463,9.910560616838169e-26,True,0,0.13042899999999982,0.10250699999999936,0.03912869999999983,0.03075209999999927,0.9936490250696385,0.2999999999999991,0.2999999999999947
all_zero,0.01,-0.02,969,-1.9999999999999463,9.910560616838169e-26,True,0,0.13042899999999982,0.10250699999999936,0.03912869999999983,0.03075209999999927,0.9936490250696385,0.2999999999999991,0.2999999999999947
all_zero,0.01,-0.02,970,-1.9999999999999463,9.910560616838169e-26,True,0,0.13042899999999982,0.10250699999999936,0.03912869999999983,0.03075209999999927,0.9936490250696385,0.2999999999999991,0.2999999999999947
all_zero,0.01,-0.02,971,-1.9999999999999463,9.910560616838169e-26,True,0,0.13042899999999982,0.10250699999999936,0.03912869999999983,0.03075209999999927,0.9936490250696385,0.2999999999999991,0.2999999999999947
all_zero,0.01,-0.02,972,-1.9999999999999463,9.910560616838169e-26,True,0,0.13042899999999982,0.10250699999999936,0.03912869999999983,0.03075209999999927,0.9936490250696385,0.2999999999999991,0.2999999999999947
all_zero,0.01,-0.02,973,-1.9999999999999463,9.910560616838169e-26,True,0,0.13042899999999982,0.10250699999999936,0.03912869999999983,0.03075209999999927,0.9936490250696385,0.2999999999999991,0.2999999999999947
all_zero,0.01,-0.02,974,-1.9999999999999463,9.910560616838169e-26,True,0,0.13042899999999982,0.10250699999999936,0.03912869999999983,0.03075209999999927,0.9936490250696385,0.2999999999999991,0.2999999999999947
all_zero,0.01,-0.02,975,-1.9999999999999463,9.910560616838169e-26,True,0,0.13042899999999982,0.10250699999999936,0.03912869999999983,0.03075209999999927,0.9936490250696385,0.2999999999999991,0.2999999999999947
all_zero,0.01,-0.02,976,-1.9999999999999463,9.910560616838169e-26,True,0,0.13042899999999982,0.10250699999999936,0.03912869999999983,0.03075209999999927,0.9936490250696385,0.2999999999999991,0.2999999999999947
all_zero,0.01,-0.02,977,-1.9999999999999463,9.910560616838169e-26,True,0,0.13042899999999982,0.10250699999999936,0.03912869999999983,0.03075209999999927,0.9936490250696385,0.2999999999999991,0.2999999999999947
all_zero,0.01,-0.02,978,-1.9999999999999463,9.910560616838169e-26,True,0,0.13042899999999982,0.10250699999999936,0.03912869999999983,0.03075209999999927,0.9936490250696385,0.2999999999999991,0.2999999999999947
all_zero,0.01,-0.02,979,-1.9999999999999463,9.910560616838169e-26,True,0,0.13042899999999982,0.10250699999999936,0.03912869999999983,0.03075209999999927,0.9936490250696385,0.2999999999999991,0.2999999999999947
all_zero,0.01,-0.02,980,-1.9999999999999463,9.910560616838169e-26,True,0,0.13042899999999982,0.10250699999999936,0.03912869999999983,0.03075209999999927,0.9936490250696385,0.2999999999999991,0.2999999999999947
all_zero,0.01,-0.02,981,-1.9999999999999463,9.910560616838169e-26,True,0,0.13042899999999982,0.10250699999999936,0.03912869999999983,0.03075209999999927,0.9936490250696385,0.2999999999999991,0.2999999999999947
all_zero,0.01,-0.02,982,-1.9999999999999463,9.910560616838169e-26,True,0,0.13042899999999982,0.10250699999999936,0.03912869999999983,0.03075209999999927,0.9936490250696385,0.2999999999999991,0.2999999999999947
all_zero,0.01,-0.02,983,-1.9999999999999463,9.910560616838169e-26,True,0,0.13042899999999982,0.10250699999999936,0.03912869999999983,0.03075209999999927,0.9936490250696385,0.2999999999999991,0.2999999999999947
all_zero,0.01,-0.02,984,-1.9999999999999463,9.910560616838169e-26,True,0,0.13042899999999982,0.10250699999999936,0.03912869999999983,0.03075209999999927,0.9936490250696385,0.2999999999999991,0.2999999999999947
all_zero,0.01,-0.02,985,-1.9999999999999463,9.910560616838169e-26,True,0,0.13042899999999982,0.10250699999999936,0.03912869999999983,0.03075209999999927,0.9936490250696385,0.2999999999999991,0.2999999999999947
all_zero,0.01,-0.02,986,-1.9999999999999463,9.910560616838169e-26,True,0,0.13042899999999982,0.10250699999999936,0.03912869999999983,0.03075209999999927,0.9936490250696385,0.2999999999999991,0.2999999999999947
all_zero,0.01,-0.02,987,-1.9999999999999463,9.910560616838169e-26,True,0,0.13042899999999982,0.10250699999999936,0.03912869999999983,0.03075209999999927,0.9936490250696385,0.2999999999999991,0.2999999999999947
all_zero,0.01,-0.02,988,-1.9999999999999463,9.910560616838169e-26,True,0,0.13042899999999982,0.10250699999999936,0.03912869999999983,0.03075209999999927,0.9936490250696385,0.2999999999999991,0.2999999999999947
all_zero,0.01,-0.02,989,-1.9999999999999463,9.910560616838169e-26,True,0,0.13042899999999982,0.10250699999999936,0.03912869999999983,0.03075209999999927,0.9936490250696385,0.2999999999999991,0.2999999999999947
all_zero,0.01,-0.02,990,-1.9999999999999463,9.910560616838169e-26,True,0,0.13042899999999982,0.10250699999999936,0.03912869999999983,0.03075209999999927,0.9936490250696385,0.2999999999999991,0.2999999999999947
all_zero,0.01,-0.02,991,-1.9999999999999463,9.910560616838169e-26,True,0,0.13042899999999982,0.10250699999999936,0.03912869999999983,0.03075209999999927,0.9936490250696385,0.2999999999999991,0.2999999999999947
all_zero,0.01,-0.02,992,-1.9999999999999463,9.910560616838169e-26,True,0,0.13042899999999982,0.10250699999999936,0.03912869999999983,0.03075209999999927,0.9936490250696385,0.2999999999999991,0.2999999999999947
all_zero,0.01,-0.02,993,-1.9999999999999463,9.910560616838169e-26,True,0,0.13042899999999982,0.10250699999999936,0.03912869999999983,0.03075209999999927,0.9936490250696385,0.2999999999999991,0.2999999999999947
all_zero,0.01,-0.02,994,-1.9999999999999463,9.910560616838169e-26,True,0,0.13042899999999982,0.10250699999999936,0.03912869999999983,0.03075209999999927,0.9936490250696385,0.2999999999999991,0.2999999999999947
all_zero,0.01,-0.02,995,-1.9999999999999463,9.910560616838169e-26,True,0,0.13042899999999982,0.10250699999999936,0.03912869999999983,0.03075209999999927,0.9936490250696385,0.2999999999999991,0.2999999999999947
all_zero,0.01,-0.02,996,-1.9999999999999463,9.910560616838169e-26,True,0,0.13042899999999982,0.10250699999999936,0.03912869999999983,0.03075209999999927,0.9936490250696385,0.2999999999999991,0.2999999999999947
all_zero,0.01,-0.02,997,-1.9999999999999463,9.910560616838169e-26,True,0,0.13042899999999982,0.10250699999999936,0.03912869999999983,0.03075209999999927,0.9936490250696385,0.2999999999999991,0.2999999999999947
all_zero,0.01,-0.02,998,-1.9999999999999463,9.910560616838169e-26,True,0,0.13042899999999982,0.10250699999999936,0.03912869999999983,0.03075209999999927,0.9936490250696385,0.2999999999999991,0.2999999999999947
all_zero,0.01,-0.02,999,-1.9999999999999463,9.910560616838169e-26,True,0,0.13042899999999982,0.10250699999999936,0.03912869999999983,0.03075209999999927,0.9936490250696385,0.2999999999999991,0.2999999999999947
baseline,0.01,-0.02,0,1.65968173630342,148.94047575619766,True,0,0.09746807186564822,0.07149527136995958,0.010351980424941438,3.5700490246346886e-14,1.030755547409873,0.10620893823785493,4.993405796253442e-13
baseline,0.01,-0.02,1,-4.179247479454129,66.85565963693215,True,0,0.15762712695072822,0.13102286744726427,0.06275392454922356,0.06021489353128633,0.9715530339130556,0.3981162745473338,0.4595754520143011
baseline,0.01,-0.02,2,-3.013818525265932,47.199853390250425,True,0,0.15044017360239217,0.11674371527054686,0.05959792821363488,0.04497428132638265,0.9833696394652702,0.39615700239186113,0.38523942142973033
baseline,0.01,-0.02,3,0.35512399133819095,51.646378706625526,True,0,0.0996328878433399,0.07149779635638269,0.011443539222135408,4.349716569157516e-17,1.0175282766809777,0.11485704640147462,6.083707178157263e-16
baseline,0.01,-0.02,4,-2.576348720881372,63.344891841454185,True,0,0.1386216097875214,0.10215684779866331,0.04681439469660669,0.03157031158264351,0.9878052664512307,0.33771354097217304,0.30903764420045654
baseline,0.01,-0.02,5,0.030150711961440813,86.32775780143663,True,0,0.1365215699815498,0.10777458453522935,0.044891486303996,0.033895323361526855,1.0142332829847902,0.3288233962593813,0.3145020090561996
baseline,0.01,-0.02,6,-4.612165946655944,117.2645303247683,True,0,0.10900613839952138,0.07196190467402698,0.016376466277850606,4.596976604525281e-16,0.9671635541898952,0.1502343493522243,6.3880696673450545e-15
baseline,0.01,-0.02,7,-2.6805991777627547,51.50162109030259,True,0,0.10951038736262003,0.09059535744324688,0.021103674287075592,0.019303167264494846,0.9867482423201771,0.19270933831322618,0.21307015954528621
baseline,0.01,-0.02,8,1.5701114248064751,73.81087588452849,True,0,0.14867565732443613,0.12345379552175204,0.05608512706672911,0.04788046704290331,1.0298473693211576,0.3772314047641411,0.38784119062963096
baseline,0.01,-0.02,9,-3.054449957256178,41.487901675124554,True,0,0.1100031516848047,0.08252171839924002,0.021225758648611894,0.013895532869136517,0.982957666171553,0.19295591374900503,0.1683863731716048
baseline,0.01,-0.02,10,0.4645058617259945,39.42736259445533,True,0,0.14024087393621976,0.1144854144898749,0.04781007870165435,0.03929750329342393,1.0186373296286424,0.3409140100153535,0.34325336086283204
baseline,0.01,-0.02,11,-4.841455294830588,81.77853446657781,True,0,0.13502734857242868,0.11219353316750628,0.04355150598166943,0.04225731326852967,0.9648387262585423,0.3225384075308892,0.3766466040911555
baseline,0.01,-0.02,12,-1.432585548648857,35.67505213059628,True,0,0.11092251990316622,0.07116966209064694,0.020210492789246397,2.0183495780961673e-18,0.9994021966655102,0.1822036932346098,2.835969033442154e-17
baseline,0.01,-0.02,13,-0.43772486446428394,50.872371255998964,True,0,0.11865076060282775,0.07250398934424843,0.024341903183462854,2.38503800271974e-15,1.0094893634912256,0.2051558966819023,3.289526582317556e-14
baseline,0.01,-0.02,14,-0.5393875157452821,77.22974397279975,True,0,0.11601872454838634,0.07160695071589794,0.024672361712662207,2.6581763926947425e-18,1.0084585778347832,0.21265844637321835,3.7121764942081e-17
baseline,0.01,-0.02,15,0.7280001855044294,140.15046731030637,True,0,0.1430499224205233,0.10045894478879196,0.051478988585805484,0.02824247555132014,1.0213089712402121,0.3598672946810338,0.2811345033605321
baseline,0.01,-0.02,16,-3.525391095997088,100.45611301432598,True,0,0.10139608501110484,0.0717084229488864,0.011468760837530787,2.0477666041590951e-16,0.978182664096297,0.11310851731873806,2.855684897182495e-15
baseline,0.01,-0.02,17,-2.8642612074294416,64.15630771056638,True,0,0.13104942284027207,0.10806846443004939,0.03959575054574811,0.03656387732332511,0.9848860423536402,0.3021436469354687,0.33833993585605354
baseline,0.01,-0.02,18,-5.755142293715732,43.54339725831262,True,0,0.1449711643440271,0.11625911374691618,0.053433278069607584,0.047442616459549725,0.9555746018130216,0.3685786639804212,0.4080765363722563
baseline,0.01,-0.02,19,-0.16762765638095312,103.6134143489385,True,0,0.14418590898278652,0.11804597578325728,0.04980922332010914,0.04206921127397927,1.0122279535676137,0.34545139446362655,0.35637988499685935
baseline,0.01,-0.02,20,-5.20995531789149,77.66089818744949,True,0,0.10871021152883145,0.06959127187946203,0.01852605728637334,5.275545065793339e-18,0.9611024029049442,0.17041690036137933,7.580756786470334e-17
baseline,0.01,-0.02,21,-2.037821424317088,53.351946614486735,True,0,0.09316285539738672,0.07206925662414482,0.0034648933915455513,1.0444181981110829e-17,0.9932655432186234,0.03719179040580098,1.4491868614073915e-16
baseline,0.01,-0.02,22,-0.8030754103911519,50.01367666185756,True,0,0.16180955641500727,0.13227288326578418,0.06849639246740206,0.05825457109168052,1.0057849735548083,0.42331487697626036,0.44041204556360936
baseline,0.01,-0.02,23,-2.8134964654938033,84.43746160367567,True,0,0.11014685383400585,0.06809268859766285,0.02079362737615581,4.235986650448651e-22,0.9854007600713163,0.1887809470027382,6.220912608514688e-21
baseline,0.01,-0.02,24,-1.0869785795073472,84.45403352774899,True,0,0.11148801222428754,0.0682054499734708,0.02328945523429738,1.0507469529539044e-20,1.0029064010322932,0.20889649720765044,1.5405615729572973e-19
baseline,0.01,-0.02,25,-3.5698699681032786,36.218086873977754,True,0,0.13230017445845188,0.10922963517233168,0.04086090410271724,0.03991601286921178,0.9777316805462509,0.30884996387929464,0.36543208082894585
baseline,0.01,-0.02,26,-2.342799725140554,47.58546166722358,True,0,0.12440257339265252,0.10417959818737706,0.035837413548100654,0.034696482900090676,0.9901732841239231,0.28807614320796104,0.33304489078260513
baseline,0.01,-0.02,27,-3.775613364970265,35.16462632007831,True,0,0.1219108277532174,0.09596845850192992,0.030176773961312384,0.02424004144017183,0.9756455915083795,0.24753153200139744,0.25258341978770416
baseline,0.01,-0.02,28,-1.5896222901175316,62.76502140301476,True,0,0.09960827317702779,0.07185640649192762,0.009528545110828446,5.36555983942028e-17,0.9978099578383627,0.09566017768317232,7.467058403516253e-16
baseline,0.01,-0.02,29,-2.4179482605428015,54.59233698302665,True,0,0.1600644765713593,0.12958840363088817,0.0668298771508528,0.05630674081103664,0.9894113324000674,0.417518481191915,0.43450447133693676
baseline,0.01,-0.02,30,-3.621459847455999,106.877869320787,True,0,0.10769110135746619,0.07067917144905585,0.015394899908741936,1.9767249520876283e-21,0.9772085965327582,0.14295424333753098,2.7967573919742573e-20
baseline,0.01,-0.02,31,2.7360033576955267,44.32105393097959,True,0,0.13389451244056647,0.09718025016280755,0.03850454208577168,0.02022357286579187,1.041668669142094,0.2875737129470724,0.20810373333996374
baseline,0.01,-0.02,32,-1.930558678706784,66.81610093060853,True,0,0.13750110296035947,0.10098266494386132,0.04434672345142374,0.027791280888006226,0.9943531097757864,0.3225190380051611,0.27520843209531126
baseline,0.01,-0.02,33,-8.48214784105361,103.84081960923633,True,0,0.12772707123725904,0.09865051903623061,0.03642951444957318,0.03188935092660839,0.9279247405531055,0.28521373031331504,0.32325578454277204
baseline,0.01,-0.02,34,-1.3044504081211272,119.88361066728936,True,0,0.10635141195267504,0.06832108003881893,0.017130614707553164,6.494087567472818e-17,1.0007013941906382,0.16107557382666493,9.505247229380717e-16
baseline,0.01,-0.02,35,1.9649105775060516,141.8511727621085,True,0,0.105304449668694,0.06984645193960322,0.018989435188222013,3.14888233753232e-14,1.0338503468025684,0.1803288963378666,4.508292475980288e-13
baseline,0.01,-0.02,36,-5.02553781600149,64.86729804694993,True,0,0.15113445903615633,0.11043266734686788,0.05541863046251189,0.038718566144778234,0.9629722628126869,0.36668428110927326,0.3506079050247298
baseline,0.01,-0.02,37,-6.439468839101147,55.33427176160501,True,0,0.12456577239080974,0.09094864895307639,0.034325208804353316,0.023334557786186687,0.9486360262553533,0.2755589127377801,0.25656849282308536
baseline,0.01,-0.02,38,-2.0659257609994097,39.064473388226745,True,0,0.1111281135020744,0.08903236941943725,0.021266047341263642,0.017302256047851756,0.9929805855987803,0.19136514308655725,0.19433669080893162
baseline,0.01,-0.02,39,-2.5935984507712506,45.31851100473626,True,0,0.1097714047974626,0.07206532528647501,0.015586983850691682,5.0539298564182785e-21,0.9876303666829879,0.1419949382942759,7.012984172801318e-20
baseline,0.01,-0.02,40,-6.214777514624037,46.88088859877528,True,0,0.18417273197629735,0.1462802701159471,0.08852288271018449,0.07447090688326886,0.9509142335564582,0.48065140675427026,0.5090974115937884
baseline,0.01,-0.02,41,1.0132833110676254,64.60990792589874,True,0,0.1072726230495766,0.0697148729208266,0.020127555267744273,6.467421230312372e-14,1.0242015355216885,0.18762993479186407,9.276960509785703e-13
baseline,0.01,-0.02,42,-2.2050803810045427,41.98734750123047,True,0,0.13146460494135778,0.09819473300725245,0.040120626709053975,0.025592141079422988,0.9915696585324331,0.3051819668643931,0.26062641340990056
baseline,0.01,-0.02,43,-5.127175937302175,52.51204170432426,True,0,0.10398735163576725,0.06796270958334075,0.014688054971306435,1.0044619149892012e-14,0.9619417258724794,0.14124847628347875,1.4779603714261243e-13
baseline,0.01,-0.02,44,-3.1990096313757155,51.552591702569536,True,0,0.14017239694470415,0.09957807595744775,0.045746503326745486,0.02757659405874203,0.9814919357710095,0.32635885754876387,0.2769343933751664
baseline,0.01,-0.02,45,0.09221625596433913,186.76994941320703,True,0,0.1137012443778721,0.06773118930375194,0.026431739619289647,8.436174829600567e-16,1.0148625826510034,0.23246658173279977,1.2455376786264773e-14
baseline,0.01,-0.02,46,-2.657183706665256,69.76674352379918,True,0,0.10170905172249883,0.06795995937688866,0.012795415827418204,6.0426147067818985e-21,0.9869856582388258,0.12580410111706664,8.891433665036633e-20
baseline,0.01,-0.02,47,-3.4843927338203406,51.4995869944881,True,0,0.1006056088321628,0.06729160871394564,0.01175407950733033,5.527786947056229e-15,0.9785983577963621,0.11683324263699148,8.21467498355503e-14
baseline,0.01,-0.02,48,-4.593985679643642,53.96136530449894,True,0,0.11126294190561929,0.08995385550797183,0.023326862210944974,0.0224872456687456,0.9673478889306327,0.20965527076151183,0.24998645740929637
baseline,0.01,-0.02,49,-3.954600284960308,47.18480602430188,True,0,0.1342031954159296,0.10398115292930248,0.04356350290325104,0.03413431352361538,0.9738307937680905,0.32460853684024993,0.32827404353578904
baseline,0.01,-0.02,50,-0.16782308473674012,56.17168794547335,True,0,0.13140985160956628,0.10348510069772916,0.040858667163068504,0.03150039921794046,1.012225972065622,0.3109254493678623,0.3043955024013587
baseline,0.01,-0.02,51,1.2721402052924047,94.06514648077177,True,0,0.11833045805241046,0.07649277292554804,0.02364972722423724,2.3183641157101185e-15,1.026826156956168,0.1998617060517284,3.030827654746716e-14
baseline,0.01,-0.02,52,-2.8459692604770326,87.39677963295728,True,0,0.11925596186225194,0.07306536530877397,0.02495483066231277,2.151578724917469e-13,0.9850715094480881,0.20925436575772333,2.9447313591397307e-12
baseline,0.01,-0.02,53,1.462479737563882,77.73741630740957,True,0,0.13107428118491124,0.11340326122242295,0.04168023426256446,0.04010512737639448,1.0287560619630434,0.3179894170372343,0.35365056475522766
baseline,0.01,-0.02,54,5.411338312827252,54.90080219767851,True,0,0.12184237209692549,0.07402193530261786,0.030748512775903816,3.547579284643843e-17,1.0687946280186384,0.2523630511021519,4.792605421812552e-16
baseline,0.01,-0.02,55,-2.755744402507132,51.1511515088514,True,0,0.15342089001700146,0.11914007100631828,0.06238133025640966,0.04731031166631157,0.9859863241639946,0.40660258358230633,0.39709823291781143
baseline,0.01,-0.02,56,-1.6801443677232353,51.54270058013364,True,0,0.1264636254603918,0.08696922012250491,0.03470163259206544,0.014669838772125972,0.9968921295306057,0.2744001088513308,0.1686785135184842
baseline,0.01,-0.02,57,2.5813966950335887,226.93428295788922,True,0,0.11635024064822998,0.07000608716625796,0.027500338968658052,8.787253318117325e-15,1.040101069554101,0.23635824743845438,1.2552127498925078e-13
baseline,0.01,-0.02,58,-2.1490839339311285,60.44115281392238,True,0,0.11658484619336781,0.09932511506272697,0.025840326162822128,0.027452239648522284,0.9921374219512276,0.2216439529367592,0.2763876954100211
baseline,0.01,-0.02,59,-1.7210132460724226,112.3010943477406,True,0,0.12543248047804445,0.10495485402371166,0.035455028472859286,0.0335816879532709,0.9964777487027755,0.2826622605064825,0.31996317145735864
baseline,0.01,-0.02,60,-3.745648093308729,97.31269494493358,True,0,0.1383353778896479,0.10415926228250907,0.04683816184689769,0.03493867198668476,0.9759494176611594,0.33858411753688317,0.33543509449904996
baseline,0.01,-0.02,61,-2.313916904482971,45.89356293951772,True,0,0.12776893878350215,0.09823871290319797,0.03825735062547823,0.02843793498157974,0.9904661350074707,0.29942606544070405,0.28947788647843736
baseline,0.01,-0.02,62,-4.734990704610286,63.19174186445578,True,0,0.114884699372074,0.08600707705469819,0.022470792596323813,0.014918246578219344,0.9659182000981018,0.19559430210587275,0.17345370973055785
baseline,0.01,-0.02,63,-4.632301444174358,77.68709121889555,True,0,0.11818287160156363,0.08292529436036074,0.0240799981227629,0.010624547844536281,0.9669593948278701,0.20375201411542201,0.12812191896921307
baseline,0.01,-0.02,64,-2.094603547484264,56.698526199410885,True,0,0.14228720360118755,0.11025799940835906,0.049001877394098364,0.035934181847601464,0.9926898136132515,0.3443870998508357,0.3259099751530333
baseline,0.01,-0.02,65,0.5377797923982186,50.509940736071044,True,0,0.10845957800122191,0.07045962734315007,0.02091430254909799,5.64733705393009e-17,1.019380274218188,0.19283038837623329,8.014997051327879e-16
baseline,0.01,-0.02,66,-3.79597248448984,136.6433812478082,True,0,0.12813532479190612,0.0727223501002487,0.03278297092651467,3.199757575889225e-17,0.9754391647812173,0.25584647309205916,4.399964483378655e-16
baseline,0.01,-0.02,67,1.907488730395368,47.10940436038357,True,0,0.10436417306691645,0.07368855187283559,0.013384448518379449,2.8964647508855686e-22,1.0332681308597191,0.12824754055970508,3.930684858462141e-21
baseline,0.01,-0.02,68,1.7289400653664133,67.77858514656553,True,0,0.10644255666391893,0.07296503537104113,0.016262050615861834,6.920285455961278e-21,1.0314577767073363,0.15277771528175083,9.484385803104605e-20
baseline,0.01,-0.02,69,-4.288398076358768,66.50492277485645,True,0,0.10792296732012205,0.0727100239783875,0.019234682027311382,0.005000250941939365,0.9704463259110142,0.1782260301484975,0.06876976059622332
baseline,0.01,-0.02,70,1.4834539600776075,100.25084007123252,True,0,0.13137847550132728,0.09472345187544179,0.04103525005161515,0.021806378336880566,1.0289687253890878,0.3123437830666606,0.23021097632247645
baseline,0.01,-0.02,71,-3.087146646330907,41.569627949697846,True,0,0.09624728272733869,0.067513803251845,0.009763677960807128,2.611749199190946e-21,0.9826261454243885,0.10144367387978,3.868466999923564e-20
baseline,0.01,-0.02,72,-2.3974278929462356,71.44732024443184,True,0,0.14864929940324306,0.11900903706325057,0.0580155606828338,0.04764837187504712,0.989619394065949,0.3902847905488889,0.4003760811014974
baseline,0.01,-0.02,73,-3.521806271910688,60.48324944919327,True,0,0.1234348980265786,0.09266013809309172,0.033622210843023706,0.02367241800162551,0.9782190116162817,0.2723882093359368,0.25547574705579257
baseline,0.01,-0.02,74,-0.3812194057288498,67.66977112455035,True,0,0.10563671339829694,0.0725084681839248,0.016399407067172612,0.0012114062993959515,1.0100622879196295,0.15524344273509932,0.016707100973683536
baseline,0.01,-0.02,75,-1.2376020935908616,130.30523235490233,True,0,0.11151950418054102,0.06865681042721411,0.023768388263333575,6.849441299791059e-16,1.001379187686154,0.21313211924664305,9.976346493771994e-15
baseline,0.01,-0.02,76,1.4753994798323289,46.93098542060812,True,0,0.13632359751459935,0.11471986232827391,0.043133174931911315,0.03826983595498718,1.028887058792729,0.3164028511446233,0.3335938099845085
baseline,0.01,-0.02,77,-1.9442185889505081,38.303023950498755,True,0,0.1125081723327635,0.10042537146173534,0.02218884144526369,0.02993126629506612,0.9942146081788862,0.19721981954907358,0.29804486515114065
baseline,0.01,-0.02,78,1.0105911367662035,30.9590156286678,True,0,0.12174187029330906,0.07345837151736757,0.03043172196444262,2.510016706581126e-15,1.0241742388240362,0.2499692331908848,3.4169239730391916e-14
baseline,0.01,-0.02,79,0.28822750953751974,49.92818997588564,True,0,0.15282876686374178,0.11944591254683885,0.06018848062000794,0.04628129949613773,1.0168499948042244,0.3938295247364683,0.38746658223226554
baseline,0.01,-0.02,80,3.134344631977215,75.0985828670679,True,0,0.11133899090701295,0.07243411637082282,0.021292894104651107,1.9047187668000056e-20,1.0457075611710225,0.19124382151473157,2.629587909996573e-19
baseline,0.01,-0.02,81,-3.84837650556229,49.43261382166834,True,0,0.10347329426345464,0.07083277272842939,0.013840791351027478,9.616132263459123e-18,0.9749078259603156,0.13376196679103758,1.3575823581447348e-16
baseline,0.01,-0.02,82,-2.7313847932707525,52.931217632653336,True,0,0.15025797072409613,0.123341582588595,0.058108544995507876,0.050961792174967276,0.9862333129595946,0.3867252080903372,0.41317608470251255
baseline,0.01,-0.02,83,-3.1453396779160037,111.78369268252605,True,0,0.13214295363182638,0.11150010099020304,0.04190079678970238,0.041247986866578684,0.9820361102294868,0.31708687930833906,0.369936766875242
baseline,0.01,-0.02,84,-2.6898575232368716,141.97299477012706,True,0,0.11801736996887732,0.07829354515515699,0.027247397644867586,0.01110486293810451,0.986654369402278,0.23087616383972182,0.14183625120177693
baseline,0.01,-0.02,85,-3.661247836653514,37.10076397796128,True,0,0.12381178084029386,0.09992611836727519,0.032752800287456314,0.028469097120659922,0.9768051751381093,0.26453702600162504,0.2849014610576855
baseline,0.01,-0.02,86,1.7566423859711966,86.68141225263417,True,0,0.13194846447272038,0.10584348038721608,0.04236471662646717,0.032056854733628994,1.0317386581753067,0.3210701753579394,0.30287037629859404
baseline,0.01,-0.02,87,-0.17914551852443727,31.330697334317172,True,0,0.15170323161093038,0.12530091438265364,0.05914604526975755,0.051942224170231095,1.012111170787106,0.3898799296606152,0.41453986530063064
baseline,0.01,-0.02,88,4.025820636029431,71.49348938448391,True,0,0.14474724847696158,0.12496708310236929,0.05326817695561494,0.04793772474173997,1.0547464822148944,0.3680082178839708,0.38360281405040736
baseline,0.01,-0.02,89,-0.27803970949473733,183.08085321165726,True,0,0.10326219623105044,0.0692793532131337,0.014620994963819172,1.8393630738026255e-14,1.011108455313201,0.14159097421387895,2.654994581349421e-13
baseline,0.01,-0.02,90,-2.337346769486448,37.90976544573056,True,0,0.13283295004228027,0.10244873621023372,0.041274372876032514,0.03088556447107216,0.9902285731450399,0.31072390444460524,0.3014733574428121
baseline,0.01,-0.02,91,-3.0736682513469615,68.06078998595979,True,0,0.11084874554797351,0.0709350945843388,0.017301443794433945,1.6695039181293095e-20,0.9827628065880141,0.15608154795893622,2.353565506484721e-19
baseline,0.01,-0.02,92,-1.912136758182481,44.02661174264652,True,0,0.13504627063396238,0.11479898294774663,0.04608064879576941,0.04343427647596842,0.9945398947081219,0.3412211872230756,0.37835070800007453
baseline,0.01,-0.02,93,-3.699033241342642,48.41567568955674,True,0,0.11538265615262448,0.08738451067698058,0.0263970424851598,0.017747623068910406,0.9764220585000356,0.22877825286187412,0.2030980425640308
baseline,0.01,-0.02,94,-3.9920278579589463,167.50718986966447,True,0,0.0931163805004507,0.06680450115934033,0.006433377073520698,1.2071067152333543e-15,0.9734513052842045,0.06908963856783028,1.80692422559102e-14
baseline,0.01,-0.02,95,-3.813592472534899,38.49919270353004,True,0,0.1105398154556721,0.08933242465265415,0.01879269574165956,0.018133738222609917,0.9752605108634345,0.1700083871516474,0.20299167175992627
baseline,0.01,-0.02,96,-2.171076375673553,46.84484992374911,True,0,0.14960656543437278,0.10359396005167902,0.054264146648616854,0.03016707868008371,0.991914434519633,0.3627123347900173,0.29120499559080976
baseline,0.01,-0.02,97,-4.8622503246181115,60.62327382760584,True,0,0.13557727275890807,0.09660886280145566,0.044333007051333646,0.028025305259180774,0.964627879716964,0.32699438592609364,0.2900904166191935
baseline,0.01,-0.02,98,1.7952725947695924,74.44609199146274,True,0,0.10796116257794436,0.08201140623227161,0.017139520997363336,0.009287763223910877,1.0321303405152127,0.15875635819491268,0.11324965209846784
baseline,0.01,-0.02,99,-0.19797001272580106,39.56860707974556,True,0,0.11106380837999137,0.09291074943146305,0.02155338999782984,0.022043876629224586,1.0119203040492426,0.19406312742389964,0.23725862469213607
baseline,0.01,-0.02,100,-3.1032043332656856,42.203185479570834,True,0,0.11851567062322596,0.06825374810546422,0.02860987239734852,1.274556158347397e-14,0.9824633321083925,0.24140159901978175,1.8673789992865743e-13
baseline,0.01,-0.02,101,-1.7112565029418714,47.16145525365589,True,0,0.12121308474374255,0.0835956275875241,0.029859766104784236,0.011572918276779106,0.9965766750119543,0.24634111216549748,0.1384392773971621
baseline,0.01,-0.02,102,-2.7170597460107415,55.57354921809357,True,0,0.12599470602202886,0.09578122543033854,0.033295855697341316,0.023732306481302954,0.986378558564125,0.26426392622813755,0.24777618342921917
baseline,0.01,-0.02,103,-2.4930149299925763,78.20579181104995,True,0,0.13412956839863016,0.09639541338930029,0.03907881995737145,0.02189496655482322,0.9886502107376798,0.29135126895532865,0.22713701601546865
baseline,0.01,-0.02,104,1.024469577857201,84.40514056344428,True,0,0.13619927162226114,0.10795272412110694,0.04628033042316363,0.03486381297540927,1.0243149561654603,0.3397986631787488,0.32295445306500314
baseline,0.01,-0.02,105,-0.014642367710371307,65.06304733794168,True,0,0.10895684211181897,0.07181758488778506,0.01936435606506563,5.793519381916238e-19,1.0137791135975884,0.17772501193814522,8.066992771991162e-18
baseline,0.01,-0.02,106,-0.6222201773049996,52.48557587485398,True,0,0.10764431875674635,0.07552549049223772,0.01840708650316068,0.005514052923374713,1.007618714636796,0.17099914529402008,0.07300916402444854
baseline,0.01,-0.02,107,0.2349898507951309,42.16740731215452,True,0,0.11725445117592345,0.08459162701646385,0.025161478863322154,0.011297738337604455,1.0163102035010982,0.21458868819888954,0.13355622460607838
baseline,0.01,-0.02,108,-1.0699967447974967,92.32448757378424,True,0,0.14293842915814184,0.11367001136486761,0.05084128129666821,0.040992849353637735,1.0030785845374293,0.35568658195074526,0.36063029167873856
baseline,0.01,-0.02,109,-2.4431377111246433,41.34725865286262,True,0,0.11013482474083242,0.08285568939086073,0.022240924870860716,0.014141967350039858,0.9891559296142237,0.20194270906770606,0.17068191036739797
baseline,0.01,-0.02,110,-6.371384023877191,52.71059803302005,True,0,0.1268172160340685,0.09305151189013013,0.03637445973178233,0.025308543402638623,0.9493263569723872,0.2868258811328156,0.2719842256031422
baseline,0.01,-0.02,111,-0.10506211142148336,66.03509021545473,True,0,0.12505738703260116,0.09607827328329913,0.034409994770551136,0.023407220624034338,1.0128623228814089,0.2751536361589004,0.24362657470971757
baseline,0.01,-0.02,112,0.026694808199456688,92.70302672872799,True,0,0.1363168193904764,0.10663982551451677,0.0446530015962977,0.03533445305095155,1.0141982426235265,0.32756780708321986,0.3313438753342813
baseline,0.01,-0.02,113,-6.202790828060056,45.2766215846798,True,0,0.15470189254324057,0.11774969639968692,0.06238869836190345,0.04726297438794098,0.9510357698770513,0.4032833557253687,0.40138510614509443
baseline,0.01,-0.02,114,-1.1029245497462092,30.45827880055782,True,0,0.13948878945416546,0.12113582548945541,0.04757442213120468,0.04917060503540411,1.0027447204426847,0.3410626926892726,0.4059129892971613
baseline,0.01,-0.02,115,-0.9690594886422432,47.67253186667274,True,0,0.15606448702501619,0.1324569134600485,0.06340396230608274,0.058538840663274486,1.0041020152126525,0.4062677135248551,0.44194628376970974
baseline,0.01,-0.02,116,3.7720662079598233,60.16172981496134,True,0,0.1187977016221542,0.09659227691046485,0.02826937068612796,0.020292041349301373,1.052173596091849,0.23796226947252738,0.2100793355157251
baseline,0.01,-0.02,117,0.7695441806067516,102.80470564051092,True,0,0.1170117185735393,0.08886053202841984,0.027149685018498185,0.014685776667689764,1.0217301972629766,0.23202535053303402,0.16526771033728316
baseline,0.01,-0.02,118,3.056711881598151,65.58152948568386,True,0,0.11716529438444943,0.07413712909041162,0.026962119990174154,1.0529026365464558e-20,1.044920421306455,0.23012036227813767,1.420209616240226e-19
baseline,0.01,-0.02,119,-1.1451191854337295,47.06496329537111,True,0,0.11767850388077548,0.09229568935352761,0.02918799266467636,0.022007492228822683,1.0023168973956023,0.24803164301143574,0.23844550469226805
baseline,0.01,-0.02,120,-8.905509597280714,68.15328903051173,True,0,0.14277988800133612,0.1138373333585435,0.05097926747183844,0.04737059756983487,0.9236321589579337,0.357047958122515,0.4161253270105672
baseline,0.01,-0.02,121,-0.3494298104488647,140.45510634776366,True,0,0.11842320815340664,0.06905672647187554,0.029518612189086045,1.9115081076744245e-13,1.0103846113926633,0.24926374356323241,2.768025948135432e-12
baseline,0.01,-0.02,122,-2.975184600556391,53.604852501433434,True,0,0.12052186718817655,0.08214037798014365,0.028814936314197282,0.010094117736326572,0.9837613594818237,0.2390847153837,0.12288862048780311
baseline,0.01,-0.02,123,-7.001596517382924,114.89609280867928,True,0,0.1283257500100618,0.09730729003677195,0.03592198095240228,0.028718758900198614,0.9429364587095436,0.27992808107169215,0.2951347107636636
baseline,0.01,-0.02,124,0.5235618870222947,329.93227312496424,True,0,0.12019760379857364,0.0729710567158634,0.02960500058733459,0.001980024283883573,1.0192361149547664,0.2463027518996673,0.02713437865636841
baseline,0.01,-0.02,125,2.8909764103146607,61.26934399620515,True,0,0.10860595715118312,0.07371495552406918,0.018228303391131222,2.7639210834275564e-17,1.0432399836589008,0.1678388908792251,3.749471275913732e-16
baseline,0.01,-0.02,126,-1.6861872015469292,77.90311068668822,True,0,0.14469506055034673,0.11757684951124527,0.05366049022279742,0.04525235633136849,0.996830859572059,0.3708522600474411,0.38487471402302265
baseline,0.01,-0.02,127,-3.0702355512779222,39.794626437820746,True,0,0.1379468463915929,0.09028691340151454,0.045827055453680966,0.019981824887338216,0.9827976116806362,0.3322080689223633,0.22131474135655882
baseline,0.01,-0.02,128,-3.478541600341223,65.68743173239332,True,0,0.17432160396955562,0.13048497490697986,0.07681744673171213,0.05630974431854253,0.9786576840522505,0.4406650982004956,0.43154197913349507
baseline,0.01,-0.02,129,-1.3127295218067103,58.24922278409376,True,0,0.15731692430507363,0.13080923206916842,0.06399851846632335,0.05720107477722828,1.0006174499738818,0.4068126728832781,0.4372862211054177
baseline,0.01,-0.02,130,-3.2393464727398125,73.02367933829484,True,0,0.1624695928448836,0.13132797661012954,0.06824039947952312,0.059091258404131576,0.9810829494128889,0.4200195143264441,0.4499517919137252
baseline,0.01,-0.02,131,-4.801771405723931,40.679210369093326,True,0,0.14633922372255187,0.1163074373502526,0.05357523130754738,0.04469601472998848,0.9652410921536626,0.3661030169814347,0.3842919743420123
baseline,0.01,-0.02,132,-5.41860076530477,30.392062463499038,True,0,0.1428003523491319,0.11183513847799974,0.05111666362343519,0.04262208043672689,0.958986889176297,0.35795894605680173,0.3811152828778544
baseline,0.01,-0.02,133,0.16776098933888317,95.38127183928242,True,0,0.12320905485770293,0.09776094359797123,0.03323540502880525,0.025859675812377154,1.015628551535358,0.26974807222723696,0.2645194988984722
baseline,0.01,-0.02,134,-3.3055032464955447,78.12836154504586,True,0,0.136428679055265,0.09704168055697585,0.04601445110838108,0.02713835991064892,0.9804121676399895,0.33727843314924555,0.2796567387836533
baseline,0.01,-0.02,135,-0.6100897285728935,57.194945455469465,True,0,0.10352815944243637,0.07019973372646492,0.01505311184661221,0.0009294773701083043,1.0077417086016565,0.14540113460610712,0.01324046859963938
baseline,0.01,-0.02,136,0.5154585835687842,47.72446847833502,True,0,0.12904102820303517,0.07196043077029081,0.036789927770762544,1.8537485281887727e-23,1.0191539533264355,0.28510256220894875,2.576066469232562e-22
baseline,0.01,-0.02,137,4.117663419682405,56.7487795402794,True,0,0.10750686097905256,0.0739046514455267,0.01739122852062285,6.057208223565174e-16,1.0556777015254706,0.16176854539554908,8.195976985331962e-15
baseline,0.01,-0.02,138,3.4455505452621216,28.380087562218378,True,0,0.1312840194288985,0.10602720769208919,0.039427136404074574,0.028867232720198623,1.0488629637458333,0.30031938826665594,0.27226250081046355
baseline,0.01,-0.02,139,-0.5345035797307829,60.70699496709035,True,0,0.12500932304638934,0.08463540088739956,0.03182846069135103,0.009583492043214644,1.0085080974088578,0.25460869570135897,0.11323266555994332
baseline,0.01,-0.02,140,0.5305387892975633,34.814452933607356,True,0,0.10949877817692763,0.07217987821095947,0.020364848471867432,5.232805790609589e-18,1.019306855690928,0.18598242657066,7.249673898473083e-17
baseline,0.01,-0.02,141,-3.0097938132013002,55.843712980228865,True,0,0.11147209960006041,0.07277001318064753,0.020664736990957683,0.000604737504606311,0.9834104471307723,0.1853803513623465,0.008310256906304023
baseline,0.01,-0.02,142,-5.249310623371906,151.74695080681727,True,0,0.1270378981780847,0.07988172682217873,0.036471415641666546,0.013534157212378753,0.9607033686098224,0.2870908300965438,0.16942744919005767
baseline,0.01,-0.02,143,-6.063209817955995,131.8405652204786,True,0,0.1001911017325051,0.06520078390834362,0.012777454579543287,7.225228913985439e-20,0.9524510202301955,0.12753083216568606,1.10815062041928e-18
baseline,0.01,-0.02,144,1.7293859420149271,76.69913249974529,True,0,0.14234609318831884,0.10897576682358612,0.04851981953181534,0.03260048789953469,1.0314622975736332,0.3408581046732722,0.29915355358140794
baseline,0.01,-0.02,145,-2.4108111704756685,48.64302005908728,True,0,0.12662980276315924,0.0849321826168893,0.03500783223090567,0.014684148124288043,0.989483697324425,0.2764580806967078,0.17289262646793216
baseline,0.01,-0.02,146,-4.2787686747336355,39.64789486465293,True,0,0.15602142463340474,0.12111101418833672,0.06255088035399371,0.0495631225419719,0.9705439610695531,0.40091212153052824,0.4092371191351558
baseline,0.01,-0.02,147,-7.195546812895081,63.680244783935485,True,0,0.1480741403878466,0.11527941324054525,0.055742554863121345,0.04575644722161482,0.9409699431784454,0.3764503019711367,0.3969177664544331
baseline,0.01,-0.02,148,-0.2273860991061083,84.86638185060852,True,0,0.1317359580803563,0.09609363940405048,0.03875124681651957,0.02298139527301216,1.0116220462374756,0.2941584619810643,0.23915625857795808
baseline,0.01,-0.02,149,-2.726860949209986,51.721760287150516,True,0,0.10942737632035862,0.0805950059601453,0.019044224656458393,0.011673690010853574,0.9862791814620492,0.1740352852900785,0.14484383829720518
baseline,0.01,-0.02,150,-3.4126438538946924,120.84395060214737,True,0,0.13952871072489595,0.1164096082970375,0.04975397413421207,0.04507137732305261,0.979325839475831,0.3565859232535324,0.3871791854848087
baseline,0.01,-0.02,151,-2.200076244817639,65.47973357474366,True,0,0.1737827809136625,0.13797131751440245,0.08006403001404895,0.06465954469876374,0.9916203968492028,0.46071325129631674,0.46864483041567034
baseline,0.01,-0.02,152,2.0950479790279974,82.47401568525014,True,0,0.1280603775014294,0.0909605840716898,0.03601614960706929,0.015002352356090333,1.0351698458040721,0.2812435064598125,0.1649324540865564
baseline,0.01,-0.02,153,-1.569847493824894,102.47135712024544,True,0,0.12672667194506082,0.1076879791919886,0.03653593460936519,0.03589698221668113,0.9980104599511905,0.28830501147544085,0.3333425186917397
baseline,0.01,-0.02,154,-2.558003744970516,43.79489677644806,True,0,0.10215632891683935,0.0703120533167236,0.0120481129000948,0.0003967240413290058,0.9879912712209118,0.11793799784938044,0.005642333321456929
baseline,0.01,-0.02,155,-3.7350545050707007,42.03581185219097,True,0,0.13317617633151288,0.10346451202986418,0.04103723395786247,0.03312801235803447,0.9760568289736564,0.3081424552669937,0.3201871995343905
baseline,0.01,-0.02,156,-3.815106206756791,53.8527785825334,True,0,0.13324031131886166,0.11408979317156422,0.04144885117172463,0.042524270852227465,0.9752451626947223,0.3110834158330061,0.3727263383524674
baseline,0.01,-0.02,157,1.0960934977829906,42.23434356731016,True,0,0.1301807999472352,0.10779602849333697,0.039653280513090264,0.03397801686345897,1.025041170841031,0.30460160430080707,0.3152065742900649
baseline,0.01,-0.02,158,0.561563741360227,53.348771943703774,True,0,0.13345749135095605,0.10167139967127949,0.04192774348463341,0.02851451824766812,1.0196214262355188,0.3141655298643005,0.28045761482442744
baseline,0.01,-0.02,159,-5.3636791962823445,44.617650782745734,True,0,0.13928320447356635,0.11490155485199212,0.04779826517859004,0.04373498762318201,0.9595437541101177,0.3431732157459183,0.38063007658615466
baseline,0.01,-0.02,160,-1.9778595647433783,42.323266392318104,True,0,0.09823971241685336,0.07041528789542569,0.008879986698774019,1.7801916931874666e-17,0.9938735130482844,0.0903910086899911,2.528132379194762e-16
baseline,0.01,-0.02,161,-2.2887771744594443,39.787522001733265,True,0,0.13004517264318785,0.10079439625647915,0.03678440910111711,0.027820886217483777,0.9907210336628625,0.2828587048136307,0.27601619981622166
baseline,0.01,-0.02,162,0.03430598643958671,58.784251225875245,True,0,0.1251087304986008,0.071365222083355,0.034221999556069645,1.4105908389450236e-14,1.0142754144586075,0.27353806101047745,1.9765801853701867e-13
baseline,0.01,-0.02,163,-4.0442528123194155,83.6090606593792,True,0,0.1271139752381303,0.10358475304463782,0.03368761098158518,0.03247237496663757,0.9729217820700762,0.2650189400376799,0.31348604898101395
baseline,0.01,-0.02,164,-3.7358223572829585,127.75711208114024,True,0,0.14118657822200542,0.10434895031047504,0.050448943628850676,0.035025613247360414,0.9760490435083288,0.35732110136930617,0.3356585106332821
baseline,0.01,-0.02,165,1.372729130924455,55.39403115676231,True,0,0.12505149793200168,0.09943438624811009,0.03451006780398708,0.025090173504809517,1.027846055812159,0.27596684865584226,0.25232894224543373
baseline,0.01,-0.02,166,-2.96251909779901,43.558167652203494,True,0,0.15821195294169885,0.12721829623567435,0.0661073117880384,0.05545318149288039,0.9838897785069961,0.41784018564260417,0.43588998700432446
baseline,0.01,-0.02,167,0.8320987086996023,83.77601506724258,True,0,0.13908232809337867,0.11801662249648669,0.04776337414864781,0.043319468736207865,1.022364454873723,0.3434179942442428,0.36706243425579704
baseline,0.01,-0.02,168,-2.213061988357079,88.217146105546,True,0,0.16997647984554187,0.13965223427596932,0.07542970939112549,0.06628996129023594,0.9914887308144297,0.4437655695639108,0.47467884516075226
baseline,0.01,-0.02,169,-6.5592839518820885,26.77150553302366,True,0,0.13056302012105037,0.09422529061804062,0.037109317818202446,0.023949784089725288,0.9474211877859309,0.2842253325926198,0.25417575188820696
baseline,0.01,-0.02,170,-4.013098913954927,58.630186293708114,True,0,0.1457734438253405,0.1036514536002945,0.05280530784354539,0.03361356819105358,0.9732376600367801,0.3622423018750552,0.32429422862390106
baseline,0.01,-0.02,171,-4.502867999407667,159.7559315490318,True,0,0.15894258135070938,0.12843170188439662,0.06559632793145358,0.05667349368362844,0.968271756217705,0.4127045589294553,0.4412733994184795
baseline,0.01,-0.02,172,-2.9405895331633514,42.61065504197921,True,0,0.12912958275405703,0.10094687217899641,0.03740279560398123,0.02962650663952925,0.9841121284102657,0.2896531902780124,0.2934861279009843
baseline,0.01,-0.02,173,-3.9245190206759872,67.47444502951649,True,0,0.1395726680219062,0.099214526492965,0.047368659146233644,0.028608754416171524,0.9741357960020597,0.3393834897445612,0.28835247647127643
baseline,0.01,-0.02,174,-0.18162286192754395,49.27386719087859,True,0,0.12256777301858798,0.08882178815491443,0.029518979234872875,0.01498200610737013,1.0120860523191748,0.24083801563724408,0.16867489856475254
baseline,0.01,-0.02,175,-0.055048043941519076,72.09035792214347,True,0,0.14500831468403408,0.12830190678576586,0.05564493183745113,0.05343601230244631,1.0133694293037685,0.3837361461561613,0.4164865015737602
baseline,0.01,-0.02,176,-4.075260661607382,41.749219769703956,True,0,0.10845588634502053,0.06661690797498357,0.018794848629661094,8.638119018812066e-19,0.9726073849352344,0.17329486912191014,1.2966856735614194e-17
baseline,0.01,-0.02,177,-0.5538229396551353,48.12898082352538,True,0,0.13858290531946543,0.11191531178726047,0.04566167806055091,0.03798056800857055,1.0083122130909619,0.32948997537099,0.33936882632081405
baseline,0.01,-0.02,178,-4.107965084382103,61.14060052051546,True,0,0.12167822545947912,0.08484160501864015,0.030395471350868213,0.016333509405036282,0.972275785773953,0.2498020597858769,0.1925176851787248
baseline,0.01,-0.02,179,2.716369455371881,78.3968060970336,True,0,0.12819941714248992,0.09746384743659188,0.03963657177310636,0.023513746771441857,1.0414695955920714,0.30917903260863866,0.24125609023119524
baseline,0.01,-0.02,180,0.22930360804462868,46.30731634771004,True,0,0.11901891406449447,0.09270562057275498,0.02641602042067211,0.01976761769092305,1.0162525491177785,0.22194808806907518,0.21322998075838892
baseline,0.01,-0.02,181,2.7232762041833336,44.849915423340306,True,0,0.09434426511768419,0.07484741005459532,0.006276515269153943,0.000680994774909332,1.0415396250229174,0.06652778800412165,0.009098441407826934
baseline,0.01,-0.02,182,-0.161388138795171,71.78951242201613,True,0,0.13863112633805472,0.1041401487549744,0.04217007129797255,0.02887252328972136,1.0122912177570629,0.304189054881802,0.2772468028411782
baseline,0.01,-0.02,183,-7.160979671340339,141.59589081526477,True,0,0.09861682044190453,0.06382158264022306,0.012787952256013535,1.5112557193738456e-17,0.9413204289591119,0.12967313485377432,2.367938331916872e-16
baseline,0.01,-0.02,184,-5.117635630126404,33.30500089455703,True,0,0.16467761707165912,0.1348395925571272,0.0712646420672478,0.06305072217981118,0.962038457677827,0.4327524489028593,0.4675979879804117
baseline,0.01,-0.02,185,-2.1914774360911493,50.34080419415879,True,0,0.10128155044805966,0.06952824058407066,0.01156948433046189,1.1180628589402357e-16,0.9917075825421399,0.11423091648261331,1.608070115895311e-15
baseline,0.01,-0.02,186,-3.4017881887192347,78.75752333251606,True,0,0.11331948010977115,0.06784805027777203,0.025303430776983292,0.0007711266703279477,0.9794359080586685,0.22329285973137344,0.011365494913574244
baseline,0.01,-0.02,187,-0.706939746846047,42.768403106002054,True,0,0.13117259559584524,0.11499399718599866,0.04067722116004321,0.041491816339669196,1.0067597195584412,0.31010456852873025,0.3608172370298397
baseline,0.01,-0.02,188,-1.180193050638545,51.57876277165919,True,0,0.13130962624692025,0.10578218628126093,0.04102984212409513,0.034274462640892914,1.0019612738041106,0.31246636896933094,0.3240097775041407
baseline,0.01,-0.02,189,-3.9630281216524565,44.82079994303391,True,0,0.11193503655350973,0.07000139985694019,0.02030751905973699,0.0006390877816441128,0.9737453416077578,0.1814223650164185,0.009129642877859554
baseline,0.01,-0.02,190,-1.9349056096527595,106.34834912025494,True,0,0.11402679524355398,0.08447885179458085,0.02362233941948524,0.01246285728842427,0.9943090350441893,0.20716481042047552,0.14752635746907414
baseline,0.01,-0.02,191,-4.249277898783732,42.24114160824627,True,0,0.12661719721204576,0.08440314701486816,0.03527275312746156,0.0158516359194717,0.970842976179463,0.278577901771039,0.1878085886617395
baseline,0.01,-0.02,192,-1.1229979904344711,80.4670048552807,True,0,0.16515964833321958,0.1478014099719499,0.07205263970776314,0.07338436902406723,1.0025411902919736,0.4362605541663093,0.496506555911708
baseline,0.01,-0.02,193,1.1510796752672858,71.27410054176201,True,0,0.13395964488528997,0.10909397300438835,0.0424650107792772,0.035832999715428915,1.0255986908578634,0.31699853202537315,0.3284599389737829
baseline,0.01,-0.02,194,-2.7974162737774533,154.0145558118553,True,0,0.11721803989230384,0.08645192224169247,0.02767751027568838,0.01646890332673537,0.9855638015694989,0.23611988650482116,0.19049782699676104
baseline,0.01,-0.02,195,-4.826472599237553,33.80419522342292,True,0,0.1484307298217934,0.12470455521868976,0.057315135795545626,0.054636676037062716,0.9649906399408783,0.3861406318244102,0.4381289515948187
baseline,0.01,-0.02,196,-4.433390881056187,34.29607530019793,True,0,0.111753320132177,0.08121306847643278,0.020039316265557452,0.011928319052471392,0.9689762038800989,0.17931741304737805,0.14687684231427445
baseline,0.01,-0.02,197,1.9743334995682815,55.547684267054535,True,0,0.14071373550964636,0.1048139037729658,0.04839547824370569,0.03036976319728093,1.033945888407879,0.34392860134388253,0.28974937583723576
baseline,0.01,-0.02,198,0.464100587978189,47.587434552690475,True,0,0.14080112318771584,0.09979789364784694,0.04835278723221362,0.028124140879995284,1.0186332204463526,0.34341194258620905,0.281810966664646
baseline,0.01,-0.02,199,-4.480296721906574,51.91254228540049,True,0,0.13901007751411326,0.10890933119891913,0.04484146867899592,0.0361906170055886,0.9685006126246799,0.32257710722046967,0.33230042464853343
baseline,0.01,-0.02,200,2.7391684273490258,118.56269261623194,True,0,0.1165345341626104,0.07797479357540299,0.02785208757323731,0.00615369754699224,1.0417007606561295,0.2390028653169279,0.07891906172270283
baseline,0.01,-0.02,201,-1.4322176724780977,35.91477027887956,True,0,0.12170114028182094,0.08661193787518429,0.03165116336576063,0.015489793057408626,0.9994059266634533,0.2600728579244751,0.17884131722962754
baseline,0.01,-0.02,202,-3.8653231787570963,38.648887583815025,True,0,0.12367958588233169,0.10529965951143683,0.03435033074867196,0.03543326251973431,0.9747359989674768,0.27773646316501044,0.3364993076343787
baseline,0.01,-0.02,203,-6.840323006449633,80.53750824098748,True,0,0.12409812601193353,0.09363674191738147,0.032680917586842696,0.02495456415934339,0.94457165531065,0.26334738998153795,0.2665039774809931
baseline,0.01,-0.02,204,0.8346681616267837,105.82248301617273,True,0,0.1046702832954949,0.0749675413019998,0.01291864058724056,7.28049377512887e-20,1.0223905072655195,0.123422237721187,9.711528014237622e-19
baseline,0.01,-0.02,205,1.9079231392580498,95.67323337734656,True,0,0.1293627443432261,0.09316528477846818,0.039196228717773195,0.02256094363512587,1.033272535450973,0.30299472167796243,0.24216041080937073
baseline,0.01,-0.02,206,0.8585797251460026,181.4690219532797,True,0,0.10829931093313357,0.0765551456521067,0.02079669956642688,0.006684103849287135,1.0226329532020375,0.192029841992875,0.08731096769983347
baseline,0.01,-0.02,207,-2.7512351233015098,150.92694186594747,True,0,0.11950361011217764,0.08244117944384406,0.028297349725416934,0.013772650121066696,0.9860320449893664,0.23679075216936382,0.16706032366322615
baseline,0.01,-0.02,208,-2.520247403898168,51.35036827134424,True,0,0.12834772371764294,0.10594023052670755,0.03783383405787671,0.03512498192693411,0.9883740931749601,0.2947760424727812,0.33155470544383137
baseline,0.01,-0.02,209,-1.2913092620434719,123.42074647528202,True,0,0.10097405824644812,0.06932890517250498,0.01392478580163452,7.433900716046726e-15,1.000834635894601,0.13790458701430217,1.0722657018093114e-13
baseline,0.01,-0.02,210,-3.7640653604168017,50.99249702490122,True,0,0.1043876910966948,0.07992475747197246,0.013478365871087016,0.009904645787821654,0.9757626799110942,0.12911834460062868,0.12392462737587857
baseline,0.01,-0.02,211,0.30118678318400427,64.09385392639922,True,0,0.12309618395674606,0.09270260391824042,0.030295618815886355,0.0195772329307883,1.0169813924534534,0.24611338745100117,0.21118320417465888
baseline,0.01,-0.02,212,-1.7773943771677625,38.58494269718308,True,0,0.12725895947522275,0.10532178723495436,0.03711716463480686,0.03327574860126152,0.9959060848665998,0.29166641616328437,0.31594363782518414
baseline,0.01,-0.02,213,-0.4721352141545454,41.41645042055734,True,0,0.16162565787593014,0.12177404158890646,0.066999902204042,0.04742718770330771,1.009140467466511,0.4145375374463974,0.38946878238151783
baseline,0.01,-0.02,214,-1.3611940719439053,56.99671650225348,True,0,0.11413772393649968,0.07159447101270307,0.024282651166109274,0.0013754746185752082,1.000126054535165,0.21274868929065804,0.01921202292745702
baseline,0.01,-0.02,215,-2.1748671020899835,45.45491002717856,True,0,0.09693287235581986,0.0700656699101601,0.007512631912113977,4.689727801866213e-16,0.9918759992991434,0.07750344882525208,6.69333185264552e-15
baseline,0.01,-0.02,216,-0.0716285492356139,116.9143242751548,True,0,0.1160769940026037,0.08056875422561137,0.02328853971663148,0.005627383781256981,1.0132013149882517,0.20063010691084143,0.06984573406086172
baseline,0.01,-0.02,217,-0.06281050467109583,254.9139964280702,True,0,0.09426268280735668,0.06853157369525524,0.00813604830434308,2.8824292252471974e-22,1.0132907235738084,0.08631250524632963,4.205987211186369e-21
baseline,0.01,-0.02,218,-1.1256559727928162,65.7583295552935,True,0,0.12774018234466408,0.08562376355904358,0.035369492194332594,0.012879615507113442,1.0025142402758611,0.276886188395284,0.1504210393442008
baseline,0.01,-0.02,219,-0.474377733112874,61.795747001950545,True,0,0.1084249762197789,0.06842209867860738,0.021054559154370996,1.0671429772550627e-16,1.009117729948382,0.19418550862020129,1.5596466607486742e-15
baseline,0.01,-0.02,220,0.4681452158453947,58.521466675994716,True,0,0.13387445241070883,0.0982439608986408,0.042160397616012306,0.026049468193729015,1.0186742300436693,0.31492489311306293,0.2651508342645559
baseline,0.01,-0.02,221,-1.24970715732321,64.18690828263463,True,0,0.15732062155985482,0.13009927396358217,0.06514220462216871,0.057845543190249156,1.0012564511068065,0.4140728912476643,0.44462617990044645
baseline,0.01,-0.02,222,-0.37625397328868715,67.8560642702965,True,0,0.1194948769741074,0.06758788535179029,0.02956964303453994,1.5568800134395662e-19,1.0101126338084379,0.2474553201217756,2.3034897531356586e-18
baseline,0.01,-0.02,223,-8.57248166782224,48.0558057834516,True,0,0.13433516402672374,0.10397291911307079,0.04406780140514216,0.03695404991684702,0.9270088209724987,0.3280436788417931,0.3554199519651786
baseline,0.01,-0.02,224,-7.275601356335237,63.08984846880449,True,0,0.15683429631591925,0.1348202315938215,0.06428532161214372,0.06528636400845397,0.9401582480861831,0.4098932639239223,0.48424752899954143
baseline,0.01,-0.02,225,-2.9085280909171063,21.923898112809432,True,0,0.13750856280818738,0.10833965091574639,0.04630925878647163,0.03798778648820198,0.9844372082146566,0.33677363678848904,0.35063604291788175
baseline,0.01,-0.02,226,-0.5714019673628057,59.47054426493275,True,0,0.1261470686940896,0.1039394693550587,0.03625257396376628,0.03179257203487264,1.0081339744813353,0.287383403665763,0.3058758355429809
baseline,0.01,-0.02,227,-1.8048036671204915,107.44561223949205,True,0,0.1473528583799791,0.12072135805065323,0.05439180651031599,0.04904681864036068,0.9956281745172184,0.3691262396149502,0.4062812035280553
baseline,0.01,-0.02,228,-4.850570007005328,58.79526272408704,True,0,0.11926112588207499,0.09264762691932302,0.02863616686522183,0.024356820911772145,0.9647463096782747,0.24011316892595141,0.2628974073235779
baseline,0.01,-0.02,229,-0.9770612878223117,71.51074081790178,True,0,0.11512275332539411,0.0751342789284439,0.02020436329245253,0.0006704507038133623,1.0040208827641415,0.175502780369967,0.008923366449711768
baseline,0.01,-0.02,230,0.28510052686943066,36.042513807164326,True,0,0.15842319482427833,0.12649185670269494,0.06504608318635886,0.052470253341521195,1.0168182894646371,0.41058434188571585,0.41481131441407093
baseline,0.01,-0.02,231,-0.9240197234489766,26.253117960623747,True,0,0.1121878458106628,0.068772530192975,0.023211843589282875,2.740210927636214e-19,1.0045586858123836,0.20690158921900545,3.984455595783972e-18
baseline,0.01,-0.02,232,1.7218647311568303,92.44068961202473,True,0,0.11231487815683192,0.07502485148460457,0.02396230607529818,0.004701332871833432,1.0313860379426487,0.2133493484437404,0.0626636744865555
baseline,0.01,-0.02,233,-0.5849785988245926,97.54914091070515,True,0,0.12220200591012262,0.09657573754147172,0.03137493253314857,0.02461427090886556,1.0079963172709707,0.2567464609069042,0.2548701313132158
baseline,0.01,-0.02,234,-0.9791343256501106,47.881915752580305,True,0,0.14310890007714527,0.11512371975765208,0.05029147978027847,0.04211259612023469,1.003999863661932,0.35142104895759796,0.3658029484183301
baseline,0.01,-0.02,235,-6.021969546869144,106.6595966560414,True,0,0.17616997979749963,0.1384024682752553,0.08250427798786748,0.06693142699322889,0.9528691667114104,0.4683220040253332,0.4835999518456235
baseline,0.01,-0.02,236,-0.4343626181204874,66.50941936541504,True,0,0.10780136253657664,0.09623633919371184,0.016519211985825056,0.022430647447548177,1.0095234542340987,0.15323750643893896,0.23307876874241923
baseline,0.01,-0.02,237,-0.06254818410204033,142.09997690245677,True,0,0.11601095396058042,0.07553179866212342,0.021653463303265043,6.463397315637655e-17,1.0132933833143971,0.18665016159269507,8.557187078981643e-16
baseline,0.01,-0.02,238,-0.45860069786672897,95.78858928224814,True,0,0.12486008190540661,0.0743640244674103,0.030165251529893505,2.098225617501986e-15,1.0092776976595128,0.2415924374672968,2.821560065541536e-14
baseline,0.01,-0.02,239,0.7968956757584023,103.83167505477894,True,0,0.11652044474591086,0.074162369117956,0.023076089127482935,2.0406182918538333e-15,1.022007521614932,0.19804326337582712,2.7515548870994256e-14
baseline,0.01,-0.02,240,-1.011786688550631,123.35444333661903,True,0,0.10187661365760739,0.06789095292278502,0.015355398195076263,6.7319484117348956e-15,1.0036687923500716,0.1507254476153236,9.915825484717232e-14
baseline,0.01,-0.02,241,-2.808806594814417,45.13721421393231,True,0,0.1509790536859718,0.12188740581227377,0.059281009384153,0.05046294983120079,0.9854483119634416,0.39264393263090824,0.4140128300779644
baseline,0.01,-0.02,242,-2.535262428280116,44.77626699365864,True,0,0.12078469448183113,0.0899930174902737,0.031164812770898324,0.02032149705292782,0.9882218517021181,0.25801955210133226,0.22581193096591223
baseline,0.01,-0.02,243,0.22381485804841006,121.24273341609654,True,0,0.12476399534786013,0.09050980172694834,0.03561125414413759,0.019905143409926534,1.016196897167956,0.285428933602585,0.21992251701066304
baseline,0.01,-0.02,244,-5.29756475659765,91.75961461819236,True,0,0.11539843182562223,0.07430392063205755,0.025745048791772206,0.006008924219160279,0.9602141066461966,0.2230970420003226,0.08086954454147335
baseline,0.01,-0.02,245,0.9080608918700772,45.79278529666112,True,0,0.12481739823144869,0.09869909512164414,0.034749212002297934,0.02588933132655492,1.0231346563966772,0.278400387242991,0.2623056603978686
baseline,0.01,-0.02,246,0.1011948401591578,38.66259435065611,True,0,0.11889852319923531,0.08534533760222496,0.026244935817348065,0.010313221339921338,1.014953618992143,0.22073390914511254,0.12084106325747866
baseline,0.01,-0.02,247,-4.412844749738021,52.9379334256959,True,0,0.1510150271497233,0.11275194895333981,0.05956520371941433,0.04360498023409108,0.9691845267714585,0.39443229487591736,0.38673371625829855
baseline,0.01,-0.02,248,-2.6729599926157532,49.031638040175196,True,0,0.13507401735461025,0.09284111975881977,0.043564769741844596,0.020959337884479776,0.9868256981250102,0.32252516505431145,0.22575490191121558
baseline,0.01,-0.02,249,-0.9124099605000935,88.74383503470825,True,0,0.16816069654974408,0.13588826673477308,0.07406214934771328,0.06117169382992826,1.0046764004005004,0.44042484877436716,0.45016170490512813
baseline,0.01,-0.02,250,-3.997796713611268,88.96188154213158,True,0,0.12641150351303612,0.07887582697042893,0.03257252411707203,0.00888201885757032,0.9733928132658913,0.25767056962274804,0.11260761628401371
baseline,0.01,-0.02,251,-0.8371259221215954,55.5341403854238,True,0,0.11525078073249427,0.08597932734509715,0.021647037163372934,0.011809174628100185,1.0054397260263994,0.18782551428972385,0.1373489999602048
baseline,0.01,-0.02,252,-4.833915775708386,39.84502863083504,True,0,0.15549794126226243,0.10984518723048306,0.06201796415728274,0.040088170183878356,0.9649151715220654,0.39883463185331436,0.3649515394767657
baseline,0.01,-0.02,253,0.700264201857892,45.01418364691014,True,0,0.10719992948291508,0.07107017511636723,0.019096810967258872,1.40197440499774e-21,1.021027748453378,0.17814201053464698,1.972662094475225e-20
baseline,0.01,-0.02,254,-0.6160166974756298,83.6579044660412,True,0,0.11554511661212633,0.07189519466477443,0.02355727486892972,8.018612319648582e-20,1.007681613429495,0.20387945037962263,1.1153196478619954e-18
baseline,0.01,-0.02,255,3.155027461996207,66.40474748673489,True,0,0.1519643050066049,0.11996681989583237,0.060252673026373896,0.04537872320925977,1.0459172700882067,0.3964922751020715,0.37826061613254636
baseline,0.01,-0.02,256,2.2793764533995953,208.22096508060412,True,0,0.09951486239548117,0.07494235179997234,0.008370176993980055,4.1841197097704784e-15,1.037038803037255,0.08410981829745395,5.5831177021749435e-14
baseline,0.01,-0.02,257,-1.3589586449589741,29.269642822903325,True,0,0.13552736038955288,0.10569129421963167,0.04335925872808626,0.03190021345395195,1.00014872014582,0.3199299285653955,0.30182441883682254
baseline,0.01,-0.02,258,-3.43462020464399,43.967959837667436,True,0,0.11736271874405863,0.0851324921949443,0.025886383149209078,0.014167042381515692,0.9791030151952531,0.22056734392512997,0.16641169565522268
baseline,0.01,-0.02,259,-3.7070638512250342,73.5565011937361,True,0,0.16470288714057657,0.12276309914056467,0.07014630929129949,0.050989672558210124,0.9763406339318688,0.42589605142397097,0.41535015745917725
baseline,0.01,-0.02,260,-1.2144975899964217,133.49687813830207,True,0,0.10886159967985781,0.07073742177221704,0.020662204468601515,0.0011176230076878823,1.0016134506195349,0.1898025063876087,0.015799600546465523
baseline,0.01,-0.02,261,-0.40324262820294887,39.85709436823572,True,0,0.12503933538979536,0.07962567726562891,0.03413710044164974,0.009356522740645908,1.0098389883937082,0.27301089161447767,0.11750635048833336
baseline,0.01,-0.02,262,-1.92537017330342,42.15311479264854,True,0,0.17332280296084232,0.125981336781745,0.07704905445099555,0.050902947277094275,0.9944057174628845,0.44454078248666873,0.4040514934785978
baseline,0.01,-0.02,263,0.5770500782712462,54.089058958233565,True,0,0.14084070894635425,0.11735560946695033,0.0482539583033981,0.04302770897880188,1.019778446476065,0.3426137134951363,0.3666438202165303
baseline,0.01,-0.02,264,-5.251709152892059,52.44505300608033,True,0,0.14808422955071632,0.11199831908658019,0.05626870090134421,0.0414645171284529,0.9606790492575847,0.3799776726533405,0.37022445931888315
baseline,0.01,-0.02,265,-2.0203182150203003,42.60317620795571,True,0,0.1399617589644861,0.11171358787468284,0.04676549683209311,0.039126141877360056,0.9934430130844738,0.33413053092566086,0.3502361943763785
baseline,0.01,-0.02,266,-1.197544468969558,43.17441006694587,True,0,0.11040879553419448,0.08948490477753018,0.020781365981815098,0.01986527087215876,1.001785342988721,0.18822201511453807,0.2219957759528953
baseline,0.01,-0.02,267,-3.0477334939601697,96.33502269651834,True,0,0.11315815988411695,0.07100393804962304,0.02058990605786338,1.8883627798869513e-14,0.9830257662450835,0.1819568829941128,2.6595183756811027e-13
baseline,0.01,-0.02,268,2.812650177274656,163.649191519178,True,0,0.11416504954329497,0.07037173204667747,0.025589535823470566,1.2319499470377222e-15,1.0424458123823948,0.22414509454372208,1.7506318392455817e-14
baseline,0.01,-0.02,269,0.6999102103642407,64.60889330289947,True,0,0.1284274225612538,0.10367097023017784,0.03942834820099766,0.030799101621310103,1.0210241592360052,0.3070087946535889,0.2970851102572658
baseline,0.01,-0.02,270,-4.8379081965423065,58.97893610830864,True,0,0.13068176749635502,0.10368421398211784,0.038603520317234165,0.03472057128392899,0.9648746912662562,0.29540096569562313,0.3348684428462481
baseline,0.01,-0.02,271,-5.159533714479247,156.14860674923344,True,0,0.12406829330072802,0.09544804430515022,0.033387688715040165,0.026242024467730208,0.9616136414465057,0.2691073426319491,0.2749351718913557
baseline,0.01,-0.02,272,0.10521517015791293,51.912013745157786,True,0,0.13646724801586949,0.10894312065926239,0.04614676512681619,0.03665033023323429,1.0149943822266707,0.3381526761750913,0.3364171139163918
baseline,0.01,-0.02,273,0.0408561666807028,54.39731929548702,True,0,0.13029661187267005,0.08912514585389081,0.03764992582387539,0.016244257569342842,1.0143418285423893,0.2889555244971994,0.1822634612679704
baseline,0.01,-0.02,274,-0.1925337150582629,246.18968671272154,True,0,0.12173235317502805,0.1071500353823534,0.032221052358269935,0.035660908765030815,1.01197542417044,0.26468766534022525,0.3328128510436668
baseline,0.01,-0.02,275,-2.941707555331885,85.16541314245455,True,0,0.10645234067075288,0.0724009254223527,0.014323586011804433,0.0002468450716240028,0.9841007924751864,0.13455397900649216,0.0034094187357968917
baseline,0.01,-0.02,276,2.555688718822946,34.49389767698356,True,0,0.12334185734519816,0.07472400579532419,0.03303113250542064,0.0033914606324947803,1.039840409293915,0.2678014845599095,0.04538649389038775
baseline,0.01,-0.02,277,-1.792035922387325,55.83371851806976,True,0,0.13906872615800575,0.11325792024423985,0.049086698576603555,0.040562534710919376,0.9957576302019782,0.3529671978215484,0.3581430298512155
baseline,0.01,-0.02,278,-1.8718684117326911,101.346549717885,True,0,0.10812825565964915,0.07495471742300619,0.018180685339947395,0.0029346253756449767,0.9949481865774179,0.16814000400759252,0.039151977040797155
baseline,0.01,-0.02,279,-2.9166082789397807,64.63523111173518,True,0,0.11879037564546803,0.08119034736080571,0.02753859651853051,0.01029034335036351,0.9843552809600535,0.23182514887165553,0.12674343299251764
baseline,0.01,-0.02,280,-2.0500763504788355,168.01588861830544,True,0,0.10881151869235213,0.06763647578941977,0.020490139880388596,1.2945366519737106e-14,0.9931412871427773,0.1883085552580267,1.9139623063805643e-13
baseline,0.01,-0.02,281,-3.2132158712051773,72.92142750661381,True,0,0.16488226561484337,0.1416664987165664,0.07132810159468858,0.06896209595791779,0.9813478947877804,0.43260020311285274,0.4867918426916935
baseline,0.01,-0.02,282,2.490616951886415,107.76690342426282,True,0,0.12674954206763597,0.0775877609106065,0.031229543634603073,2.625053434636394e-18,1.0391806287043637,0.2463878221977196,3.383334438096332e-17
baseline,0.01,-0.02,283,2.230373348827519,60.50200061220001,True,0,0.10953635303740626,0.07049598402420555,0.02175009172278467,2.561884656270245e-14,1.0365419470466077,0.19856505278532594,3.634085957847747e-13
baseline,0.01,-0.02,284,-0.31665203478099535,72.92177111140947,True,0,0.12182203699732726,0.08859235860010897,0.03221572829120358,0.017333077067878577,1.0107169542991565,0.2644491020283168,0.19564979803864546
baseline,0.01,-0.02,285,-1.795201054118578,59.13111483714153,True,0,0.1413985797232953,0.11926451551412028,0.05018523850774368,0.04757643394636246,0.9957255380585192,0.35492038608840215,0.3989152493620759
baseline,0.01,-0.02,286,-1.8488380876468646,53.884203244050845,True,0,0.12264965990449117,0.0958210893527072,0.030708175862158453,0.02418869426843337,0.9951816973843047,0.25037310242907557,0.2524360183320122
baseline,0.01,-0.02,287,-5.440527447264931,40.58371407993663,True,0,0.13406036117841183,0.10897403189211056,0.041792218122405855,0.039614606532278926,0.9587645685012692,0.31174179865730356,0.36352336280903375
baseline,0.01,-0.02,288,1.2237335752373957,36.00369532812562,True,0,0.11474433075123279,0.08675632010035793,0.023073544468505,0.012916360995080365,1.0263353487851368,0.20108657497448607,0.1488809227977741
baseline,0.01,-0.02,289,-2.5776743134261593,155.68855401947417,True,0,0.11774985758002007,0.07759551790139235,0.02875879863074697,0.0100000739969009,0.9877918259028657,0.2442363771964918,0.12887437660521706
baseline,0.01,-0.02,290,0.8720699068794247,99.4634710409405,True,0,0.1112768307954878,0.07097388163094515,0.021192657522412,1.5854676271680739e-12,1.0227697338747663,0.19044986607644607,2.2338747589039826e-11
baseline,0.01,-0.02,291,2.323260538707017,144.5782888837786,True,0,0.11429724261023928,0.07159401440351772,0.025950580705871317,3.210084514062462e-15,1.0374837558799264,0.22704467853493557,4.483733089710272e-14
baseline,0.01,-0.02,292,-3.223081019087737,53.02485621452925,True,0,0.13434240465711392,0.10767075210650764,0.043503531130977664,0.03680542507316401,0.9812478693329266,0.32382575882881515,0.3418330823653593
baseline,0.01,-0.02,293,-3.846778916268534,173.38917209821813,True,0,0.09918520361659072,0.06370334345238593,0.012510132717437226,9.019253528901195e-15,0.9749240243587257,0.1261290218831053,1.4158210605762782e-13
baseline,0.01,-0.02,294,0.5036042011588915,146.81561792551602,True,0,0.12002705806712909,0.08571848660405886,0.030358728684323967,0.014144705500863813,1.0190337584741458,0.2529323735265164,0.16501347680342793
baseline,0.01,-0.02,295,2.9807628993746116,52.30749033288662,True,0,0.14716950689529815,0.12290081909001231,0.05453392481422331,0.04618641787792745,1.044150353631542,0.3705517940820497,0.37580236014619733
baseline,0.01,-0.02,296,-8.346519380541439,57.29346034694126,True,0,0.1319709404791177,0.11253161182612591,0.041305107703499835,0.04407916871925891,0.9292999149159586,0.3129863858933074,0.39170476636703844
baseline,0.01,-0.02,297,-2.170280845462247,68.39227706863082,True,0,0.1273857606595839,0.1019711683431145,0.03839853237806069,0.03107350109337507,0.9919225006198257,0.30143504406802607,0.3047283030907165
baseline,0.01,-0.02,298,-1.2091512271896865,63.13959819641326,True,0,0.12540300623815945,0.0893753184490829,0.030678513455952086,0.016401126765087756,1.0016676588663775,0.24463937808387867,0.18350845680545994
baseline,0.01,-0.02,299,-3.1537523136683565,279.9240662610586,True,0,0.12008974866478869,0.06600860731447615,0.03235491168539916,2.4089192187923425e-14,0.9819508121956746,0.269422761269263,3.6494016716878216e-13
baseline,0.01,-0.02,300,-1.527086971896996,111.31627221335748,True,0,0.12918088741362702,0.07429252972256292,0.03448045669442684,0.0008515920036443222,0.9984440206749162,0.266916084761232,0.011462686851888023
baseline,0.01,-0.02,301,-2.3026886084995923,69.52166214665783,True,0,0.09299184524139956,0.06989474802032025,0.00488291585112219,3.1347436611228357e-18,0.9905799817968287,0.0525090758060185,4.484948797886048e-17
baseline,0.01,-0.02,302,0.09483877353659853,64.40185120359904,True,0,0.10620120676717107,0.07117106093198883,0.017039255833102635,3.005157731345005e-19,1.0148891730798697,0.16044314703935936,4.222443352666526e-18
baseline,0.01,-0.02,303,3.8740956142486294,63.87612643595672,True,0,0.10807366901305578,0.07563064771696673,0.01588708558786083,3.1383656047208377e-19,1.0532081003784541,0.14700237100252053,4.149595037802098e-18
baseline,0.01,-0.02,304,-4.735038337374686,54.88427818128916,True,0,0.14433264294172626,0.12082636799175714,0.05302093035830648,0.05102165466495547,0.9659177171363681,0.3673523139163569,0.42227251810164657
baseline,0.01,-0.02,305,4.265727524076524,53.94910621611519,True,0,0.11940386056736772,0.07797792800039412,0.0265044651963602,1.5368273990082526e-20,1.0571789643109708,0.22197326845564064,1.9708492369795785e-19
baseline,0.01,-0.02,306,1.3757461777922808,183.68011366299118,True,0,0.11940258965871889,0.08092718337540666,0.029771456836811427,0.009637599111242965,1.0278766464823508,0.24933677671401733,0.11908976328183664
baseline,0.01,-0.02,307,-3.6840644752538343,73.55988017104671,True,0,0.12500681086493134,0.0696652247169434,0.032797275564168754,4.805763380621745e-21,0.976573830947287,0.26236390911216745,6.898367729592534e-20
baseline,0.01,-0.02,308,-2.5856353838075274,45.381971703877696,True,0,0.15506946364227686,0.1256413505338773,0.061583617468828226,0.05304750614706322,0.9877111064148764,0.3971356837274736,0.4222137530490789
baseline,0.01,-0.02,309,-0.41569529350934387,63.52145613796521,True,0,0.14390105879619317,0.10273450432719348,0.052016927002293864,0.031821226908550916,1.0097127273861448,0.3614770276010641,0.3097423510917543
baseline,0.01,-0.02,310,-1.4286143450219724,70.5723160324698,True,0,0.10002945504150412,0.07405515412460253,0.012576893828723913,0.006017297007924015,0.9994424617942061,0.12573190390276065,0.08125426351553502
baseline,0.01,-0.02,311,-0.5404221545203924,76.43177578517387,True,0,0.12256126731121432,0.09959479972348906,0.03168671177631378,0.028977217545916225,1.0084480873469241,0.25853772950840287,0.29095111016205055
baseline,0.01,-0.02,312,-3.6776024673977004,45.64537369126577,True,0,0.13024843906581965,0.10845461440165226,0.04003661857541344,0.03772052253318189,0.9766393510269425,0.30738655190471315,0.34780007048374356
baseline,0.01,-0.02,313,1.6075700892553169,49.62420243261376,True,0,0.13410873442151064,0.10327242089128946,0.03947584639488362,0.02720669092466893,1.0302271730498311,0.2943570123539382,0.2634458521438969
baseline,0.01,-0.02,314,-5.088020469547516,98.54307697270686,True,0,0.13275131692594686,0.08774608441045315,0.04080813495624354,0.019003030136714373,0.9623387339577912,0.30740286349857976,0.2165684117347412
baseline,0.01,-0.02,315,-2.819179690015927,86.1218925531962,True,0,0.09147728015524555,0.0678219562772316,0.00562368964641493,1.1138437729148616e-17,0.9853431362906463,0.061476353875749255,1.6423055807500915e-16
baseline,0.01,-0.02,316,2.056308064325574,56.47970470836424,True,0,0.13138346027178016,0.09352462238209204,0.0369072499983872,0.016609229104254015,1.0347770511257524,0.28091245216133576,0.17759204668474904
baseline,0.01,-0.02,317,-2.574301778750554,90.01713042015561,True,0,0.12477635495144572,0.09823224772168367,0.03527182022610257,0.028832589073736217,0.9878260209619721,0.2826803222439693,0.2935144999982704
baseline,0.01,-0.02,318,-2.1009853252113464,45.25284089730441,True,0,0.12112342034895512,0.10350656549902605,0.030212082428072398,0.03157913822231551,0.9926251070089992,0.24943221006335314,0.3050930930812564
baseline,0.01,-0.02,319,-0.7156888969388819,102.90081561555385,True,0,0.09356862503366571,0.06786033926151015,0.006305214396331105,2.093397155873886e-16,1.0066710095129316,0.06738598963127339,3.084861022882101e-15
baseline,0.01,-0.02,320,-3.660226308099246,243.5398013392816,True,0,0.12879203954132162,0.10527961809679362,0.03819382726254527,0.0369716655742302,0.9768155326978238,0.2965542544288319,0.3511759089042156
baseline,0.01,-0.02,321,0.7513874712132829,32.0122169133832,True,0,0.1398770646646932,0.11398046887073635,0.04866609109035551,0.04095425309259175,1.0215461013794327,0.3479204486240514,0.3593093930771367
baseline,0.01,-0.02,322,-0.28824457132385906,55.077845064033234,True,0,0.1203613723227551,0.07426240245480784,0.025819861212725385,2.056106349439456e-18,1.0110049854049614,0.21451949836105327,2.7687043261099632e-17
baseline,0.01,-0.02,323,0.12478683378993605,83.19190091231468,True,0,0.12391382290860754,0.08954854495256326,0.032304129674004235,0.018005053193207592,1.0151928247214357,0.26069835403133435,0.20106472084773067
baseline,0.01,-0.02,324,-0.812151453431309,169.98610271237717,True,0,0.10805818307499282,0.07628535371947966,0.01397556533897216,1.0330924933492217e-15,1.00569294905156,0.12933370653912496,1.3542474970335216e-14
baseline,0.01,-0.02,325,-1.0489235171281974,87.11921099494212,True,0,0.1362283324235085,0.10422233366586195,0.044071812254578444,0.03343333340287331,1.0032922518040484,0.32351429009324867,0.32078857023160673
baseline,0.01,-0.02,326,-6.0959714403931216,63.95461779701371,True,0,0.15796293086818763,0.13246303472541932,0.06374395633501903,0.05977026837685465,0.9521188411057634,0.40353743745239984,0.45122224853712256
baseline,0.01,-0.02,327,1.4542863616974655,170.38106904510408,True,0,0.10526882115434515,0.07050607459538952,0.01839811875561767,1.0326964515874172e-13,1.028672987065679,0.17477272523687093,1.4646914574576905e-12
baseline,0.01,-0.02,328,-2.6876840944090596,76.36888245086081,True,0,0.13401171002225165,0.11128353176653541,0.04261322359929769,0.03772742393054339,0.986676406396521,0.31798134351260854,0.33902072779009856
baseline,0.01,-0.02,329,-1.2181197250656584,132.0971492616335,True,0,0.11714776951347257,0.0755790454151152,0.023797465330628455,1.4025049994200509e-16,1.0015767247932061,0.20314057561199772,1.855679694969475e-15
baseline,0.01,-0.02,330,-0.08492245412765609,72.7303194883144,True,0,0.1265430723067789,0.08032946696100736,0.03552975940262843,0.009694070120251664,1.0130665244205441,0.2807720624681333,0.12067888020416284
baseline,0.01,-0.02,331,-0.4784274099640107,46.3953823716749,True,0,0.14980506457746928,0.12622012541971514,0.057784124973700814,0.053313971863534766,1.009076669158025,0.3857287811776129,0.42238883606122063
baseline,0.01,-0.02,332,-0.9199581903830634,64.76374316344648,True,0,0.11237898483086001,0.07623963477139498,0.02125373549339646,0.003975125844484705,1.0045998668161717,0.18912553379428682,0.05213988572222499
baseline,0.01,-0.02,333,0.5130952103151065,36.86144806240167,True,0,0.17163316070489137,0.13714152237205102,0.07737595071803477,0.06139466240165223,1.0191299904332785,0.45082168504183256,0.44767377042158496
baseline,0.01,-0.02,334,-3.532997394598658,69.41601351686302,True,0,0.10483713261784608,0.07099375101959954,0.013504833823600204,3.008733381101479e-18,0.978105541737217,0.12881727577220403,4.23802565421687e-17
baseline,0.01,-0.02,335,-0.7637824567510387,116.01921344647488,True,0,0.1556341541034029,0.12826940855957605,0.06161914295062283,0.05369795398961106,1.0061833756474268,0.39592301127992285,0.4186341435001666
baseline,0.01,-0.02,336,-0.8646594676291919,52.75489535027593,True,0,0.14715175850350518,0.110793070497711,0.051323784698279334,0.03547070156787838,1.0051605558156818,0.34878132086377206,0.3201527081841387
baseline,0.01,-0.02,337,-3.4803979592685996,49.03569331641901,True,0,0.13277768782871002,0.10295822842145508,0.04034126321897793,0.03172577084793731,0.9786388619171652,0.3038256191885207,0.3081421595374508
baseline,0.01,-0.02,338,-1.9065813083135152,65.7977175799428,True,0,0.12583943859260613,0.09223297405640316,0.036242130505081106,0.02141362065016006,0.9945962229463476,0.28800295766108547,0.23216881889838015
baseline,0.01,-0.02,339,-3.823613414145166,118.66279374967286,True,0,0.10696938195445185,0.06778462669126611,0.017965629185773328,6.359335261793929e-13,0.9751589057730128,0.16795113571305095,9.381677781834437e-12
baseline,0.01,-0.02,340,-2.3979090830831273,92.06611262484164,True,0,0.11501783247361845,0.070568081988028,0.025259280928758652,8.511285207499191e-21,0.9896145151464553,0.21961186700812113,1.2061097549658705e-19
baseline,0.01,-0.02,341,2.322481631137663,98.795740101868,True,0,0.13867703964915704,0.11372804943892452,0.04852694067030912,0.03884983457113287,1.0374758583212844,0.3499277226646805,0.3416029270069952
baseline,0.01,-0.02,342,-2.8969577804709434,74.0391452603019,True,0,0.1426361601379518,0.10222474377113874,0.04946827486273979,0.02999376589159904,0.9845545227829687,0.34681440396948515,0.29341003738536364
baseline,0.01,-0.02,343,-5.861538508606845,57.83157520851518,True,0,0.14260000639997422,0.11040549258762386,0.050422112081328505,0.039819435123370585,0.9544958212497802,0.3535912329477821,0.3606653454470818
baseline,0.01,-0.02,344,-0.036210909095502064,50.58185822617249,True,0,0.14133444033123865,0.11136730129197175,0.04877839489125327,0.03709124013607486,1.0135604242086138,0.3451274493105411,0.33305323650460666
baseline,0.01,-0.02,345,-2.184981631285099,85.41555098810056,True,0,0.1410981720537046,0.10163036886958282,0.050680558378614314,0.03126374748793543,0.9917734452983906,0.3591864985984677,0.30762209992620054
baseline,0.01,-0.02,346,-1.2770424486723497,48.40500832211456,True,0,0.12950897136691797,0.09992256465762253,0.038818547108057176,0.027121442042762456,1.000979291049673,0.29973635570062956,0.27142459899515314
baseline,0.01,-0.02,347,-3.88451312848882,68.41305153883785,True,0,0.15698716866236773,0.13205844917967208,0.06357030399445757,0.06012212933962979,0.9745414267752108,0.40493948987116396,0.4552690851142031
baseline,0.01,-0.02,348,0.5663260541032722,43.28221914447508,True,0,0.1179998458462244,0.08522685157132268,0.029201915932375803,0.013006789359248325,1.0196697126377046,0.247474187130984,0.152613749298993
baseline,0.01,-0.02,349,-1.6822489994198886,64.13266982628026,True,0,0.13293382990397618,0.09811302235028316,0.04028913376067201,0.02500695207347633,0.9968707900894473,0.3030766042757858,0.25487903108515503
baseline,0.01,-0.02,350,1.2605269211284131,52.34068968550131,True,0,0.11396979551576199,0.07049850696118774,0.024436583947095736,3.5262576209122643e-16,1.0267084066654804,0.2144128085560719,5.001889788749158e-15
baseline,0.01,-0.02,351,1.223455587018063,36.176942981857486,True,0,0.09015970933911438,0.08013944856391264,0.002809928355123155,0.008375521570624902,1.0263325301859214,0.031166120384819293,0.10451184430031701
baseline,0.01,-0.02,352,-4.182463945761894,95.54807073160569,True,0,0.14626610048704777,0.1195957586272067,0.05385744080379103,0.04934630016603044,0.9715204212741692,0.3682154690967525,0.4126091153437001
baseline,0.01,-0.02,353,-1.9478954972721563,110.20818967866056,True,0,0.1251185160852052,0.08439107326444902,0.03204873708043815,0.010998955572120881,0.9941773269914467,0.25614703629167956,0.1303331637654898
baseline,0.01,-0.02,354,-4.513450425598298,106.75258573552236,True,0,0.18349384386895082,0.14626533622961516,0.08810822227484695,0.07419301576338529,0.9681644580802847,0.48016990879417637,0.5072494801291341
baseline,0.01,-0.02,355,0.16364580072687485,57.7935247227048,True,0,0.12961283282216934,0.09797766949856841,0.03823722556819592,0.024770076722374457,1.0155868265031918,0.2950111091288155,0.25281349157561234
baseline,0.01,-0.02,356,1.3230247270223927,52.33510952732426,True,0,0.09449224403177209,0.07395092112971544,0.005183333743928922,2.682041600903726e-22,1.0273420891542104,0.05485459464997018,3.626785927654944e-21
baseline,0.01,-0.02,357,-6.82130570856102,39.080017764960616,True,0,0.13539508092926414,0.10082956966043677,0.04194572641276972,0.031821240960645994,0.9447644769382672,0.3098024398292864,0.31559433475527293
baseline,0.01,-0.02,358,0.2996578434875108,57.2266615101131,True,0,0.155054453378512,0.11006882733571102,0.06029333363887083,0.0352688196407774,1.0169658901122411,0.3888526406377083,0.32042514210864764
baseline,0.01,-0.02,359,2.7096546285516387,47.962875838767445,True,0,0.12275990713432673,0.0849824008314501,0.030068845599952695,0.009366661500361766,1.04140151211122,0.24494027652734104,0.11021883835618082
baseline,0.01,-0.02,360,0.9497891960158933,63.79858818569245,True,0,0.14691515824459478,0.12208343691233246,0.05379462609227435,0.04733223497041808,1.0235577511796599,0.3661611690382094,0.3877039848116918
baseline,0.01,-0.02,361,-1.8315287185047824,47.452068403479316,True,0,0.11258166343312229,0.08396898920671929,0.021855269795928688,0.012969059603748565,0.9953572018513721,0.19412814777702705,0.1544505861779597
baseline,0.01,-0.02,362,-4.023015060833856,43.31659679520226,True,0,0.133090145428648,0.09586444407861561,0.04035003370577951,0.02594233396751088,0.9731371174890383,0.3031782223681759,0.2706147645965206
baseline,0.01,-0.02,363,-0.4206551992664509,53.361421629548275,True,0,0.10880297477931929,0.07901649805015763,0.018026027613453167,0.005109969254051836,1.0096624375339,0.16567587099538994,0.06466964975856257
baseline,0.01,-0.02,364,-3.4604992517197397,97.64474310314726,True,0,0.15852773357253075,0.10630370539114813,0.061749282910780794,0.03218549394534461,0.9788406204003904,0.389517225277991,0.3027692574489006
baseline,0.01,-0.02,365,3.6042882371049245,47.230016749955425,True,0,0.09954480879954442,0.07638932786292613,0.008193286705576971,2.876526089709177e-18,1.0504724489778883,0.08230752366078652,3.7656125144481545e-17
baseline,0.01,-0.02,366,-3.9944533301065843,128.59632387447,True,0,0.11880275098181475,0.07726633132098151,0.026766049057497156,0.007365352730599598,0.9734267127532369,0.2252982261462469,0.09532421954916283
baseline,0.01,-0.02,367,3.2035927317453528,123.6561044786481,True,0,0.10507647669270755,0.08526660766569663,0.011462662847764605,0.007154894429437714,1.0464096867508443,0.10908876285685482,0.08391203338931683
baseline,0.01,-0.02,368,-3.603903735180336,111.72380015798726,True,0,0.10695262489790174,0.07090080611760208,0.015728096499238797,5.5766189016142994e-15,0.9773866027965002,0.1470566665778706,7.865381519590126e-14
baseline,0.01,-0.02,369,0.5902625147395035,99.55505016670759,True,0,0.10564635733692745,0.07696637920270974,0.013468934564726769,0.003236931183553767,1.0199124110129576,0.12749076167171228,0.04205643057507641
baseline,0.01,-0.02,370,-1.429380002848868,44.40469685817828,True,0,0.12513631802541836,0.09470768395940053,0.033934478198733596,0.023671239155058397,0.9994346985783569,0.27118009171278834,0.24994000661240778
baseline,0.01,-0.02,371,0.5889010305449416,47.125765636911595,True,0,0.10318617937896546,0.07034066710477885,0.01466463284999323,1.9852314657894784e-20,1.019898606549258,0.14211818809702553,2.8223096929579793e-19
baseline,0.01,-0.02,372,-4.933174806004182,89.68335352694547,True,0,0.1331317969390279,0.09736905183675862,0.040154994179524325,0.0273463335951883,0.9639087568416289,0.3016183594210377,0.2808524174707487
baseline,0.01,-0.02,373,0.1304249024730808,50.3408396081884,True,0,0.12211877749519014,0.0928494544194372,0.030211965766690316,0.01862249222647589,1.0152499906546018,0.24739820023075704,0.20056652290438703
baseline,0.01,-0.02,374,-1.9694509392455983,136.297546633709,True,0,0.1106620697105663,0.0733292052367847,0.016348455596951694,9.77516086076796e-19,0.9939587704210195,0.1477331450578382,1.333051521450879e-17
baseline,0.01,-0.02,375,-4.25300244426976,73.39254016502493,True,0,0.12696185935571633,0.10051546286822571,0.03817339225851636,0.03155981782493005,0.9708052119856772,0.30066818847984716,0.3139797293308444
baseline,0.01,-0.02,376,-2.1484902020205143,30.841993004360184,True,0,0.10437013962483083,0.07079242195611092,0.0148750927083253,1.766435390632756e-20,0.9921434419628004,0.14252249505265918,2.4952323169955826e-19
baseline,0.01,-0.02,377,-2.5319682277430866,50.808574245074595,True,0,0.1142045996834236,0.09257522863175133,0.02069426801261691,0.02032666876815746,0.9882552525097915,0.18120345476435842,0.21956919867855285
baseline,0.01,-0.02,378,-1.0536465100954406,48.855390163794524,True,0,0.15006361332630194,0.1164011796442536,0.0576008548137504,0.04537005996317008,1.0032443640759126,0.38384291526088815,0.3897731973321103
baseline,0.01,-0.02,379,-3.818508261331366,44.77849909190581,True,0,0.15953083823129832,0.12077638899264068,0.06652382192938362,0.04998371923870059,0.9752106683252196,0.4169966300367143,0.4138534001190106
baseline,0.01,-0.02,380,-3.6394021164490753,28.88958365069696,True,0,0.1699346097034412,0.13412367868189867,0.07632850113325816,0.06391608289217908,0.9770266749195693,0.44916395351401156,0.4765458532029154
baseline,0.01,-0.02,381,-2.21956828598866,36.039619575489894,True,0,0.14166495079567565,0.10745844908062856,0.0498012955614337,0.0344419753338427,0.9914227616685273,0.35154281480154154,0.3205143534874591
baseline,0.01,-0.02,382,-4.52802987590788,79.33133869157358,True,0,0.11885661588245557,0.0706297893383398,0.026844179951644585,0.0006394506620802822,0.9680166330130789,0.2258534769170309,0.0090535547121216
baseline,0.01,-0.02,383,-2.566425507106196,63.61913576731263,True,0,0.11195503864134576,0.08744099807158061,0.023998310994781002,0.017586850724096832,0.9879058806521823,0.21435668538028857,0.2011282020099994
baseline,0.01,-0.02,384,-1.2995924564848327,40.15771593865912,True,0,0.11370174473191283,0.07571030452153638,0.023596213126521118,0.0055680174874359195,1.0007506503019366,0.2075272739407519,0.0735437206681959
baseline,0.01,-0.02,385,-4.962769316981886,78.07002579434506,True,0,0.15464089579347154,0.1296789699971338,0.06230466181772269,0.059389466016434536,0.9636086899336656,0.4028989970475391,0.4579729929821865
baseline,0.01,-0.02,386,-3.6914601918079604,34.008181611554036,True,0,0.13992894344211604,0.10521357488962013,0.048405214394018146,0.036396982315269874,0.9764988437376575,0.3459271055958611,0.34593428037640633
baseline,0.01,-0.02,387,0.7957847912134719,58.89424326146711,True,0,0.1334245083048398,0.10089902475355389,0.04039137732484179,0.025766938442245993,1.0219962580501867,0.30272832059128263,0.25537351332366
baseline,0.01,-0.02,388,0.9997313689113385,52.47995342111423,True,0,0.11273258773676477,0.08808507199519588,0.02026597791355803,0.01318146566475712,1.0240641286430008,0.1797703602873015,0.1496447169331488
baseline,0.01,-0.02,389,-2.438370642062615,140.60302236031984,True,0,0.1029892178546221,0.07061722351797668,0.014558432027272236,0.0016003424597134822,0.9892042642420392,0.14135879784836003,0.02266221156806159
baseline,0.01,-0.02,390,-2.793233637897563,44.86619796129861,True,0,0.14070368034259614,0.11185818766981681,0.04852382032271947,0.04073294684970702,0.9856062104681138,0.34486532409507653,0.3641481030422431
baseline,0.01,-0.02,391,-0.9707765134144175,99.83281440811257,True,0,0.10965079063354456,0.0720852822168565,0.017697445187501465,1.333272159960819e-16,1.0040846058249904,0.16139824514942833,1.8495761117365024e-15
baseline,0.01,-0.02,392,-0.8647581602768684,97.59761109926532,True,0,0.15107627442883745,0.12884797078750104,0.05822395014867065,0.05573955983413355,1.005159555143711,0.3853944000723707,0.4325994386520877
baseline,0.01,-0.02,393,-3.611629583055209,49.46580694524627,True,0,0.12759133929351782,0.1071900842475569,0.03519319893773831,0.03510735270950986,0.9773082682943706,0.2758274905852193,0.32752425707987104
baseline,0.01,-0.02,394,-4.98192500236928,46.00476233301239,True,0,0.11526520387898649,0.07933905172477303,0.023591396246257945,0.008835742203508261,0.9634144651570358,0.2046705809936002,0.11136687433774012
baseline,0.01,-0.02,395,-7.484817788835851,162.03413916363093,True,0,0.1194108612918939,0.07205709162905045,0.025943637290153008,0.0028268135938859284,0.9380369449822772,0.2172636308747081,0.0392301927538007
baseline,0.01,-0.02,396,-0.6523547341423463,93.07133105694368,True,0,0.10971461077137298,0.07317467887101618,0.017419612833015942,6.606780648052498e-18,1.0073131720549355,0.15877204239748452,9.028779832021078e-17
baseline,0.01,-0.02,397,-2.460047443466362,49.3677309034395,True,0,0.11974341607713912,0.10085954308727162,0.030292275187429447,0.030531797815667915,0.9889844771748815,0.2529765408389139,0.30271600367304263
baseline,0.01,-0.02,398,0.5632541672632385,36.6251848841971,True,0,0.1305415098230102,0.10076842458859876,0.037248039324048667,0.02620318278314936,1.0196385659299114,0.28533482855032105,0.2600336652093901
baseline,0.01,-0.02,399,-3.216045759530428,50.481987007024664,True,0,0.11189252249462928,0.0753107221507928,0.020321089689411435,0.0046327762048228045,0.9813192017696636,0.18161257996830688,0.06151549304688263
baseline,0.01,-0.02,400,-7.679308481363267,84.7184775754818,True,0,0.13285033178142838,0.09045322931005684,0.04108668120801987,0.021039506568099442,0.9360649502168181,0.30927044484629224,0.23260094447241822
baseline,0.01,-0.02,401,-0.7073738947423469,243.104569519239,True,0,0.11064068838402043,0.06875945155269632,0.02193228451807681,3.720967983987235e-14,1.0067553176131974,0.1982298270049849,5.411573100078518e-13
baseline,0.01,-0.02,402,2.0774930596717978,75.93066333884337,True,0,0.14162356190388486,0.11120999235385928,0.04866271192087965,0.033750244367777044,1.0349918516356695,0.34360604455002614,0.3034821211064117
baseline,0.01,-0.02,403,-1.5864989111181282,52.89156279438811,True,0,0.11709154459431231,0.08014412487911098,0.025532546132229855,0.007753523746248351,0.9978416266393594,0.218056275717368,0.09674475525116445
baseline,0.01,-0.02,404,-3.4110443506723653,58.752661346783604,True,0,0.10335766430131181,0.07105985656679248,0.012444737546693976,6.008797755288702e-16,0.9793420572800908,0.12040459341664929,8.455966625320657e-15
baseline,0.01,-0.02,405,0.7858373707990918,34.986011395964276,True,0,0.14614057518057272,0.11555044714755262,0.05299843886114818,0.04196945784716366,1.021895398411445,0.36265382694479475,0.3632132880764242
baseline,0.01,-0.02,406,2.6793017991920687,216.74371446640706,True,0,0.11859356552266966,0.06921891044717057,0.03029345069115338,9.479687691693324e-17,1.0410937564040645,0.2554392437535969,1.3695228125453424e-15
baseline,0.01,-0.02,407,4.229964485290982,271.0879250283904,True,0,0.10850820812701169,0.0720513597551775,0.01987497860543604,5.532273536746555e-16,1.0568163529984935,0.18316566966226056,7.678236129817125e-15
baseline,0.01,-0.02,408,-0.47006744316557825,33.76140043324591,True,0,0.1447493812608522,0.12002256479668859,0.05296204981395697,0.04680747770254422,1.009161433166789,0.3658879185018021,0.3899889806707049
baseline,0.01,-0.02,409,-1.2679476234931597,39.32347498428031,True,0,0.12342942783053462,0.0842511238804586,0.032365326411545464,0.014094721015638804,1.0010715059902087,0.2622172603439612,0.16729416020179602
baseline,0.01,-0.02,410,-6.712357043729266,97.22696644524575,True,0,0.16269026779987658,0.13320735145658233,0.06938752835533082,0.06354624530938674,0.9458691374953356,0.4265007937701819,0.4770475849457831
baseline,0.01,-0.02,411,3.6482529089653104,119.85371747727928,True,0,0.1619416157103445,0.12620153202282772,0.063298893140074,0.04659087309567952,1.0509182189098434,0.3908747783108021,0.36917834790826487
baseline,0.01,-0.02,412,0.4492844053687328,40.826471667857646,True,0,0.1204013843608226,0.09522129363994185,0.030679855660944774,0.023924253078624478,1.0184829950850758,0.2548131470731469,0.2512489818620688
baseline,0.01,-0.02,413,0.7774605663254386,61.37287699563034,True,0,0.12707680774049115,0.10551006264891609,0.03743937097577244,0.03307324785207397,1.0218104636808485,0.29462001478844935,0.3134606029201683
baseline,0.01,-0.02,414,-0.5246510206645016,152.89753825159568,True,0,0.1347119953437069,0.09177192226871046,0.042703149434454094,0.020286169613942865,1.0086079952222318,0.31699589428172614,0.22104984958846627
baseline,0.01,-0.02,415,-3.5098512811908567,67.15163348213461,True,0,0.14254996008084356,0.11557235322627593,0.049123115581518405,0.04209356110352213,0.9783402265639701,0.3446028013873837,0.3642182574677553
baseline,0.01,-0.02,416,-6.495894745168595,45.316060174216545,True,0,0.1425390962423668,0.10383986715620272,0.05128670432977572,0.03541824232155573,0.9480639084333881,0.3598079802791103,0.3410852044742824
baseline,0.01,-0.02,417,-3.005950148173142,43.37015294122542,True,0,0.13376882268756649,0.10352581001195922,0.042753521018191055,0.032483172012424635,0.983449419110445,0.31960751510871227,0.3137688273935959
baseline,0.01,-0.02,418,-3.8666961773932806,35.43001308353515,True,0,0.1136933994457135,0.06743761665054131,0.023049035210636084,6.524043988965904e-17,0.9747220777556782,0.2027297567229624,9.674191219973278e-16
baseline,0.01,-0.02,419,1.5499782391946715,62.95798847630775,True,0,0.1249244040116469,0.1037155145196873,0.036072873182392065,0.031478810096586235,1.029643233400191,0.28875761679862755,0.3035111019056934
baseline,0.01,-0.02,420,0.03790693170211412,54.08469193305778,True,0,0.12237384137630912,0.0928978111004172,0.028759341389125764,0.017824308138836186,1.0143119254356425,0.23501216490122706,0.19187005514660763
baseline,0.01,-0.02,421,0.6703201127952418,98.94650597645646,True,0,0.11732453153114182,0.07493102985116892,0.023208176178976365,6.028194433958528e-22,1.0207241370768096,0.19781179499375326,8.044990768086299e-21
baseline,0.01,-0.02,422,-0.48877251868060245,37.124710021023304,True,0,0.1302595701070637,0.10911745460516392,0.03833167012379362,0.035237103430975275,1.008971777247918,0.29427143120684207,0.3229282020780175
baseline,0.01,-0.02,423,-0.7371958574996063,32.88811803972179,True,0,0.144817529333494,0.11329764676108836,0.051383414777861326,0.03855400306792399,1.0064529445089176,0.3548148833525028,0.3402895308957574
baseline,0.01,-0.02,424,-0.2976275631240699,96.33155781661233,True,0,0.11502381985004263,0.07355986217146747,0.021492968065376733,8.65830586608007e-18,1.0109098486635888,0.18685667102168288,1.1770421545784883e-16
baseline,0.01,-0.02,425,-4.391851657139211,43.38536387319285,True,0,0.12663630444373375,0.08326865296637846,0.035547334061321705,0.012976589483367976,0.9693973815264993,0.28070413312728876,0.15584003128533325
baseline,0.01,-0.02,426,-1.3724736537367388,73.53088779903055,True,0,0.10131749142086811,0.07042517971751242,0.009534734726352521,5.217855952642733e-18,1.000011687744842,0.09410748916735097,7.409077227168544e-17
baseline,0.01,-0.02,427,-2.2118631271466627,64.19414076778834,True,0,0.11557930686829591,0.07002525969731377,0.027389597220921928,6.4286368943442776e-15,0.9915008863988473,0.23697665233563583,9.180454199145063e-14
baseline,0.01,-0.02,428,1.8981967584950077,35.888262723358956,True,0,0.10994904015637866,0.07054863182504698,0.019892970714594033,1.0446291941945368e-12,1.0331739169942111,0.18092900753204028,1.4807221163198528e-11
baseline,0.01,-0.02,429,-1.6887787875822458,56.28138734733303,True,0,0.12619523039658725,0.08755187008213756,0.035306106061241335,0.01842933415235305,0.9968045827665756,0.2797736962822339,0.21049617940842846
baseline,0.01,-0.02,430,-3.1838896006787576,88.51237526627091,True,0,0.09919490660971293,0.06750875819664728,0.011626993889682153,1.6808183264911045e-06,0.9816452419318366,0.1172136179877573,2.4897781730705568e-05
baseline,0.01,-0.02,431,1.3997773437685268,52.6897952172908,True,0,0.10631991292614591,0.07433680041843387,0.015650036083241052,2.824458077766362e-20,1.0281203051011627,0.14719760064243279,3.799542167362317e-19
baseline,0.01,-0.02,432,-1.5186951038900887,121.1749118211801,True,0,0.11559852787845538,0.0762360783435087,0.020200168468949956,3.1558660331038684e-18,0.9985291081388303,0.17474416707269116,4.139596502962802e-17
baseline,0.01,-0.02,433,-10.639688559374838,43.2652316731091,True,0,0.14354350097146273,0.11133712331072336,0.05174799305995404,0.044341042854706456,0.9060488402336367,0.36050390794245596,0.39825928258410265
baseline,0.01,-0.02,434,-1.756727376937306,131.44567599867855,True,0,0.11845146878491365,0.07452631231286777,0.02965871896323016,0.004821077500823106,0.9961156332811928,0.2503870932751793,0.06468960225193773
baseline,0.01,-0.02,435,-3.9527383035481423,39.7185163291186,True,0,0.14941520368216674,0.114402242339176,0.05671215517267092,0.04432657114159246,0.9738496729110996,0.37956080623032157,0.38746243286188836
baseline,0.01,-0.02,436,2.0187952128562836,60.77665940145502,True,0,0.10909959098964638,0.07722765366178139,0.01738866369332179,0.002149058475235604,1.0343966979799355,0.15938339947554878,0.027827576953812536
baseline,0.01,-0.02,437,1.6463811949340545,63.184908317833234,True,0,0.14079636763790296,0.09888762923551246,0.04535835724652268,0.023285186182486255,1.0306206895530918,0.3221557346079717,0.23547117432687015
baseline,0.01,-0.02,438,-2.1125195789276963,39.25192656729771,True,0,0.12747961232055074,0.09465796490998271,0.03544607213641302,0.023165150577697614,0.9925081580298138,0.2780528705035827,0.24472478992895186
baseline,0.01,-0.02,439,-0.8497972995495706,133.9876310095657,True,0,0.13092968683260517,0.08263067282471348,0.03816378062334786,0.00959852093035155,1.005311247436322,0.29148302074639965,0.11616171818802848
baseline,0.01,-0.02,440,-1.9217432947139956,112.91545975361637,True,0,0.11098687904861795,0.07267354727021655,0.018298970412904875,3.093681943663286e-20,0.9944424913850726,0.16487507865582007,4.256957393534518e-19
baseline,0.01,-0.02,441,-3.4399108352086483,70.5024261769484,True,0,0.10933018961466402,0.07492721702614451,0.01622713090963193,0.0024644083946790594,0.9790493720329819,0.1484231479596323,0.03289069703228332
baseline,0.01,-0.02,442,-1.6810013477572383,36.90852489554527,True,0,0.11848192113563957,0.0924462701212954,0.028732690528539672,0.0224008727261684,0.9968834403737149,0.2425069601601592,0.24231234745087094
baseline,0.01,-0.02,443,-0.7385567920956793,32.940937640605995,True,0,0.1081307622695416,0.07051898144304694,0.019402337800639533,5.872254456036844e-18,1.0064391456177486,0.17943402407794554,8.32719692751013e-17
baseline,0.01,-0.02,444,-4.052475748531759,43.50885295602998,True,0,0.11932273599526123,0.08330074752414703,0.027037924902746355,0.012452461798765888,0.9728384074522128,0.22659491233774706,0.1494879958328849
baseline,0.01,-0.02,445,-2.9237367760461486,40.600860364740356,True,0,0.12746269354500742,0.0943186157574301,0.03635633629018359,0.023694648729089707,0.9842830031620948,0.2852311941560067,0.2512192162576678
baseline,0.01,-0.02,446,-1.3323243154552689,45.6486677068265,True,0,0.10901958837144565,0.07310859468351627,0.018095089355318415,1.0508005434438673e-15,1.000418772957501,0.16598016581814456,1.4373146522549562e-14
baseline,0.01,-0.02,447,-1.440672367570428,42.19910903527968,True,0,0.12552216003691,0.09730887214050699,0.03296083111826386,0.022946738166401186,0.9993202021783946,0.26258973800778823,0.2358134223698303
baseline,0.01,-0.02,448,-3.549174156677093,54.090952904111774,True,0,0.14335611987528868,0.11559476449345536,0.050714647790532454,0.04336347255132882,0.9779415210855025,0.35376688372042425,0.3751335343027922
baseline,0.01,-0.02,449,0.6051713362643207,54.7578875390428,True,0,0.16523586533842302,0.13796396914115094,0.07197639692917314,0.06292960389329162,1.0200635756657441,0.43559790594951514,0.45613071503407054
baseline,0.01,-0.02,450,-0.019562168956488435,218.13997824021726,True,0,0.1129212560736279,0.06883773181668724,0.02428527650564962,3.174032157988626e-14,1.0137292303760401,0.21506381836396618,4.61089009504406e-13
baseline,0.01,-0.02,451,1.3512153583960629,31.74430057088951,True,0,0.1148462663881479,0.08044569372233884,0.02467257191994358,0.0073343369638715315,1.0276279217397262,0.21483129313544477,0.0911712812022761
baseline,0.01,-0.02,452,-2.9396060660141443,39.74256847689239,True,0,0.11985579394375914,0.08987054775763617,0.02857810790892296,0.018363832122931117,0.9841221000548984,0.23843743359067718,0.2043364882169728
baseline,0.01,-0.02,453,0.09029559694950784,135.28105785008685,True,0,0.15528406241767168,0.12825531976399107,0.06316086002017467,0.05458006147047731,1.0148431085595995,0.40674399572500375,0.4255578760468787
baseline,0.01,-0.02,454,-0.28539814749281023,74.63085517995869,True,0,0.12128237636975404,0.07488055281832268,0.02605067144264409,2.1391990766137703e-16,1.0110338460811314,0.214793543978915,2.8568152826060937e-15
baseline,0.01,-0.02,455,4.027926554308459,45.97740562525613,True,0,0.1209559533976802,0.0984778760432855,0.03063928254699094,0.02319131698809967,1.0547678347010663,0.2533094212093455,0.23549773735885646
baseline,0.01,-0.02,456,0.3834047780271632,58.560569955862576,True,0,0.14680795475836755,0.09799565810096639,0.051623110331847855,0.021514277041308424,1.0178150233760972,0.35163701052040924,0.2195431660772352
baseline,0.01,-0.02,457,-1.0722949954956484,70.87310830980707,True,0,0.1070074739059756,0.06869230570748365,0.01942581184745662,6.350459531129281e-14,1.0030552819398213,0.18153696315198994,9.244790178061287e-13
baseline,0.01,-0.02,458,-2.260065461593741,49.090335556972576,True,0,0.13387434277589402,0.10891299049374956,0.04116189777026275,0.03626339980991853,0.9910121496373225,0.3074666655071306,0.33295752550288904
baseline,0.01,-0.02,459,-2.139727387866097,58.11236911464033,True,0,0.10826577331152126,0.07277901199079183,0.017993561495270854,0.002220233653124595,0.9922322905519984,0.16619806006000276,0.03050650994555277
baseline,0.01,-0.02,460,1.3686160995681984,47.55848945337314,True,0,0.11358492633316335,0.07268027108401899,0.02202713488394651,7.045605379267746e-20,1.0278043526530034,0.19392656750366052,9.69397234515398e-19
baseline,0.01,-0.02,461,-0.8115022741924993,67.06187496437038,True,0,0.09049206818710538,0.07198980656300066,0.0017806637989807343,8.758877799608951e-22,1.005699531258884,0.019677567710121902,1.2166830580304126e-20
baseline,0.01,-0.02,462,0.07851765329913718,74.02819165988822,True,0,0.11127702069276647,0.06948421010340677,0.02317381630837672,3.73909110251376e-17,1.0147236887409719,0.20825338568651242,5.381209769743693e-16
baseline,0.01,-0.02,463,0.09882277648327609,168.08079444096361,True,0,0.1371656452091566,0.09560163241619929,0.045628413678131904,0.025174221051761342,1.0149295679843986,0.3326519086361279,0.2633241757020006
baseline,0.01,-0.02,464,0.766563577355317,48.69412669350764,True,0,0.14251173015084787,0.10477163826488152,0.049588077479038706,0.02988365682378758,1.0216999761046612,0.3479578658300619,0.2852265872586275
baseline,0.01,-0.02,465,-3.662179452608638,61.87944878995785,True,0,0.12322855871108533,0.08405541898808429,0.03151779144139316,0.013460297207782076,0.9767957292270322,0.2557669404808019,0.16013598373342486
baseline,0.01,-0.02,466,-1.153447270926411,255.21214255957779,True,0,0.1027517598806085,0.06713028923553813,0.015547331274751372,1.7910959274712954e-14,1.002232456640189,0.15130963491833577,2.6680890963942196e-13
baseline,0.01,-0.02,467,-3.24157730405753,79.81413359731474,True,0,0.14471284641701956,0.12401061897854115,0.05295231932573952,0.052917234630384634,0.981060330398971,0.3659130522051002,0.42671534959067864
baseline,0.01,-0.02,468,-1.2535651546292326,70.83406720470316,True,0,0.1428355243659258,0.11698753639145827,0.04959207001419426,0.0435329910530102,1.0012173338082162,0.3471970312311516,0.37211648689944304
baseline,0.01,-0.02,469,0.35373104191100957,58.50584646825888,True,0,0.10307599088288874,0.07418113058264,0.011027832213293355,5.17126055612151e-18,1.0175141531826075,0.10698739947911617,6.971126640299141e-17
baseline,0.01,-0.02,470,-6.425392925983409,38.7183704749947,True,0,0.1495068473937828,0.12020736604257454,0.056362099737200695,0.05036733458572322,0.9487787458201126,0.3769867448863382,0.41900372867237046
baseline,0.01,-0.02,471,-0.2560855884353064,59.44743207108783,True,0,0.185037770532188,0.1609891690708579,0.08893471970847719,0.08320066194154178,1.0113310542008231,0.48063008678007535,0.516809064993197
baseline,0.01,-0.02,472,-1.201407575289204,99.45746601466382,True,0,0.12458417981701121,0.07514733001158973,0.03004845214471634,8.993684087015284e-18,1.0017461738884326,0.2411899503520543,1.196806870667024e-16
baseline,0.01,-0.02,473,-0.3823523941621221,45.65152916846389,True,0,0.11950591316524117,0.09781750803512405,0.030870017546527545,0.02535230366266418,1.0100508002374649,0.2583137246425914,0.2591796108071036
baseline,0.01,-0.02,474,0.27039582550405505,62.44478461134839,True,0,0.12823386630094347,0.10084507182429196,0.03581626819207582,0.025967164664366944,1.0166691944424366,0.27930428384667916,0.2574956236791719
baseline,0.01,-0.02,475,-2.3205647303188193,31.178575417299385,True,0,0.12543498575949458,0.10788718444546122,0.036697941229225435,0.037326835093947755,0.9903987308680766,0.2925654354486794,0.3459802504422302
baseline,0.01,-0.02,476,-3.359832544380703,71.55258227907962,True,0,0.1322485702597966,0.09764536138649675,0.037447520885873345,0.02400300892486697,0.9798613079065578,0.283160118951073,0.2458182199752329
baseline,0.01,-0.02,477,-0.028187778726629364,49.64510980020211,True,0,0.1580641039291824,0.11979347663252218,0.0629613326890742,0.044282894221510403,1.0136417729399305,0.39832783740249345,0.36966031428699886
baseline,0.01,-0.02,478,1.3028032817752777,50.09973343171,True,0,0.13114726450373698,0.10584192708071395,0.040009258841196105,0.03220631843863234,1.0271370583444623,0.30507124180280604,0.3042869619529144
baseline,0.01,-0.02,479,-0.9934582839586925,80.5023984797889,True,0,0.10794417431663401,0.06663964394663502,0.019412768894799294,3.4814300393577815e-16,1.0038546290985804,0.1798408206621283,5.224262665847537e-15
baseline,0.01,-0.02,480,0.39613940406266757,65.63699700956742,True,0,0.10571775720651574,0.07383020197886445,0.014851123919550437,1.9942158567107224e-18,1.0179441432612482,0.14047899153345936,2.7010841136282027e-17
baseline,0.01,-0.02,481,-3.033724251823078,53.1429084802078,True,0,0.09934213742379218,0.07064807388837421,0.008197855733998848,2.879664644806113e-16,0.9831678098143845,0.0825214349780588,4.076069574601648e-15
baseline,0.01,-0.02,482,-0.9390307681217958,72.8423386117955,True,0,0.12646539570011747,0.08647320823934547,0.031522453894916425,0.010905632971824964,1.00440648469091,0.24925754369728464,0.1261157437531372
baseline,0.01,-0.02,483,2.826211101247078,52.938470634925345,True,0,0.1192422621598281,0.07467052070648988,0.02915563523953499,2.8384349350461284e-19,1.0425833103301931,0.24450756561843665,3.801279150313237e-18
baseline,0.01,-0.02,484,-1.0055331742781948,84.16078371945358,True,0,0.11587016449389713,0.07136435130184424,0.023498471148534168,6.991110730206275e-18,1.0037321984557865,0.20280001544117796,9.796362753493714e-17
baseline,0.01,-0.02,485,-0.8692771127467469,58.844458385464335,True,0,0.11667894972651852,0.07456318408113624,0.021032217629345217,3.561131484643517e-21,1.0051137362384452,0.18025717302600183,4.775991702243371e-20
baseline,0.01,-0.02,486,-2.003953815007742,79.57492727667261,True,0,0.1628399122443803,0.13262237089988027,0.06859990960622549,0.057512793452805376,0.9936089362489466,0.42127208655869874,0.4336583116601281
baseline,0.01,-0.02,487,-4.190447524551921,45.252595421856455,True,0,0.13806937554264484,0.11184107302176102,0.04844438260446872,0.042340091913900424,0.9714394735672173,0.3508698609961188,0.3785737276113425
baseline,0.01,-0.02,488,0.750741388395082,99.13532493386984,True,0,0.11226414532024562,0.07573288911794093,0.01835141844216371,1.812611326712825e-17,1.0215395505675713,0.1634664245633751,2.393426882064403e-16
baseline,0.01,-0.02,489,-2.7256249103195684,41.17807492365759,True,0,0.13001661369711934,0.09757263480033362,0.03764125122169153,0.02684362636038034,0.9862917140012166,0.2895110874782421,0.275114292191775
baseline,0.01,-0.02,490,-1.4921675403018253,61.33165880635519,True,0,0.10484453574033126,0.07158530887729163,0.013549808230651755,2.035736504083653e-16,0.9987980784214523,0.12923714273684803,2.8437909062783012e-15
baseline,0.01,-0.02,491,-2.004437710760265,51.36321720786845,True,0,0.10594795694298649,0.07413738971494034,0.013250263419355616,3.396792547745216e-21,0.9936040298964698,0.12506388798498444,4.581753634442685e-20
baseline,0.01,-0.02,492,-4.2848718595941415,42.57636329366126,True,0,0.1503258953281795,0.12360904129913138,0.0561645168012202,0.05085094200563261,0.9704820791952015,0.373618375454251,0.4113852956967311
baseline,0.01,-0.02,493,0.9190679268893831,96.55973344530415,True,0,0.11124211464568101,0.06975654754461917,0.02413166640332805,6.022909229182772e-14,1.023246259760104,0.2169292311656444,8.634184805849616e-13
baseline,0.01,-0.02,494,-4.050974603344459,54.829871718143025,True,0,0.0941989196587556,0.06685374076651096,0.0059719741396726065,4.770395841746328e-15,0.9728536279772316,0.06339748015483236,7.135570556039792e-14
baseline,0.01,-0.02,495,-0.40816200570553685,213.7254545682347,True,0,0.1062441464960806,0.0731381323925302,0.014876401956350737,1.101811397834241e-16,1.0097891094686124,0.14002090888743254,1.5064800833590496e-15
baseline,0.01,-0.02,496,3.127575321244014,43.485852424930385,True,0,0.10325019951757676,0.07885397410457612,0.012585632111975744,0.006621981225638917,1.0456389252627527,0.12189450645887841,0.08397777411772357
baseline,0.01,-0.02,497,0.29418249787591666,73.4535153240231,True,0,0.1438371612349705,0.1134412940079698,0.04804176174389721,0.03721738295791955,1.0169103740731709,0.3340010420910408,0.32807614972467475
baseline,0.01,-0.02,498,1.6123055798175523,37.10624889802936,True,0,0.09681826390416043,0.07596951200944449,0.0071303818515124975,0.002447629624353829,1.030275187494529,0.07364707405382523,0.03221857768481573
baseline,0.01,-0.02,499,4.958602245529575,40.51732116957311,True,0,0.17553336874305575,0.14712531143859342,0.08142647383813048,0.06845936739671253,1.0642042121830855,0.46388031188145123,0.46531332187042357
baseline,0.01,-0.02,500,-1.5273572090849674,56.67467793975953,True,0,0.12437194515436868,0.10500374705212237,0.034090106651649174,0.033211840128846246,0.9984412806655452,0.2740980420410489,0.3162919520611046
baseline,0.01,-0.02,501,-0.7577376119188628,65.34418131351444,True,0,0.09576737198106758,0.0732593653943908,0.005852013078650178,0.0007381393167774362,1.006244665996143,0.06110654346667332,0.010075699029109427
baseline,0.01,-0.02,502,-1.6938654796223584,68.0236718495531,True,0,0.14738280775852894,0.10435635521641992,0.05587958181074756,0.03205876831428721,0.996753007393244,0.37914586280850554,0.30720475286629145
baseline,0.01,-0.02,503,-2.89504315934217,74.21634704133245,True,0,0.14235086488737367,0.10158693865337069,0.04772539517820117,0.029926403775715312,0.9845739356545808,0.3352659305298984,0.29458908962527675
baseline,0.01,-0.02,504,-3.343973204669559,44.6015944257474,True,0,0.13439019179387102,0.09322303698417969,0.042546959577283584,0.02386951192923977,0.980022110125356,0.3165927439298734,0.2560473537596777
baseline,0.01,-0.02,505,-1.9695245407421402,39.972509134020726,True,0,0.13527663121242658,0.10505640050227825,0.04171512248061442,0.03247049518901921,0.9939580241551493,0.30836902210485,0.3090767914546535
baseline,0.01,-0.02,506,3.3283500275691713,45.424698986139205,True,0,0.10654826397221279,0.07104566354600825,0.017631176491458934,1.2526941719409124e-14,1.0476746353770245,0.16547596210537086,1.763223973733012e-13
baseline,0.01,-0.02,507,-3.0013048020191113,19.22408035609539,True,0,0.10257925083372675,0.07283343135459923,0.012903666195761339,0.002211105987317103,0.9834965195561294,0.12579216645554578,0.030358393751243714
baseline,0.01,-0.02,508,-5.037609639490115,44.22716277944893,True,0,0.12447154307970529,0.09338847813875818,0.03376561730422263,0.024628181206421493,0.9628498632653371,0.27127178203776936,0.2637175559262088
baseline,0.01,-0.02,509,0.8940019251533204,66.59149336412582,True,0,0.096321883744949,0.07246550187651929,0.005313874592213021,2.485941877101336e-19,1.0229921086561506,0.05516788486283808,3.4305177121899517e-18
baseline,0.01,-0.02,510,-0.8872405697568087,43.408188462232985,True,0,0.11757725857385365,0.09066939001880714,0.026365581588926334,0.01802868538228284,1.0049315997941093,0.2242404858620288,0.19883982211133472
baseline,0.01,-0.02,511,2.353345532790163,81.21626545123294,True,0,0.13906438498642218,0.09618066992380703,0.04449445956831333,0.020398782998262234,1.0377887959313543,0.3199558217055908,0.2120881775352767
baseline,0.01,-0.02,512,0.5146664062400497,42.13218903650489,True,0,0.11176030329774747,0.07202851640394599,0.021332232235325852,1.2367231073794065e-14,1.019145921222044,0.19087485990882957,1.7169909490342554e-13
baseline,0.01,-0.02,513,0.8848861910617511,146.26818853365063,True,0,0.11230060615562504,0.0769864840310946,0.016993642610319697,2.6591620260495085e-13,1.0228996817143865,0.1513228039639437,3.4540634755777145e-12
baseline,0.01,-0.02,514,0.8367471204344223,82.34580087712814,True,0,0.1401242338264113,0.10460122914751269,0.04580692946780716,0.02807093536489782,1.0224115864021763,0.32690226534657596,0.26836142934143825
baseline,0.01,-0.02,515,-0.21413522536698482,32.43442658989404,True,0,0.13466563902071832,0.10277148237305961,0.041266250640649434,0.02961516012543337,1.0117564005004573,0.3064348926774158,0.2881651547841899
baseline,0.01,-0.02,516,-2.5248281204340084,45.60533440412311,True,0,0.15959355590860227,0.13485509503436766,0.06606433070777737,0.06202356961444908,0.9883276480267973,0.4139536232002487,0.45992752145287835
baseline,0.01,-0.02,517,-3.3147832067184635,87.82809967028274,True,0,0.12892014607322744,0.0964856506822976,0.03892989528517868,0.027186643102784486,0.9803180755641916,0.3019690596927051,0.28176876986924304
baseline,0.01,-0.02,518,-3.1522017327301866,73.14520475155376,True,0,0.12753578509070365,0.08729579746270512,0.033473194907635784,0.016186178149165325,0.9819665339634043,0.2624611977244629,0.18541761023582437
baseline,0.01,-0.02,519,-3.196466629501893,71.0666748760935,True,0,0.1361723786316316,0.10982167246691442,0.04591487182101889,0.039084239619797664,0.9815177199682816,0.33718197686203366,0.35588822080243254
baseline,0.01,-0.02,520,-2.920898579290254,69.4979984717466,True,0,0.11971725324302301,0.0747841361102764,0.028778729559148918,0.004498452638160111,0.984311780421681,0.2403891567803416,0.06015249853961955
baseline,0.01,-0.02,521,-3.292735950164516,33.869289975908444,True,0,0.12262550444636362,0.08273938841385259,0.0303894693383073,0.0117188360023194,0.9805416187782763,0.24782339918201643,0.1416355163722407
baseline,0.01,-0.02,522,-0.19904972276315602,49.47386519200536,True,0,0.12122347375652393,0.09515088917848977,0.02883835026852242,0.02231825188328367,1.0119093565714266,0.23789410891197477,0.2345564195560774
baseline,0.01,-0.02,523,-3.7803725631732066,58.42812509988077,True,0,0.10129250517403716,0.06726240574252589,0.011906909107384398,6.442700743035649e-21,0.9755973366853747,0.11754975441594985,9.578457195982102e-20
baseline,0.01,-0.02,524,1.161762191546667,44.84080066475269,True,0,0.12355300506695638,0.11635548678739241,0.03345157798315134,0.04237550197415544,1.025707003836295,0.2707467775876687,0.36418997628865574
baseline,0.01,-0.02,525,0.22008337156058655,110.05294345739928,True,0,0.1251260923494543,0.08263693913495808,0.03020292071116496,0.005394542142608345,1.0161590625974388,0.24137987644346573,0.0652800333492299
baseline,0.01,-0.02,526,-4.238317928839386,152.51201035366563,True,0,0.12782556337519105,0.09675069959840898,0.03342488426501011,0.023802271140954453,0.970954102337116,0.2614882608958433,0.24601652742308303
baseline,0.01,-0.02,527,-4.260319159863313,55.535268629177565,True,0,0.1294152337102476,0.1012588048521066,0.03790427339632126,0.03171709728932772,0.9707310257885725,0.29288880690187136,0.3132280430887179
baseline,0.01,-0.02,528,0.4511344174630505,68.98806988887763,True,0,0.1489699383702609,0.11390340287667124,0.05546741181692282,0.03840358477113818,1.0185017528678706,0.37233963055727404,0.3371592402091763
baseline,0.01,-0.02,529,0.0014946795862780249,111.25950376159648,True,0,0.10366637094176441,0.069751222565363,0.014909923876041644,1.7938371477135447e-13,1.0139427315701783,0.1438260425303924,2.57176445335071e-12
baseline,0.01,-0.02,530,-4.894259606335083,172.09094031856344,True,0,0.11117199044523837,0.07063882844884863,0.01863882353293703,5.93652989257853e-20,0.9643033287825635,0.1676575498764523,8.40406051875184e-19
baseline,0.01,-0.02,531,-4.512649047313888,68.79254505666482,True,0,0.1661397444425428,0.1424476548258217,0.07206988372061549,0.06884368222938475,0.9681725834757032,0.4337907462325481,0.48329108902188367
baseline,0.01,-0.02,532,-2.9222631026744272,60.37600671857095,True,0,0.10733277376352743,0.07150151234371283,0.015470347036037562,4.679280188193853e-20,0.9842979451427997,0.14413441946559025,6.544309392646442e-19
baseline,0.01,-0.02,533,-4.794292619721285,71.43491680394527,True,0,0.13284297527416664,0.08601279320493624,0.03892096838802172,0.013781809483085529,0.9653169216273385,0.2929847687293594,0.16022976314986823
baseline,0.01,-0.02,534,-2.8703710907326485,72.2488332307598,True,0,0.12139535808482106,0.06887430648846805,0.0309120640985287,1.997714473411496e-15,0.9848240925619308,0.254639589076626,2.900522089098614e-14
baseline,0.01,-0.02,535,1.7673842202613477,54.58156555013353,True,0,0.11659761919575953,0.07249117877782167,0.026332644725801584,3.7209407094216434e-18,1.0318475725954075,0.22584204469553407,5.132956550238975e-17
baseline,0.01,-0.02,536,1.009053120168102,69.72658541102548,True,0,0.12179328717876553,0.07634774208169608,0.030289130680274407,0.0047691120752544995,1.0241586444496154,0.2486929401602954,0.06246565969365931
baseline,0.01,-0.02,537,2.832849845902019,130.63741789038534,True,0,0.11735537255788502,0.08524670402081179,0.02726714918320444,0.011507861812443386,1.04265062239299,0.23234683328839537,0.13499480061579744
baseline,0.01,-0.02,538,0.443039545590751,101.41844105736203,True,0,0.1280405875213048,0.09872053222553476,0.03679250248708245,0.02577535078002839,1.0184196767296667,0.2873503097676782,0.26109412296463913
baseline,0.01,-0.02,539,-0.8546439519304116,116.28569882421701,True,0,0.11175815668237069,0.07160477385278291,0.019431458919514172,3.1034171119125956e-16,1.0052621058912905,0.17387061039974536,4.334092470277359e-15
baseline,0.01,-0.02,540,-3.870672414093823,40.428053372071645,True,0,0.12965037561156878,0.11078951527693447,0.03858600999519473,0.03847359979155551,0.9746817615952604,0.2976158751039644,0.3472675162030014
baseline,0.01,-0.02,541,0.4008820701863369,54.79121454137817,True,0,0.16433690518290503,0.13607694036587056,0.06899755045566702,0.0593819336647932,1.0179922304609423,0.419854264499344,0.4363849856201409
baseline,0.01,-0.02,542,-0.3089580021231053,47.87618032250204,True,0,0.11062138956667826,0.07478432879529028,0.02187558796090795,0.005139258347284539,1.0107949662180276,0.19775188186116752,0.06872106001449058
baseline,0.01,-0.02,543,-3.3357922518137295,87.05507202084732,True,0,0.10560482340620102,0.07954256832797463,0.014687652368163903,0.007970738080085926,0.9801050590623901,0.13908126441979787,0.10020720034108663
baseline,0.01,-0.02,544,-4.018249447084066,33.087930592379564,True,0,0.13116632127968636,0.0980550507513623,0.03835130767738846,0.02725248482380616,0.9731854373610418,0.29238685131385095,0.2779304545250825
baseline,0.01,-0.02,545,-3.736207136712344,95.69065763635535,True,0,0.1165543005574977,0.0762113336157327,0.02651941610207458,0.009009378122023367,0.9760451421235852,0.2275284221622712,0.11821572585843736
baseline,0.01,-0.02,546,2.6903637259923174,71.72776263335138,True,0,0.13786923157430936,0.10548103162067897,0.04602876536486712,0.030838399977152355,1.0412059163303957,0.333858141075214,0.2923596736145938
baseline,0.01,-0.02,547,1.036867633920302,127.03516117927259,True,0,0.10907463531329012,0.07460680112901653,0.015450558604894917,2.930841222725486e-17,1.0244406634748466,0.1416512515537364,3.9283834427604286e-16
baseline,0.01,-0.02,548,-5.608412124047957,44.42140272879686,True,0,0.1411370837149145,0.09506884590715055,0.050033807372133636,0.02634577037005942,0.9570623394664776,0.35450503903848457,0.2771230692732943
baseline,0.01,-0.02,549,-6.781024311482009,35.61181642246493,True,0,0.1437252514314608,0.11416690976648028,0.05240516500669972,0.045943313318781744,0.9451729011314917,0.36462044410957606,0.4024223254597614
baseline,0.01,-0.02,550,-1.4470071580278243,77.09530422119248,True,0,0.13185144548842556,0.11082758676568363,0.041749559938802173,0.03991992470278487,0.9992559719910271,0.31664089676185697,0.36019844758674807
baseline,0.01,-0.02,551,-1.895326825292576,59.28992076343732,True,0,0.11987485097686638,0.09601563353401715,0.03079934742466124,0.024993365505026996,0.9947103352533009,0.2569291821735398,0.2603051668265268
baseline,0.01,-0.02,552,3.6279792250808462,26.304583029798373,True,0,0.11796506323125162,0.08842845069081356,0.02742611480026399,0.011918659834978364,1.0507126584381457,0.232493537061049,0.1347830900786837
baseline,0.01,-0.02,553,-0.47265487011688423,67.9056888472752,True,0,0.1441114354167003,0.11621450651620335,0.04983290716962861,0.04121472336651943,1.0091351985314054,0.3457942600150782,0.354643534632856
baseline,0.01,-0.02,554,-1.8926396218449937,29.078955251410356,True,0,0.10950760106099534,0.07610164055514396,0.019392978228022033,0.004885664073721168,0.9947375815500953,0.17709253093052613,0.06419919515639048
baseline,0.01,-0.02,555,-3.424253464254523,37.603433721577744,True,0,0.17167706294171828,0.13424284645525564,0.07822468450185527,0.061931241953217815,0.9792081264348567,0.45565017924620105,0.4613373717001752
baseline,0.01,-0.02,556,-2.185566365820346,67.1400095086943,True,0,0.15300101694996743,0.11892901381086222,0.060994279661687814,0.047192765389556884,0.9917675165136879,0.3986527728873426,0.3968145692741513
baseline,0.01,-0.02,557,-1.2941498284761432,62.52053715220087,True,0,0.12537628313123098,0.08680378209568611,0.03473298151974861,0.015766900793350625,1.0008058346082085,0.2770299186760362,0.18163840805888334
baseline,0.01,-0.02,558,-0.11953722532392907,60.87925101703967,True,0,0.10916727693084269,0.07983851543162586,0.020373880519305058,0.010417017315527822,1.0127155557098075,0.1866299232893011,0.13047608988232018
baseline,0.01,-0.02,559,0.800541080380146,60.04272837344883,True,0,0.13516660347334486,0.10320014946196418,0.04473351178770916,0.030863739537747546,1.0220444833776705,0.33095092011045985,0.299066810451886
baseline,0.01,-0.02,560,-1.1573540360171775,42.63581945164295,True,0,0.14466401566560777,0.11025087798549991,0.054021411726053736,0.03810546035348621,1.0021928448715807,0.3734267397285911,0.3456250058933572
baseline,0.01,-0.02,561,0.9973105330003618,93.75809200206353,True,0,0.15350023657169645,0.129691709166274,0.061423813884867166,0.055188779435878875,1.024039583120115,0.40015452260347173,0.4255382228413917
baseline,0.01,-0.02,562,-3.8413415012667373,64.63612953880465,True,0,0.1314245847754354,0.08938451992130013,0.03957823140494182,0.019338453763062063,0.9749791558088833,0.3011478519986878,0.2163512628371096
baseline,0.01,-0.02,563,-2.911855062254287,216.8057509839362,True,0,0.11656192219656943,0.08130051217763255,0.026443484828859398,0.013542925007791107,0.9844034751348033,0.22686212041240397,0.16657859397246264
baseline,0.01,-0.02,564,-0.21076236157548944,65.69294880477707,True,0,0.11893847754664792,0.07434123560749215,0.029532333504548182,0.004399926268267122,1.0117905988965605,0.24829923935225703,0.05918554127211326
baseline,0.01,-0.02,565,-1.3325414246579959,42.368665098133896,True,0,0.13632473328740505,0.08558462615943985,0.04024064638002233,0.010968794971456577,1.0004165716274231,0.2951822857792463,0.1281631463929312
baseline,0.01,-0.02,566,-4.333779459674325,133.19667069719094,True,0,0.11253856006741955,0.07562397414721038,0.019668535842333055,0.004452317916312489,0.9699861915509345,0.17477152569350485,0.058874423970969356
baseline,0.01,-0.02,567,-2.1669586578834554,50.41687370769877,True,0,0.11806831961067114,0.0913006290654294,0.028952747271985324,0.02048310227810818,0.9919561851958335,0.24522028743575464,0.2243478767646741
baseline,0.01,-0.02,568,0.6615167737666905,55.68022767006574,True,0,0.10670473543859638,0.0811616106994276,0.014656483694763614,0.006750729245358927,1.0206348775947376,0.1373555131786793,0.08317638335640544
baseline,0.01,-0.02,569,-0.2842257200190601,41.848698452846456,True,0,0.10518055570648949,0.06992914024547657,0.016222862946863332,1.2829330208475926e-09,1.0110457336466034,0.154238231942165,1.8346186101302458e-08
baseline,0.01,-0.02,570,-1.148738075495792,53.9581008308142,True,0,0.1665396499959121,0.14958951402878512,0.0724732700237154,0.0739570336696115,1.0022802044712962,0.4351712641733926,0.4943998524881907
baseline,0.01,-0.02,571,-0.6155653416224482,121.18990360411857,True,0,0.12965019533461153,0.091870449976541,0.0393642466763242,0.020587456047515898,1.007686189850959,0.3036188767377467,0.22409225221790988
baseline,0.01,-0.02,572,0.9752559040157038,76.04169748979668,True,0,0.1442838163342371,0.11440101378469329,0.05189918250654855,0.041379705794206405,1.0238159651549226,0.359702036064272,0.36170750962123865
baseline,0.01,-0.02,573,-0.08572453368443922,42.375606325270184,True,0,0.1145419992967598,0.08126741145699082,0.023627995976994293,0.00965013795690495,1.0130583919147316,0.20628237783573147,0.11874548215445618
baseline,0.01,-0.02,574,-0.979663757181104,28.421474177124512,True,0,0.10334539418387577,0.0777513061527561,0.012751394573629523,0.004707517357178143,1.00399449560964,0.12338619126984791,0.06054582990450858
baseline,0.01,-0.02,575,-1.3734677759377978,46.672069272071646,True,0,0.11128416185555795,0.08215552315517992,0.0198105406506856,0.00872182753136529,1.0000016080657004,0.1780176111349864,0.10616240024290294
baseline,0.01,-0.02,576,0.7140043481717262,90.9535236327265,True,0,0.11925687747695835,0.09463098178736276,0.029842783574498735,0.02293937482558187,1.0211670635859194,0.25023951830589114,0.24240871638769412
baseline,0.01,-0.02,577,4.35143586184672,108.80037294668504,True,0,0.10813804444448144,0.07209633045842918,0.019956572279215087,2.7916926443082e-13,1.0580479847830697,0.18454719041512613,3.872170229132386e-12
baseline,0.01,-0.02,578,-2.1036052206288125,46.941920686888125,True,0,0.10583758319858919,0.06987954197425715,0.01572523824014795,6.384759735990667e-17,0.9925985431668833,0.14857896188579603,9.13680822112821e-16
baseline,0.01,-0.02,579,-6.733431420094194,39.08089709917542,True,0,0.12247156315778873,0.07671949801502968,0.03289724942314549,0.009018183447912125,0.9456554585817748,0.26861132964198103,0.11754747725467943
baseline,0.01,-0.02,580,0.47915569708809613,30.313838827484595,True,0,0.13478713379117274,0.09120770921784559,0.04188877878948207,0.018487853681866798,1.0187858683493054,0.3107772797838467,0.20270055941992113
baseline,0.01,-0.02,581,-1.9774055139570867,69.54908813839069,True,0,0.11279182056282157,0.06741239714005404,0.02334822645277448,0.0002790471440383107,0.9938781167944184,0.20700283350573492,0.004139403965394829
baseline,0.01,-0.02,582,-3.199699614228968,63.13202688009894,True,0,0.11564147449034912,0.07338176730420445,0.021435103416468943,2.314430876291826e-15,0.9814849398445865,0.18535826796516516,3.153959030037178e-14
baseline,0.01,-0.02,583,-2.870003920739439,59.32594692211647,True,0,0.10662165261436808,0.0691621238092819,0.017141542481798933,1.1913591556917157e-20,0.984827815399745,0.16076980670893276,1.722560109601246e-19
baseline,0.01,-0.02,584,-1.9980416439846715,38.057656828134526,True,0,0.1437488700734695,0.11330790971413222,0.052375039112236586,0.03991095857377927,0.9936688813813254,0.3643509621012527,0.35223453220937334
baseline,0.01,-0.02,585,-4.868622021237313,46.465614706500766,True,0,0.11543760074906492,0.0770339562831095,0.022205406729172854,0.0056911328031140915,0.9645632753278446,0.192358526035571,0.07387823601060371
baseline,0.01,-0.02,586,-2.260858045919756,60.11656592036472,True,0,0.13397035216970848,0.0993100453563801,0.040748425724664666,0.025946942877713947,0.9910041134062733,0.30416002544388426,0.26127208767856036
baseline,0.01,-0.02,587,-5.850123096433791,44.84115397507047,True,0,0.14359499942147014,0.11625186862351139,0.051167643132475724,0.04656682855860943,0.9546115652617856,0.3563330432022357,0.40056843051201935
baseline,0.01,-0.02,588,-1.051570850181438,52.40266419712586,True,0,0.0978849945441445,0.07112730917328551,0.007357538734718473,7.463556673973567e-20,1.003265409764177,0.07516513403288128,1.049323636831292e-18
baseline,0.01,-0.02,589,4.237686531162255,59.73014617844312,True,0,0.1136265196756631,0.0841201010969299,0.02076540337719966,0.006943035138056696,1.0568946489510602,0.18275138089657833,0.08253717063483289
baseline,0.01,-0.02,590,-5.8130418713293945,42.7015257543177,True,0,0.15936056373792565,0.12930738283647433,0.06691057168979593,0.060472899325655964,0.9549875420288607,0.4198690699904453,0.4676678005472561
baseline,0.01,-0.02,591,-2.0758327035310553,51.21986896407783,True,0,0.1387525518621056,0.11741922569329578,0.04912714501303673,0.04544849969368878,0.9928801363764539,0.35406300175192473,0.38706182420587815
baseline,0.01,-0.02,592,-4.564373697640434,51.053661007907635,True,0,0.114005682369151,0.07633798227492446,0.02499564896095567,0.008625546138276778,0.9676481329821416,0.2192491500556931,0.11299153948309297
baseline,0.01,-0.02,593,-2.148817739281228,122.83434592710505,True,0,0.1149303683899209,0.07312234889149563,0.021560949987242978,2.106650482155383e-16,0.9921401209721904,0.18760011204430993,2.8809939971723107e-15
baseline,0.01,-0.02,594,0.3192073501617321,82.21580916271463,True,0,0.12185159560337308,0.09831322642616652,0.032166286877328164,0.025972576260285977,1.0171641079515006,0.2639792012410689,0.26418191330330765
baseline,0.01,-0.02,595,-3.604606281081779,98.19957483924289,True,0,0.1169753049663058,0.08615300570635383,0.027180529447928224,0.01573557633930797,0.9773794794898673,0.2323612616847415,0.1826468642654387
baseline,0.01,-0.02,596,3.4703158622298558,49.76623578212226,True,0,0.11756982632662866,0.09307350460904366,0.02854670276437653,0.01984998998048997,1.049114066124002,0.24280637010612752,0.21327218808263515
baseline,0.01,-0.02,597,-2.7317790385743668,47.62099974487255,True,0,0.13813592526287471,0.09819134633641832,0.0441780510440071,0.026505146434744647,0.9862293155977419,0.3198157970849047,0.2699336288142341
baseline,0.01,-0.02,598,4.675830405645609,50.12692313056113,True,0,0.15014334614001967,0.10776053691729835,0.05705291276374908,0.029977662945380477,1.0613371105196379,0.37998961812495546,0.27818776523345523
baseline,0.01,-0.02,599,0.6442263084882605,125.62454217360289,True,0,0.1270134706485046,0.09776714227434309,0.038620168394722355,0.026817732077389737,1.0204595647991568,0.3040635626877664,0.27430209632329083
baseline,0.01,-0.02,600,-2.7121407372305617,50.81888343418525,True,0,0.12425681503881932,0.10540797185447232,0.03220107784293422,0.03233223996487116,0.9864284337506428,0.25914939017931704,0.30673429529134183
baseline,0.01,-0.02,601,1.1209908940519986,75.8712646791867,True,0,0.11192463783501876,0.08820895723615435,0.022277122407009783,0.01501786239646248,1.0252936124076582,0.1990368058179212,0.17025325847868752
baseline,0.01,-0.02,602,0.11161720448160661,84.27898868758311,True,0,0.10742187193682531,0.07189956675702311,0.0170002190069072,3.1736907420200917e-15,1.0150592942181422,0.15825658872249976,4.41406100922032e-14
baseline,0.01,-0.02,603,2.392943093848632,101.60005776729247,True,0,0.13488846455745013,0.10647141966130878,0.04033780418244697,0.031116495345837505,1.0381902865225878,0.2990456175388279,0.2922520939874825
baseline,0.01,-0.02,604,-3.930325130267276,36.70649773637131,True,0,0.13255182049227687,0.09813166934313251,0.04087395772174241,0.02989287957374001,0.9740769262557859,0.30836209996922626,0.30462010657553323
baseline,0.01,-0.02,605,-2.455664721663009,47.10934130676996,True,0,0.13046550287589603,0.09456575719138248,0.04079903831485722,0.02394843476542411,0.9890289147998514,0.3127189748669952,0.25324637032152336
baseline,0.01,-0.02,606,-4.69851587509601,57.79963506115236,True,0,0.12445338484557517,0.0849033078074801,0.03522169824626472,0.016775402975032664,0.9662880284530655,0.2830111715319649,0.197582442995875
baseline,0.01,-0.02,607,2.572839981934605,55.699321272653805,True,0,0.13176360481659868,0.10346169647905051,0.03910012937326992,0.026286918188298192,1.0400143106803397,0.2967445329663928,0.254073914142911
baseline,0.01,-0.02,608,0.17594044451365587,171.9573778386619,True,0,0.10166547670384211,0.07428662705304945,0.010474719526742941,3.945121028696399e-22,1.0157114852869908,0.10303123406637293,5.310674592721938e-21
baseline,0.01,-0.02,609,2.1647561856408037,38.645839574166416,True,0,0.1575299232123515,0.12091157059598759,0.06561581390813999,0.04563912452516492,1.035876636534074,0.41652920645234737,0.3774587022582224
baseline,0.01,-0.02,610,-2.863591492606299,47.29643235631101,True,0,0.1488365227525851,0.11628098411408545,0.05573148480225054,0.04311484142188359,0.9848928327769166,0.37444764075074816,0.37078153191052127
baseline,0.01,-0.02,611,0.31499441694458064,74.56326058947522,True,0,0.12478501862830792,0.1035869230536845,0.030995732972725794,0.026993067212427137,1.017121391859828,0.248393062832739,0.26058373409197444
baseline,0.01,-0.02,612,1.6776619321505981,50.644640867211244,True,0,0.12031916075457147,0.10307152297478979,0.0287911024106296,0.028153091854959074,1.0309378535738947,0.2392894218183424,0.27314132014761267
baseline,0.01,-0.02,613,0.14997093743203127,44.704850918681174,True,0,0.14668140915268912,0.12221545797128891,0.053755215017037394,0.048832041428583876,1.0154481732931828,0.3664759926125368,0.399556997446719
baseline,0.01,-0.02,614,2.3046478657019254,331.1254035993794,True,0,0.11201091975108123,0.06944159940946718,0.026054511368494723,9.229959206996385e-16,1.0372950368555849,0.232606887135602,1.3291685798553248e-14
baseline,0.01,-0.02,615,-4.550304501634129,97.9549681237321,True,0,0.11115587178237246,0.08065164329874251,0.022977250026748514,0.013630759265688798,0.9677907844402557,0.2067119771390461,0.16900783056829946
baseline,0.01,-0.02,616,-2.447052066572919,51.341063526509735,True,0,0.16180883422148498,0.12904918818600583,0.06936528667798353,0.055972502809446496,0.9891162408848874,0.42868664749809565,0.4337299877374679
baseline,0.01,-0.02,617,-3.717726796544607,102.805896694329,True,0,0.09339662281247707,0.06612964539077534,0.007551458426599894,1.812051485092063e-14,0.9762325193887956,0.08085365615159135,2.7401500104593517e-13
baseline,0.01,-0.02,618,-1.3514397201852435,56.69759179991391,True,0,0.11004990511711242,0.06972158337800341,0.019062096024750532,4.716060293978527e-16,1.0002249565975647,0.17321319818009034,6.764132518921545e-15
baseline,0.01,-0.02,619,-3.1455316510130227,35.17255831185127,True,0,0.10987042038732113,0.0693541099425493,0.02092027335994254,5.3714099269610146e-18,0.9820341637613165,0.19040860393719497,7.744904997570464e-17
baseline,0.01,-0.02,620,-4.2140326972420645,58.29707979793578,True,0,0.10859453396940257,0.08052158364485835,0.01811111070847366,0.009811257466724904,0.9712003369973228,0.16677736941692314,0.12184630533345694
baseline,0.01,-0.02,621,1.7234465894678808,44.16335128557138,True,0,0.10744468155064288,0.07384327993645413,0.017319808812600507,1.653103389548124e-21,1.0314020768402872,0.16119745121527493,2.2386646299713432e-20
baseline,0.01,-0.02,622,-4.043333383356462,123.65260495189824,True,0,0.09917109508900074,0.07022434460723201,0.011702377912464012,0.0027434910716088883,0.9729311044138788,0.11800190269111938,0.03906752119871478
baseline,0.01,-0.02,623,0.4082819359957801,150.3464128980252,True,0,0.11624701970157653,0.07090031078391236,0.023724695252472696,2.5949572793965107e-16,1.0180672597410156,0.2040886322365729,3.66000832817974e-15
baseline,0.01,-0.02,624,-5.978742892893618,90.25725060829939,True,0,0.10350759107765968,0.06352638225590453,0.017546042214702844,1.7465624301181344e-15,0.9533074536765104,0.16951454508818004,2.749349747452049e-14
baseline,0.01,-0.02,625,-1.141328023546495,33.11413050872021,True,0,0.11782575092686695,0.0866288586851249,0.028128490922019498,0.016807411178035647,1.0023553370314506,0.23872957057985159,0.19401630626494284
baseline,0.01,-0.02,626,-3.275936084303499,109.84062727134847,True,0,0.13572397013128257,0.10294165633470256,0.04490484217221707,0.03278456456843414,0.9807119572510732,0.33085417504941594,0.31847714264319804
baseline,0.01,-0.02,627,-2.0273597772017093,78.4936566020708,True,0,0.10422204888641318,0.07526560462377249,0.012990767267572504,0.004456003056536066,0.993371616743693,0.12464509579667298,0.05920371036425111
baseline,0.01,-0.02,628,1.1226042165459749,168.84835633000952,True,0,0.10463301377011594,0.07291263176359632,0.01669581948333454,0.002522618220434617,1.025309970329324,0.15956550310226278,0.034597821521703806
baseline,0.01,-0.02,629,-0.35514148379176547,37.49203856064443,True,0,0.11373124693030469,0.0772801739393521,0.024439655670458388,0.0059084159259257035,1.0103266991615543,0.2148895429365615,0.07645448534526471
baseline,0.01,-0.02,630,-6.31814450284528,56.84984023866637,True,0,0.11196576048331605,0.08099183703090354,0.021854479623147748,0.011360259577078834,0.9498661671577805,0.19518895355874682,0.14026425370181653
baseline,0.01,-0.02,631,-1.3643910575591,54.51629966253256,True,0,0.14292897981628783,0.11614285397760522,0.04851589420943916,0.04077618481163123,1.0000936394163924,0.33944056881815377,0.3510864716609576
baseline,0.01,-0.02,632,0.12544888512890928,65.87903785656702,True,0,0.10833035902321403,0.09341766387173382,0.019927714365187647,0.02298001009448151,1.0151995374425327,0.18395318306770636,0.24599212977573473
baseline,0.01,-0.02,633,-0.5725881671510891,56.79993682137277,True,0,0.10198772403832435,0.07816148658360311,0.012305400659461934,0.005296658132919959,1.0081219472745684,0.12065570415943279,0.06776557566180047
baseline,0.01,-0.02,634,-0.49723016326338465,76.45715033086817,True,0,0.11221514744587022,0.07396358712970012,0.018651136659929082,2.44251638822949e-17,1.0088860228571623,0.16620872568853437,3.30232278208245e-16
baseline,0.01,-0.02,635,-4.719720380154147,60.4068351128678,True,0,0.11014323849072415,0.0778175936231337,0.01965075347037265,0.009440834586326202,0.9660730301287992,0.1784108923947026,0.12132005304671384
baseline,0.01,-0.02,636,-0.23729340549714095,37.15266850447499,True,0,0.11622500565398443,0.08473813724259094,0.02596439810113153,0.012127183044156123,1.0115215933258785,0.22339769273430377,0.1431136373630453
baseline,0.01,-0.02,637,0.4157560245637182,50.902299605738,True,0,0.1025249757345283,0.07212094498969217,0.012790181684515872,1.2868385212902559e-17,1.0181430415861057,0.12475186258647805,1.7842785081007691e-16
baseline,0.01,-0.02,638,0.3325751202224003,45.5577991712599,True,0,0.13254923802472585,0.11436195854351232,0.041251336893779335,0.041036144534285675,1.0172996474585223,0.3112151945082044,0.35882687789639667
baseline,0.01,-0.02,639,-4.028212523125596,80.2283228418705,True,0,0.14403618619115782,0.12347786900419834,0.05233607634683599,0.05285970164044601,0.973084418985579,0.3633536664000399,0.4280904915734231
baseline,0.01,-0.02,640,-3.6773751623341844,92.86509934822007,True,0,0.11961553492897477,0.08090423611088714,0.029213870563607712,0.014276061499566142,0.9766416557356645,0.24423140841157717,0.1764562918559593
baseline,0.01,-0.02,641,1.3116740120362014,45.35294320019817,True,0,0.14459264113521578,0.11116344484409924,0.05196298478532685,0.036604743656272705,1.027227001124824,0.3593750302737307,0.32928759726373086
baseline,0.01,-0.02,642,-1.1583476701860107,37.34396442074743,True,0,0.12852674560904195,0.10031835606577513,0.03481764442166384,0.02659187352067001,1.0021827701407324,0.2708980473805321,0.26507485333227226
baseline,0.01,-0.02,643,-2.1375171928871617,49.634206500112306,True,0,0.12525325903366905,0.09186577041133895,0.03286703926918981,0.018739373969410333,0.9922547003283865,0.262404663341773,0.20398646727178965
baseline,0.01,-0.02,644,-1.2038203261942937,58.65198057852341,True,0,0.11549801455230782,0.08230406369608144,0.02300806216859431,0.00995252416048325,1.0017217103416511,0.1992074258399845,0.1209238488786441
baseline,0.01,-0.02,645,0.29281997344376975,112.05606165357598,True,0,0.13054807532490487,0.09268604387893505,0.03942643926602888,0.02149357084125258,1.0168965590622154,0.3020070511794626,0.23189651798416516
baseline,0.01,-0.02,646,-2.9737164474208932,35.9775734463346,True,0,0.1287798219443218,0.09850711849538044,0.036955183614619136,0.02722387290705169,0.9837762454913314,0.2869640837878839,0.2763645239336523
baseline,0.01,-0.02,647,-1.1935842027204657,124.13173466029005,True,0,0.14274744907757514,0.10894823550172017,0.05104073000666504,0.036720239536051524,1.0018254972203273,0.35755966454382876,0.3370429944730197
baseline,0.01,-0.02,648,-2.5179364824358452,40.382481655687826,True,0,0.1535211610856974,0.12215999394358779,0.06210620328530396,0.05027466862946842,0.9883975242449402,0.4045449034262808,0.4115477334804449
baseline,0.01,-0.02,649,-0.9399723010340089,234.78677020546485,True,0,0.09023359462100373,0.0689417978695196,0.0033104127721667784,3.3656999653108204e-13,1.0043969382290703,0.03668714281051385,4.8819440010555e-12
baseline,0.01,-0.02,650,0.5937702449931859,48.486977667778646,True,0,0.11577059340246983,0.0741033474135345,0.02236898295831547,1.2909326939342522e-19,1.0199479768573125,0.19321817657573012,1.742070687752051e-18
baseline,0.01,-0.02,651,-4.529769211400236,51.25323661753107,True,0,0.1221728553996616,0.08881622459965839,0.02855709932000654,0.01726663102564734,0.9679989974108723,0.23374340582110711,0.19440852280624582
baseline,0.01,-0.02,652,-0.9768428733258117,60.48937714563145,True,0,0.11090188914335744,0.08671856583844564,0.01934777980949449,0.013379984020677886,1.0040230973289528,0.17445852328524866,0.15429203529039487
baseline,0.01,-0.02,653,-3.911291434029851,71.99135343248822,True,0,0.141562162153972,0.11949616033075562,0.05005188099320567,0.04767927324665571,0.9742699141507837,0.35356821506276565,0.3990025546819527
baseline,0.01,-0.02,654,-2.021491436879741,88.26765746340013,True,0,0.12014554764528408,0.10139748072051771,0.030287511444828896,0.030647924851131235,0.9934311174645063,0.25209016928575073,0.30225528911912747
baseline,0.01,-0.02,655,-2.8641420519923133,57.763075431167124,True,0,0.12010590677280102,0.09258285067107955,0.030748575354323078,0.022605897400972314,0.9848872505034763,0.2560121827520838,0.24416938166318314
baseline,0.01,-0.02,656,-2.5248712938765516,130.49960901052276,True,0,0.14946245437086525,0.11392894875541383,0.05819783863708081,0.043071799605953774,0.9883272102793575,0.38938099124662395,0.3780584309473586
baseline,0.01,-0.02,657,-4.023803727303788,71.20050888986782,True,0,0.10853016335187864,0.07312867120102924,0.01675721703090122,0.00369288682737364,0.9731291209822123,0.15440147248807357,0.05049848119381205
baseline,0.01,-0.02,658,0.2054903458820645,52.09705444374319,True,0,0.1320649862095932,0.10314208450169424,0.04089703738511954,0.030087813696968717,1.0160110998858238,0.3096735823696226,0.2917122903064315
baseline,0.01,-0.02,659,-3.6768370226441194,42.98874804658265,True,0,0.14683928500875165,0.10345939786532117,0.05226463721867375,0.03148829232381378,0.9766471120823828,0.355930888764262,0.3043541038659807
baseline,0.01,-0.02,660,4.786956956499555,55.37596289657783,True,0,0.13360350510926075,0.10180201083598363,0.041500375484310466,0.02731304692304649,1.0624638532636723,0.3106234035579495,0.26829575072982975
baseline,0.01,-0.02,661,-3.471923137170596,51.91244447596177,True,0,0.11727264313029691,0.08608221249300431,0.028891777259360974,0.018106207793813753,0.9787247904754848,0.24636416889879836,0.21033622707229094
baseline,0.01,-0.02,662,-5.303475486899134,72.37224114144021,True,0,0.13551506591252246,0.09967661119465561,0.045036417150163835,0.03234277935100598,0.9601541761216913,0.3323351307612963,0.3244771161796893
baseline,0.01,-0.02,663,-1.1304986141854712,102.55999524132503,True,0,0.14177716273294516,0.11128724666214534,0.05051731263987871,0.03914610828267383,1.0024651393993451,0.35631487939305373,0.3517573617533794
baseline,0.01,-0.02,664,-1.198749092828988,49.32486165358619,True,0,0.1429921773930403,0.1210322813015328,0.0514146624155109,0.04713819111799993,1.0017731289752159,0.3595627631726192,0.3894679222030243
baseline,0.01,-0.02,665,2.74850542612064,90.7573619601956,True,0,0.12932120678851447,0.10060883077478543,0.03858444753242305,0.027896651152532658,1.0417954310615019,0.29836133214811517,0.27727835556482894
baseline,0.01,-0.02,666,-6.3863706155000255,45.320371823486454,True,0,0.1374693981025182,0.09885956516856169,0.045525145861478225,0.031046529379735212,0.9491744037871307,0.3311656738871273,0.3140467928095673
baseline,0.01,-0.02,667,-0.7420448223203424,113.51641864822426,True,0,0.11398859721029281,0.07370522998148227,0.022783856300026065,7.090768574758437e-18,1.0064037795174205,0.19987838132609947,9.620441556915195e-17
baseline,0.01,-0.02,668,-0.9446005862079443,58.071169474943154,True,0,0.1331454889568209,0.1012462683317925,0.04292320391045717,0.030672868080630387,1.004350010769368,0.3223782063271942,0.30295307260226945
baseline,0.01,-0.02,669,-1.1220890816283413,175.54083236121005,True,0,0.09688315465589759,0.0677208531601985,0.010162931227827323,5.066264305665162e-15,1.0025504059690051,0.10489884711045248,7.481099350122705e-14
baseline,0.01,-0.02,670,-0.7820340710468221,40.84517840662298,True,0,0.13163728720005696,0.10206099862613002,0.04135991693285934,0.030487026629488496,1.005998317496907,0.31419605958608243,0.29871377940528104
baseline,0.01,-0.02,671,-3.643250151098487,114.04708516384784,True,0,0.11206553091597783,0.07204699278544117,0.023964451354301374,0.005101082056317676,0.9769876586351017,0.21384319655139047,0.07080215091709521
baseline,0.01,-0.02,672,0.4938253627385869,50.3689204297809,True,0,0.14079719054023987,0.12595604855824205,0.04814719628741167,0.050773114287211346,1.018934608134731,0.34196134242928083,0.4031018348732484
baseline,0.01,-0.02,673,-1.5557040803419797,40.28994104037661,True,0,0.10639724940856751,0.07085906128343233,0.015408058843099561,4.06468467815368e-21,0.9981538639207665,0.14481632681999432,5.736294842935e-20
baseline,0.01,-0.02,674,-4.85427094152171,51.14481614779538,True,0,0.1240656362856971,0.08355622005261597,0.032232616798312304,0.013578308869292576,0.9647087848826211,0.25980293789077386,0.16250506378510438
baseline,0.01,-0.02,675,-2.461758693988647,84.89531748182924,True,0,0.12598795148645792,0.12093906014157167,0.036883126498556004,0.048849330742071456,0.9889671263339312,0.29275121996503345,0.40391690397534313
baseline,0.01,-0.02,676,-0.25350615092400997,56.04714635199828,True,0,0.13081783557798105,0.10462338318041897,0.04130716943589285,0.03208497533003677,1.0113572078290713,0.3157609912546632,0.3066711700070669
baseline,0.01,-0.02,677,-2.9238635635579047,61.43171521535467,True,0,0.13869098782207273,0.1009637515631738,0.04686961496966444,0.030632212148685903,0.9842817176285494,0.33794275825473014,0.3033981173878933
baseline,0.01,-0.02,678,-1.4861009978334727,51.24807498156002,True,0,0.1250074811091826,0.11039945671201752,0.03476208258291975,0.03904795746758391,0.9988595887684851,0.27808001788755543,0.3536970074901949
baseline,0.01,-0.02,679,2.1441387231878384,25.758358725233904,True,0,0.11593268225486356,0.09298315127842728,0.02667744615268766,0.01896314243795922,1.035667590396668,0.23011152363438483,0.20394170532225012
baseline,0.01,-0.02,680,0.4902887917878518,56.33160842782704,True,0,0.14540751193575494,0.12092426803437892,0.05270749100349721,0.04707476336356672,1.0188987498665956,0.3624812109211032,0.38929128229399995
baseline,0.01,-0.02,681,3.160621292850685,54.9742269869692,True,0,0.14873931524270761,0.1304559836747309,0.057758256170110725,0.055488120934224124,1.0459739874818288,0.38831869083075193,0.4253397917919504
baseline,0.01,-0.02,682,-4.720254437228888,65.18223801350352,True,0,0.15885452185576768,0.12707991340365168,0.06586651709929246,0.05716141763481334,0.9660676151768436,0.41463419693583614,0.44980686643409995
baseline,0.01,-0.02,683,-2.4314732516311444,35.00397210003534,True,0,0.13681941841395898,0.11404374047044621,0.04540542807909247,0.042675999606898586,0.9892741987856898,0.3318639167264578,0.37420729477000825
baseline,0.01,-0.02,684,-2.304602251950627,37.80101684456902,True,0,0.1286999810924883,0.07949188615137823,0.0359928395880311,0.010166652354751298,0.9905605788381607,0.27966468434960673,0.12789547269504598
baseline,0.01,-0.02,685,-0.30032013795001644,53.38039635661717,True,0,0.12366604555170803,0.06982095480077433,0.03398430033133316,2.165778701239608e-15,1.010882547904908,0.27480704327303346,3.1019035867088846e-14
baseline,0.01,-0.02,686,-2.7838995916628084,48.73791048188151,True,0,0.10164650836728371,0.07031584890019285,0.010912158855125696,4.726673572475913e-18,0.9857008509369007,0.10735399602410661,6.72206002829463e-17
baseline,0.01,-0.02,687,1.0933284432062207,87.6813020019037,True,0,0.11709756869254286,0.08509652958183453,0.027210916967723275,0.013621321588413558,1.025013135190169,0.23237815499969602,0.16006906104571964
baseline,0.01,-0.02,688,0.8930569172402647,105.0453130600084,True,0,0.11310855602433395,0.07518603322458578,0.018347439914645,3.1153509139576673e-21,1.0229825269603192,0.16221089331825408,4.1435234449088475e-20
baseline,0.01,-0.02,689,-2.26951791046508,48.841967692930865,True,0,0.12417620987298153,0.09813676159546181,0.03509883361877098,0.02823040428290114,0.9909163086515519,0.28265344589493585,0.28766390722441176
baseline,0.01,-0.02,690,-3.441046314907825,53.84292433086968,True,0,0.13029272835907918,0.0935964383464155,0.03726748777949383,0.019691137101308598,0.9790378590911853,0.28602891541872394,0.21038340186010634
baseline,0.01,-0.02,691,0.18207416552118438,41.74553039307782,True,0,0.12280785256726567,0.08311734052056406,0.03217290081998253,0.011325278202699936,1.015773676775758,0.26197755393825845,0.1362565035378863
baseline,0.01,-0.02,692,-1.1748419161195511,43.47539973403568,True,0,0.1451083974986009,0.08904693431391131,0.05284175266884573,0.018294317814119734,1.0020155304326597,0.36415365051051035,0.20544579052691447
baseline,0.01,-0.02,693,-2.7331133033228094,112.99734955327993,True,0,0.1409963027103894,0.11933558277506391,0.04927279196109678,0.04831822024669541,0.9862157871195125,0.3494615888070807,0.40489365470959826
baseline,0.01,-0.02,694,-5.68901447207425,138.372707957588,True,0,0.11714999503912028,0.08655255236739638,0.027607244256549653,0.01921003851572468,0.9562450900324505,0.23565723794807397,0.22194652832630896
baseline,0.01,-0.02,695,-0.8820584944643439,98.27513131543617,True,0,0.11212596739159719,0.0780295418893018,0.021256396880476643,0.00482988788871431,1.0049841422845398,0.1895760400107782,0.061898196141742426
baseline,0.01,-0.02,696,-3.6996873577718636,72.69411567856426,True,0,0.11906895538084017,0.08005955664570012,0.029410368901509634,0.0098278562736798,0.9764154262331767,0.2470028296413707,0.122756816118437
baseline,0.01,-0.02,697,-6.083548748904888,65.33601027012651,True,0,0.14662916236625748,0.1207117333187694,0.054354344319307996,0.051346131883986804,0.9522447982005187,0.37069259240217894,0.4253615657095616
baseline,0.01,-0.02,698,-3.0695598421168757,65.38144920190393,True,0,0.13926267772558207,0.10122649830822189,0.048981091830815386,0.030781427769587373,0.9828044628821576,0.35171729160150805,0.304084684188737
baseline,0.01,-0.02,699,-1.773163493730212,26.852757150000663,True,0,0.13170717148266933,0.09878653525111146,0.03946854152983509,0.027310339816919528,0.995948982960507,0.2996688873166527,0.2764581200008455
baseline,0.01,-0.02,700,-1.7596137880836582,46.05762582768466,True,0,0.12411848439132143,0.1004561348647786,0.03229854360418067,0.027691341486861636,0.9960863671626058,0.260223477289246,0.2756560515108035
baseline,0.01,-0.02,701,-1.4252751575183242,43.139310569905994,True,0,0.13745440553960342,0.08553108871174943,0.04687630029005491,0.015727234410770733,0.9994763187371402,0.34103163231497075,0.18387740232997032
baseline,0.01,-0.02,702,-4.135762784655861,31.4741391004266,True,0,0.12344353078431235,0.09539476140455966,0.03221789323664658,0.025135971404540314,0.9719939372252163,0.26099296603026967,0.26349425308525243
baseline,0.01,-0.02,703,1.800436115816706,83.8359836829737,True,0,0.1578789437948048,0.14097608343555534,0.06563785649380895,0.064731003090258,1.032182694879033,0.41574800867124145,0.45916301200017806
baseline,0.01,-0.02,704,-5.933217401554936,92.62212419629444,True,0,0.13144290894747718,0.10593953252045002,0.0405592702711872,0.036734292132055764,0.9537690491875767,0.30856948157921654,0.34674772729400866
baseline,0.01,-0.02,705,3.945063643333868,57.02022442051684,True,0,0.11636100178091138,0.07208078193288979,0.025576672537747966,1.9949747997695012e-18,1.05392766479592,0.21980450620307163,2.7676930608590037e-17
baseline,0.01,-0.02,706,-4.817948239059822,35.5733044769796,True,0,0.11425154394939521,0.08037969545153957,0.021784458114963295,0.008318456509339428,0.9650770707794492,0.19067101731782427,0.10348952509224889
baseline,0.01,-0.02,707,-1.285836349355196,50.47098990528198,True,0,0.11694843883372599,0.09141919768607454,0.02583264567355101,0.018134247538224967,1.0008901272655908,0.22088918784353456,0.19836366974578332
baseline,0.01,-0.02,708,0.6223768273966757,250.14944713136975,True,0,0.12289219699078834,0.09489627375916836,0.031290773712343324,0.022806801804961994,1.0202380268850249,0.254619694972894,0.24033400787518833
baseline,0.01,-0.02,709,-4.18230473195893,60.90958742639452,True,0,0.10848709378425742,0.067086022565318,0.019477961822615967,2.7515938251677708e-14,0.9715220355868232,0.17954174218502678,4.1015903461688973e-13
baseline,0.01,-0.02,710,-2.4371497138113263,74.277348049439,True,0,0.11987131512705473,0.0672046158080119,0.02962879200661416,1.529996499223311e-16,0.9892166435702696,0.247171660502847,2.27662412890531e-15
baseline,0.01,-0.02,711,-4.913882676675807,45.94437742185637,True,0,0.1320019951084163,0.11152572030333721,0.04013090989941724,0.04114858352822737,0.9641043650610029,0.30401744963367255,0.36896048208707305
baseline,0.01,-0.02,712,-2.796866160501932,63.18565510455364,True,0,0.1441297745937608,0.10961177021836704,0.05255327359664486,0.03994005804587715,0.9855693793197019,0.36462468455785557,0.3643774566025995
baseline,0.01,-0.02,713,4.336406949740068,28.02811886177445,True,0,0.10137906292185217,0.08407125313740253,0.01122489753989781,0.0086874733224732,1.0578956024987571,0.1107220486793264,0.10333464767409567
baseline,0.01,-0.02,714,7.913944986500043,91.6731394403003,True,0,0.1349295562625471,0.1031782840584073,0.0430051502960486,0.02705537378782694,1.0941692472168807,0.31872298025177526,0.2622196524659336
baseline,0.01,-0.02,715,-2.8941237423820265,58.33798104207985,True,0,0.12364688286138564,0.10098406202695046,0.03278507468932889,0.030307790450005236,0.9845832578766837,0.26515083866758377,0.30012449332763763
baseline,0.01,-0.02,716,-3.5615455222814063,92.48240201568922,True,0,0.13831487336230067,0.09799977715290638,0.04765748205278078,0.028249459350764092,0.9778160843980381,0.34455789818024285,0.2882604447833308
baseline,0.01,-0.02,717,1.4163399738717164,85.12089874037986,True,0,0.10160389345981315,0.07131403268405428,0.014931944645083512,0.001858860674877749,1.0282882381751897,0.14696232729496203,0.026065847139975125
baseline,0.01,-0.02,718,-1.3723325753328908,40.811527004965065,True,0,0.11794377905109892,0.0992716424909627,0.02866905882855958,0.02777765081276591,1.0000131181776832,0.24307393793223095,0.2798145584756964
baseline,0.01,-0.02,719,0.8083338347779634,62.87982873216618,True,0,0.13645947517525708,0.10918109116474678,0.045343886405196085,0.03634224528026971,1.0221234962634869,0.3322882954588548,0.33286208163492115
baseline,0.01,-0.02,720,-3.7936469876189594,66.64984605029119,True,0,0.12220272581184534,0.07734455995927281,0.03315437913907996,0.009423848706965535,0.9754627436352841,0.271306379778529,0.12184242449537284
baseline,0.01,-0.02,721,-5.529492781880052,51.72720249496782,True,0,0.15390635706903302,0.11068845996587932,0.06176067190575678,0.04117824523963001,0.9578625244399905,0.40128733524668314,0.37201931666881594
baseline,0.01,-0.02,722,0.8158189998474841,57.27293115503282,True,0,0.13465914250151503,0.11689345500811904,0.043156954999354506,0.042987392875386665,1.022199390416281,0.32049034471513105,0.3677485011663048
baseline,0.01,-0.02,723,-2.3209129357653846,76.81477896256371,True,0,0.15500161615508765,0.1269666134120372,0.06224901140713378,0.054120774832852075,0.9903952003170307,0.4016023377772411,0.42625989130872655
baseline,0.01,-0.02,724,-3.0560447126626866,65.00765663256234,True,0,0.1520523557717085,0.10795311443822009,0.05733672277153202,0.03601581671250042,0.982941496506707,0.3770853958857264,0.33362461935372617
baseline,0.01,-0.02,725,0.19651102653148733,56.67939679688749,True,0,0.09356031864318579,0.06907474821391572,0.005306194479750467,2.1171202297751848e-16,1.015920056090737,0.056714155709397314,3.064969883377254e-15
baseline,0.01,-0.02,726,-2.4509743888805446,37.340357003069514,True,0,0.1037130818550633,0.07069713699669224,0.011906051018042211,0.0007930178694088132,0.9890764713773672,0.1147979676727826,0.011217114342917688
baseline,0.01,-0.02,727,-3.582994692523067,89.199294896611,True,0,0.10584826714561793,0.07838094695083689,0.015923333002731813,0.007962206012935688,0.9775986053460057,0.15043546230970142,0.10158343733624252
baseline,0.01,-0.02,728,0.808480326313199,52.74849248099527,True,0,0.14892549536999936,0.13479742849040127,0.05669070689016683,0.05772174892364501,1.02212498158156,0.3806648871593213,0.42821105395015224
baseline,0.01,-0.02,729,-3.413053989178927,30.13664724439028,True,0,0.09410713343227176,0.06974351763951618,0.004349945513004607,2.769616294239277e-15,0.9793216810010827,0.046223334558747685,3.9711451156716994e-14
baseline,0.01,-0.02,730,0.7745406096888896,79.13355862807421,True,0,0.12017416698827296,0.08846365201936014,0.030380380889549287,0.016506010616905098,1.0217808574352858,0.2528029247127123,0.18658522726704502
baseline,0.01,-0.02,731,-2.120127475297806,159.78417163589813,True,0,0.10774809732746336,0.07373518444450315,0.015864313826641586,1.7044662366830345e-20,0.992431019470518,0.14723521083093885,2.3116050356745256e-19
baseline,0.01,-0.02,732,-4.878951326352587,103.6280073439731,True,0,0.14018424875439675,0.09301314118874707,0.04695964158122673,0.020964796102057877,0.9644585436548094,0.334985149890129,0.22539606591196645
baseline,0.01,-0.02,733,-2.4930201915066896,59.73541635345178,True,0,0.13642410616177156,0.10024114387738696,0.04282571894094926,0.0269887609740416,0.9886501573897372,0.3139160676645121,0.2692383579247034
baseline,0.01,-0.02,734,-4.531329883112978,103.85742739197676,True,0,0.10788208213192314,0.06870142284412287,0.017550266616882856,4.193169747280912e-14,0.9679831733299965,0.16268008801889444,6.103468565410681e-13
baseline,0.01,-0.02,735,-1.7991032129024975,49.584061912815756,True,0,0.12394633294675268,0.09165743601008763,0.03329418890953321,0.022541780990032022,0.9956859729945262,0.26861778092165406,0.24593510326375614
baseline,0.01,-0.02,736,-1.5470471169825584,65.42513383629799,True,0,0.12396377820611158,0.09386142105347324,0.033690389742741106,0.02157164587045158,0.998241639259564,0.2717760803218252,0.2298244116521752
baseline,0.01,-0.02,737,-2.5990676237566124,45.26718799468904,True,0,0.09901955005151498,0.06847627065826814,0.011429422536436848,0.000585299720281599,0.9875749132298772,0.11542591872504655,0.008547482429388511
baseline,0.01,-0.02,738,-0.09952773448521635,60.97099051359395,True,0,0.130908520705279,0.10055068757093424,0.04052012546404525,0.02949978973740437,1.0129184374553588,0.3095300844111612,0.2933822776357797
baseline,0.01,-0.02,739,2.4584374160700584,42.09991721696785,True,0,0.14100490034435184,0.10392135081043682,0.05028894007242853,0.028247599597230888,1.0388543515166992,0.3566467544717706,0.2718170941480293
baseline,0.01,-0.02,740,-1.9653950722183233,91.30650080957366,True,0,0.1295387289588727,0.09246989225948658,0.03656791185139221,0.02094841476480925,0.9939998939752794,0.2822932735661021,0.22654308611092958
baseline,0.01,-0.02,741,-2.2668206216958753,56.9225058981154,True,0,0.12832124096177058,0.09414739782977076,0.03783783780919829,0.02511165069840442,0.9909436572062034,0.29486807893691525,0.2667269757557097
baseline,0.01,-0.02,742,0.03161578937194154,127.4797537943488,True,0,0.1419463265793936,0.09952318580768227,0.05103256156232738,0.027259770139014802,1.0142481378086738,0.35952012843237463,0.2739037131678174
baseline,0.01,-0.02,743,-0.1188243631304764,225.7604256210772,True,0,0.10612626094941835,0.0700783189730231,0.01801986680246348,2.172384137942213e-13,1.01272278361617,0.16979649185089132,3.0999375695334247e-12
baseline,0.01,-0.02,744,-4.292633186605843,49.27399627681035,True,0,0.15142727406030354,0.1137471676230472,0.05754283331917494,0.042716750315703586,0.9704033849603196,0.380003098360335,0.37554122189015643
baseline,0.01,-0.02,745,-4.298691912422436,51.55470319300222,True,0,0.10756607968710317,0.07387767871176124,0.019131587694146836,0.005482165316769609,0.9703419538684744,0.17785892866783218,0.07420597685748422
baseline,0.01,-0.02,746,-0.6690464256677298,66.81471521859768,True,0,0.11172014387559687,0.08364491295416322,0.023207988896284535,0.014111669292623004,1.0071439303915584,0.20773325285122443,0.1687092351970776
baseline,0.01,-0.02,747,0.4551140280724564,40.54404867846867,True,0,0.11310251728115293,0.07880737559872744,0.021784174957137695,0.005057689003099177,1.0185421032372806,0.19260557130648184,0.06417786361586246
baseline,0.01,-0.02,748,-2.743773221404344,59.83178445778433,True,0,0.12606343550742108,0.09093695023808786,0.031307073991698436,0.016492246899999032,0.9861077032704406,0.24834381092093477,0.18135913791720112
baseline,0.01,-0.02,749,-2.5728806013707306,64.35736828015234,True,0,0.10058370271285691,0.06998926172036814,0.011482716058756892,3.7060085792995167e-23,0.9878404306713385,0.11416080089572142,5.295110261494588e-22
baseline,0.01,-0.02,750,2.2381116500902465,44.434535765545675,True,0,0.12145501205200643,0.09092382638910043,0.03138233449567966,0.01889451139823015,1.036620407817071,0.2583864919649582,0.20780594205717617
baseline,0.01,-0.02,751,-2.6698527538164374,45.18239847929233,True,0,0.11616433696048381,0.07526283012564419,0.02543866223715073,0.005070375025455124,0.9868572032760673,0.2189885717318244,0.06736891260919384
baseline,0.01,-0.02,752,-0.5991473894925936,58.105223392360614,True,0,0.1253155161879883,0.09477795388697209,0.03337047845354126,0.0203060616075342,1.0078526559951169,0.26629167295996725,0.2142487865031386
baseline,0.01,-0.02,753,4.1191154222718795,118.99120621966534,True,0,0.11939355315244585,0.07781565285430656,0.024935335725533,1.9709274538114654e-17,1.0556924237801384,0.20884993424808035,2.532816189952955e-16
baseline,0.01,-0.02,754,0.8514573776587708,65.33765006379595,True,0,0.10845695771139209,0.07394838086165745,0.016989111428713937,1.3273229299122849e-20,1.022560737756763,0.15664381324361487,1.7949317002564792e-19
baseline,0.01,-0.02,755,-0.35520452531889735,93.75911777850474,True,0,0.11586855930335327,0.08014175826026286,0.027475891195622985,0.010973633827413516,1.010326059966126,0.2371298250432965,0.13692778977691378
baseline,0.01,-0.02,756,1.6653278645399894,277.30595657851774,True,0,0.11594797102818655,0.0889821116046637,0.026058320046069755,0.016834445415282007,1.030812795061074,0.22474149236932373,0.1891890978051333
baseline,0.01,-0.02,757,-0.2639418470968269,154.27445401200507,True,0,0.09567294249424219,0.06788632036117251,0.00896329959542306,1.1593483026719844e-16,1.0112513974277648,0.09368688117816061,1.7077789700545798e-15
baseline,0.01,-0.02,758,0.690869335013633,37.102661892013316,True,0,0.15956632370205823,0.1265280952622179,0.0665419234541859,0.05210041364531562,1.0209324913076592,0.4170173374328833,0.41176952468416034
baseline,0.01,-0.02,759,0.29798075018772074,39.60971838527292,True,0,0.11915897052575877,0.07222571805969612,0.0286625063383517,1.3081452518404901e-14,1.016948885600789,0.2405400635125132,1.8111903723259348e-13
baseline,0.01,-0.02,760,-3.5727436278972236,40.83991655620157,True,0,0.13473415387551024,0.10933893583347408,0.0414842090114674,0.03530449601681706,0.9777025437171424,0.30789675682230794,0.322890430089668
baseline,0.01,-0.02,761,-1.505250855964091,44.59464687192669,True,0,0.12190617122713922,0.08905581131132823,0.029475565791557697,0.01694662148295259,0.9986654230760187,0.2417889553486012,0.190292146390192
baseline,0.01,-0.02,762,2.475264992355486,51.8403366098411,True,0,0.1013776445880915,0.07300718144782671,0.01287678957034796,3.555003435840459e-15,1.0390249709531307,0.12701803856923063,4.869388689359251e-14
baseline,0.01,-0.02,763,-3.731568099773319,72.00067261328707,True,0,0.11423087898101075,0.09504677936740598,0.02557141158795228,0.026166041509870338,0.9760921785983987,0.22385726010392654,0.27529645595591173
baseline,0.01,-0.02,764,-5.183000150545192,71.00412006196692,True,0,0.0990634746881717,0.0675305781622074,0.010822074607183695,1.911979855055144e-11,0.9613757087799875,0.10924384230665254,2.8312801505454293e-10
baseline,0.01,-0.02,765,-3.468602736449722,51.70833508373322,True,0,0.1290498396231014,0.09477036708644877,0.035863654588284874,0.022087018443630195,0.9787584569340474,0.27790545647346054,0.23305827678690527
baseline,0.01,-0.02,766,-3.6658682520143926,60.958071065058085,True,0,0.10225886283566027,0.07041773766451585,0.013591289969199564,0.0005388746017901463,0.9767583274726117,0.1329106308471478,0.00765254067600769
baseline,0.01,-0.02,767,-0.9407796747135655,74.65535901811249,True,0,0.09768957863983753,0.07015371586558938,0.008486831028195621,1.1800593909162949e-19,1.004388752044687,0.08687550039994457,1.68210532593487e-18
baseline,0.01,-0.02,768,2.979344696586761,164.58909842616953,True,0,0.10878585556384653,0.07204220005014204,0.02085048920744492,5.999322935684053e-14,1.044135974082384,0.1916654430796635,8.327512113051058e-13
baseline,0.01,-0.02,769,-1.4188119272922073,74.39550503916387,True,0,0.12993227913778527,0.10416009140910491,0.040284752042277,0.03336669774922396,0.999541851210742,0.31004421926253967,0.3203405190781859
baseline,0.01,-0.02,770,-0.11819240787872554,37.19294877391215,True,0,0.1305743964744471,0.09924618111361933,0.04026211138222172,0.02697613703665689,1.0127291911847394,0.3083461418877847,0.27181032795381804
baseline,0.01,-0.02,771,-2.9547312999218645,25.628735012821828,True,0,0.10091193604732472,0.07001969396542028,0.009644681043315185,5.079732029242771e-16,0.9839687411372825,0.09557522549950993,7.254718981993027e-15
baseline,0.01,-0.02,772,-4.235641195282769,116.61233375798344,True,0,0.13713223384869655,0.10402628228484537,0.04513530091060306,0.03449731521203715,0.9709812424767986,0.3291370645971,0.33162114856297953
baseline,0.01,-0.02,773,-3.484829669254197,91.50455364851885,True,0,0.11038644217628642,0.07176206829814148,0.018824369004692167,6.699154576814034e-18,0.9785939275875062,0.1705315311696501,9.335230624878088e-17
baseline,0.01,-0.02,774,-6.135025504664549,46.109558845991145,True,0,0.1632142032414495,0.13491566064809082,0.06789648899505121,0.06331922755251665,0.9517228611783316,0.4159962040473226,0.46932451909846296
baseline,0.01,-0.02,775,1.0697616719629988,95.51363253255124,True,0,0.12691539044563446,0.07570765837347242,0.030275822687704308,7.568555687405215e-22,1.0247741851976193,0.23855123150468716,9.997080678507948e-21
baseline,0.01,-0.02,776,1.3517120025970941,57.14511127385816,True,0,0.13894957554277115,0.11715110762464859,0.04784671049755258,0.04286713363806907,1.027632957352238,0.3443458557584763,0.3659131740812481
baseline,0.01,-0.02,777,-1.7092784620667323,111.96959080972768,True,0,0.1485867636517714,0.11249950183971885,0.05420725731966038,0.03701370651767787,0.9965967309138638,0.36481888418204433,0.32901218149758854
baseline,0.01,-0.02,778,4.0944126096296385,75.0549698461896,True,0,0.1145082297544291,0.09757666543990055,0.021913479342938354,0.020306679531695453,1.0554419551505623,0.19137034420961133,0.2081099967922428
baseline,0.01,-0.02,779,-3.3990535779549136,79.71362069660167,True,0,0.10794355147684948,0.07052978220599168,0.016800729162384655,5.618148143309784e-16,0.9794636350313206,0.1556436575647401,7.965639432858632e-15
baseline,0.01,-0.02,780,0.8738193287334939,70.84664323125163,True,0,0.09318130615088902,0.07021691404738183,0.006268411883216668,4.033145602449506e-14,1.0227874717453758,0.0672711313261288,5.743837730789437e-13
baseline,0.01,-0.02,781,-0.12052602734965445,98.45609263989404,True,0,0.11954440380949928,0.07985786069334097,0.025753919002457007,0.005411015991577169,1.0127055299733907,0.21543391561429612,0.06775808849119812
baseline,0.01,-0.02,782,0.0654064733463855,54.09784651377433,True,0,0.12533309737059525,0.08468400729795812,0.03095763333127904,0.009229344696651608,1.014590750871813,0.24700285862832347,0.10898568680363033
baseline,0.01,-0.02,783,-3.487254692048858,64.06691234216495,True,0,0.10980080949195802,0.08666958373473717,0.023181798256847977,0.019082124145194827,0.9785693396126522,0.21112593216852238,0.22017094490263153
baseline,0.01,-0.02,784,4.39483463601491,69.08136766603248,True,0,0.13237992594203823,0.1009954780393908,0.0407278042808841,0.02452270031006303,1.0584880169222681,0.307658460986876,0.24280988402766462
baseline,0.01,-0.02,785,-5.454018003829009,55.9883802094536,True,0,0.14216148572383136,0.1318029393326218,0.052070514495438695,0.060078634527735604,0.958627784028029,0.3662772250185467,0.45582165945570746
baseline,0.01,-0.02,786,-2.4052166054460145,80.09275644033829,True,0,0.11896944487674109,0.09218964043288454,0.028361622059743,0.023821963680862066,0.9895404221620515,0.23839416994109036,0.25840174198536786
baseline,0.01,-0.02,787,-4.679028866091217,83.50454496487731,True,0,0.16181560806129247,0.12994914619632184,0.06814094997534141,0.059466459746314794,0.96648561261122,0.4211024560098739,0.457613316338957
baseline,0.01,-0.02,788,-0.9032948721830913,104.48743418876766,True,0,0.12902295444221262,0.08667868623857877,0.039402875819132606,0.015893287675257533,1.0047688207945782,0.30539430746627755,0.18335865903080314
baseline,0.01,-0.02,789,3.603861129026442,82.27285299893263,True,0,0.12908627153710442,0.0783074607777326,0.03898387292575794,0.004490040760694931,1.0504681184112987,0.30199859722923716,0.05733860753625296
baseline,0.01,-0.02,790,-2.153404624791433,104.26042058975983,True,0,0.11358876385258829,0.07310772369271766,0.02171966237468077,1.6540350542195938e-18,0.9920936132750953,0.1912131238866885,2.262462802386985e-17
baseline,0.01,-0.02,791,-2.128337426361071,33.24390991381142,True,0,0.1095073276602462,0.08107005974483027,0.018806680526142143,0.010558706027215196,0.9923477765126621,0.17173901443829517,0.13024174473842684
baseline,0.01,-0.02,792,3.6903278316500865,56.7118650350485,True,0,0.1531026689442825,0.11703247629122411,0.05759499247143736,0.03928931660378499,1.051344828153778,0.3761854242553895,0.3357129392530095
baseline,0.01,-0.02,793,-3.0177470828436026,114.20273724653688,True,0,0.11794373511885363,0.08918803686917864,0.029223969540008637,0.01959035790565037,0.9833298067366275,0.24777890500550295,0.21965230532414995
baseline,0.01,-0.02,794,-1.3950038359550554,44.59548297453773,True,0,0.10186008873115071,0.07514713919729173,0.011389570408057737,0.00362938665109434,0.9997832480142719,0.11181583041930528,0.048297070119538786
baseline,0.01,-0.02,795,-5.111774044753892,283.22588440100935,True,0,0.10775170648697256,0.06631581883633011,0.01898508048556339,3.5828184991794213e-13,0.962097889908345,0.17619285210911004,5.402660424086671e-12
baseline,0.01,-0.02,796,-4.460825844895822,36.71943402277958,True,0,0.12141040218803895,0.08238445635080843,0.028209339361669358,0.011083710396592318,0.968698033216098,0.23234697236221225,0.1345364269856416
baseline,0.01,-0.02,797,-0.5145552930598929,42.11948070534976,True,0,0.10981370005377272,0.0824923810381557,0.018372808546320857,0.00852384757660453,1.0087103585884736,0.16730889258192924,0.10332890709824394
baseline,0.01,-0.02,798,-0.9651302044727417,29.554751974845182,True,0,0.1558219883048455,0.12357814228291863,0.0622224417556695,0.051427493481428846,1.00414185530841,0.3993174675318567,0.4161536379442509
baseline,0.01,-0.02,799,-2.4523459869396858,53.28879082282791,True,0,0.09517579993865176,0.0696804240582034,0.005925662843325275,3.0747148167186287e-18,0.9890625643664054,0.06226018428155926,4.41259486904148e-17
baseline,0.01,-0.02,800,-0.5978108117417724,103.58813096791889,True,0,0.12082670022172473,0.07373267296735311,0.02867834073716897,1.2253427838683157e-17,1.0078662079255152,0.23735102162471025,1.6618721857688046e-16
baseline,0.01,-0.02,801,-0.9189344546505884,47.89870042842014,True,0,0.14866928896703843,0.12111085096881628,0.0564161790870666,0.04727775032577375,1.0046102467550748,0.37947433178061857,0.39036758430462076
baseline,0.01,-0.02,802,-1.8080550289036768,51.13015099487918,True,0,0.13325624338900646,0.10002032525908586,0.044027920391562815,0.027633933982340392,0.9955952080634837,0.33040043206857417,0.2762831845503334
baseline,0.01,-0.02,803,-0.02490616016471714,75.81854477985812,True,0,0.10317087993731648,0.07255539528500275,0.013084167361995878,3.1497394406750637e-15,1.0136750461754886,0.1268203525059147,4.3411512380335926e-14
baseline,0.01,-0.02,804,0.8289345431156336,75.06262621965195,True,0,0.10793835366724074,0.07193133768404965,0.018756646786847273,4.565143060775659e-19,1.0223323725262978,0.17377184429430398,6.346528797820414e-18
baseline,0.01,-0.02,805,-3.499737349595289,79.13011048333827,True,0,0.15261425589440036,0.115596708751138,0.05968057166842645,0.04368980221847149,0.9784427745054962,0.39105502509360407,0.37795022618272756
baseline,0.01,-0.02,806,-1.8311999121766176,57.697470839361635,True,0,0.1349015760139804,0.11824302299209133,0.04424548891959268,0.047108973414584934,0.995360535709407,0.32798348415890516,0.39840806013337304
baseline,0.01,-0.02,807,-0.14230152009725439,42.57089630948053,True,0,0.13645899878517315,0.11227285077179013,0.04304432879424199,0.03800182583331997,1.0124847422474819,0.3154378177873524,0.33847742862220415
baseline,0.01,-0.02,808,0.4677095860806224,39.326765563915345,True,0,0.1193493237705539,0.09230102062845845,0.02804255364785166,0.018638428678377107,1.0186698130733522,0.2349619818689779,0.20193090554656842
baseline,0.01,-0.02,809,-4.362285347378336,43.05596059186811,True,0,0.12851686874589383,0.07867308252510136,0.034695512543249055,0.0062533449535102145,0.9696971624945484,0.2699685487346391,0.07948519052262924
baseline,0.01,-0.02,810,6.211940047993769,117.10693027715004,True,0,0.10363640907973791,0.07351862230795143,0.015445369598164624,2.8481129768896705e-18,1.0769121497902432,0.149034202702652,3.874002106513402e-17
baseline,0.01,-0.02,811,0.5011319356977628,48.050252398321675,True,0,0.15191447939299313,0.12478889078381558,0.05913988172488785,0.050473194699991564,1.0190086914928687,0.3892972016965988,0.40446865408421157
baseline,0.01,-0.02,812,-0.2949045465784117,40.84454265086737,True,0,0.10425006569891475,0.06991611420332432,0.015051799790133885,4.710868120067818e-23,1.0109374580792607,0.14438168157711362,6.737886070681871e-22
baseline,0.01,-0.02,813,-0.01684778695949518,50.80377538325361,True,0,0.12350034257801216,0.09203498245819153,0.03251613471020459,0.018648047365265305,1.013756752243642,0.2632878098266403,0.20261912228577325
baseline,0.01,-0.02,814,-1.9729245807913465,196.84472760133102,True,0,0.10681689426742803,0.06753154566718861,0.017234852145200437,1.633582993225375e-14,0.9939235502114749,0.16134949685066727,2.4189924532100266e-13
baseline,0.01,-0.02,815,-4.207532985583429,49.326992006173384,True,0,0.16052399252692154,0.12702357475035275,0.0665112630513861,0.05640537672415444,0.9712662393662294,0.41433845498349087,0.44405439569002364
baseline,0.01,-0.02,816,2.900514141105748,48.459680776866875,True,0,0.11600331276952107,0.07115075904858306,0.025876442971667944,1.657459923296813e-14,1.0433366893415736,0.2230664138280262,2.3295042041154733e-13
baseline,0.01,-0.02,817,-3.285209525832389,43.89598423721657,True,0,0.13530607127206393,0.11122124651614348,0.04507018491376869,0.04015093790106965,0.9806179312701118,0.33309802354060475,0.36100061057346483
baseline,0.01,-0.02,818,1.7824177928320584,42.79897073811904,True,0,0.16005233162838634,0.14726034217402006,0.06628955568825276,0.0715265616152592,1.0320000021334503,0.4141742579681099,0.48571503066816885
baseline,0.01,-0.02,819,0.7191237077044388,46.06502356587429,True,0,0.11433409616209982,0.07078949169435336,0.02611195037592167,4.08113908941136e-15,1.0212189701839671,0.22838288185617742,5.765176429055923e-14
baseline,0.01,-0.02,820,-5.019480761260187,28.331388863837873,True,0,0.15047659821854098,0.13559385861300202,0.05786859955554153,0.06402455287399043,0.9630336769610388,0.3845687651145429,0.4721788547719016
baseline,0.01,-0.02,821,0.940627724534826,55.87231454733897,True,0,0.12024332396598629,0.09597430642786553,0.028508257739799956,0.021156682987781786,1.0234648604938907,0.2370880710837984,0.2204411136191246
baseline,0.01,-0.02,822,0.8097447079632003,69.15890297668932,True,0,0.13723317714430947,0.10059799802642963,0.046223801444237156,0.028253667761320347,1.022137801495783,0.3368267237275274,0.2808571573551334
baseline,0.01,-0.02,823,-0.6051415483431466,49.74877273167073,True,0,0.14413186557578442,0.11909445615953514,0.05335939809338414,0.04650856335911202,1.0077918795655458,0.37021235991237356,0.3905182899261963
baseline,0.01,-0.02,824,-3.5920079225038593,67.24938153600371,True,0,0.15261659295636348,0.12532579042542627,0.057278930297298344,0.0495576370430892,0.9775072177216879,0.37531259994564076,0.3954304766390277
baseline,0.01,-0.02,825,-4.314149112773336,43.06092728952105,True,0,0.10948075998194634,0.06850818581817363,0.01802640061909172,1.2675004654553227e-17,0.9701852290515461,0.1646535941298208,1.85014454888555e-16
baseline,0.01,-0.02,826,-0.5395583893087808,102.01743620695169,True,0,0.14307546191468098,0.126162324243491,0.05198330234825839,0.05275262604991213,1.0084568453006018,0.3633278666558293,0.41813295978996484
baseline,0.01,-0.02,827,-3.3113250131352467,49.84112741278599,True,0,0.1540533908064003,0.12428355628208082,0.06109893149813039,0.052131001251151644,0.9803531391425842,0.3966088067150287,0.41945212070398313
baseline,0.01,-0.02,828,-3.982207512227842,67.44708120620837,True,0,0.13073145411198175,0.09500855903581079,0.038986184906913204,0.025141208424546594,0.9735508764776899,0.29821579796334613,0.26462045819545926
baseline,0.01,-0.02,829,0.47323237973331267,90.95927192812643,True,0,0.11776539457603306,0.07410501512750571,0.025256015898569184,6.472982315091142e-18,1.0187258102011958,0.21446041928949766,8.73487753015592e-17
baseline,0.01,-0.02,830,0.3811286256224067,87.8285394814709,True,0,0.11015036463966346,0.07382795258439269,0.01822744126871186,1.5531435360228812e-19,1.01779194483918,0.16547781142930904,2.10373372368343e-18
baseline,0.01,-0.02,831,1.2983754424263472,49.27150748977728,True,0,0.14393415104486323,0.11518734035426195,0.052706204847987936,0.040325210176213044,1.027092163260256,0.3661827611124742,0.3500836988873231
baseline,0.01,-0.02,832,2.1725340277573224,156.1260558296913,True,0,0.11756645885829753,0.06994424833825297,0.03003045486026649,9.843617048658062e-15,1.0359554982201578,0.2554338639769877,1.407351895620347e-13
baseline,0.01,-0.02,833,-2.5482668223660743,31.05388282528732,True,0,0.10107146863099954,0.06749687905781843,0.014590903877938547,1.8876104812431373e-16,0.9880899965643105,0.14436224263454883,2.7965892758185064e-15
baseline,0.01,-0.02,834,-6.7010593642122585,115.29304770933855,True,0,0.11096726584163767,0.08284317495507912,0.02180300010744552,0.015136470197021057,0.9459836877834746,0.1964813672039173,0.1827123381645942
baseline,0.01,-0.02,835,-1.7596520025423223,56.23284723949352,True,0,0.13493580738698627,0.1066755130894387,0.042174284291325616,0.032373517147875744,0.9960859796956711,0.31255072399257805,0.30347655436851
baseline,0.01,-0.02,836,2.221736988472678,50.107079751088534,True,0,0.12018541277997782,0.07142393422623936,0.031722576853797084,3.0422379528605184e-15,1.0364543806073554,0.2639469809191509,4.259409658426344e-14
baseline,0.01,-0.02,837,-1.067068797837678,108.65284636685945,True,0,0.11047255769694492,0.07772603869545905,0.017942517926039236,0.004182152818634951,1.0031082717990831,0.1624160633200894,0.05380632911219343
baseline,0.01,-0.02,838,-0.9341507142404337,198.6187975938441,True,0,0.1473230895702222,0.11023873619030751,0.05529999407900418,0.03750617919911287,1.004455964902966,0.37536542466172756,0.3402268612220404
baseline,0.01,-0.02,839,-1.869928728221959,105.33073814118237,True,0,0.14226949658091453,0.11494032443529884,0.05110497013643235,0.04201436905011776,0.994967853563432,0.3592124198412893,0.36553202069451357
baseline,0.01,-0.02,840,-5.385580415401958,134.47701674787055,True,0,0.10187214593766969,0.06509371519475687,0.014881280796564693,9.08254780417763e-15,0.959321691609852,0.14607801435408832,1.3953033371967076e-13
baseline,0.01,-0.02,841,-0.2760419234649536,62.92885873874653,True,0,0.10206921122027054,0.07225448135378237,0.009237867172939309,1.3805983583587803e-15,1.0111287114166785,0.09050591321807633,1.9107442645652715e-14
baseline,0.01,-0.02,842,-3.071431112304046,41.68381324519741,True,0,0.11508352785629122,0.07504971718981587,0.02347585551012984,0.0055959453526901355,0.9827854895576972,0.2039897103210544,0.07456317708082578
baseline,0.01,-0.02,843,-1.61965682480677,116.05563321634062,True,0,0.09810311103788467,0.06745728528503836,0.010838692826746094,1.1479905914034614e-12,0.9975054294086445,0.11048266168195721,1.7018037214997134e-11
baseline,0.01,-0.02,844,0.809923638282406,42.70832891442146,True,0,0.14113564653932792,0.12026788693304936,0.04966370848978331,0.046617110515704635,1.0221396157196323,0.35188635690236025,0.38761062245697736
baseline,0.01,-0.02,845,-1.9241302164091922,87.60346935715361,True,0,0.10847969655800407,0.07211258804700961,0.015459574519526228,2.2806993153156535e-21,0.9944182897277731,0.14251122569521565,3.162692363542526e-20
baseline,0.01,-0.02,846,-1.577959906099402,57.74432505554366,True,0,0.14532571060496452,0.1227703382453096,0.05316206933018378,0.04988275488776846,0.9979282059660116,0.3658132419162428,0.40630950114429787
baseline,0.01,-0.02,847,-2.2957113002179064,83.33165045090551,True,0,0.16874485942424905,0.13089898401185202,0.07426222823544364,0.058551385264070395,0.9906507266496012,0.44008586980855885,0.4473020604863439
baseline,0.01,-0.02,848,0.7126315460616706,65.96891085845107,True,0,0.10873022418978671,0.07101540313833417,0.02062459188593482,1.4439097309041287e-17,1.0211531443667534,0.18968591336604765,2.0332345760137002e-16
baseline,0.01,-0.02,849,-1.4167876785941669,72.51536103495225,True,0,0.12748513872130404,0.08465139185992626,0.03299702347179421,0.010975728487671414,0.9995623756265104,0.25883035311221003,0.12965798017631053
baseline,0.01,-0.02,850,-0.17986222654791106,94.09548944160787,True,0,0.11005378658640991,0.07348884088514561,0.01738524124274127,6.617894275985514e-20,1.0121039038868123,0.1579704050354602,9.00530501811629e-19
baseline,0.01,-0.02,851,1.5418127200848453,95.93188041556196,True,0,0.10304919494505806,0.07306590634167831,0.01277816987137441,1.7970296637179559e-19,1.029560440950164,0.1240006763583864,2.459464001328473e-18
baseline,0.01,-0.02,852,-1.2992694964254592,43.057536688685545,True,0,0.10988168794708017,0.06944430857801608,0.019587726771120115,3.0011386966243316e-18,1.00075392488304,0.17826197555823595,4.3216481783424356e-17
baseline,0.01,-0.02,853,-0.8909594525586595,46.67168619372734,True,0,0.15345838769134354,0.12664489315780159,0.060340409257562705,0.05232712557151657,1.0048938930158398,0.39320372229459083,0.4131799101154132
baseline,0.01,-0.02,854,-2.513134001654249,45.43420747207125,True,0,0.14724783615060683,0.1084407143667294,0.0554683585850493,0.0374848734783232,0.9884462179219458,0.3767006703467996,0.34567158375179335
baseline,0.01,-0.02,855,-3.3418412975023237,39.53771474013886,True,0,0.14470002269739127,0.114961466679006,0.05071294387974841,0.04308125555330277,0.9800437261200322,0.35046949498966934,0.3747451802576051
baseline,0.01,-0.02,856,-1.028493130540098,39.7940835280761,True,0,0.11868994901034212,0.0757373503514822,0.02749930734296579,0.004232875318655259,1.0034994011276714,0.23169027851355484,0.05588887515883925
baseline,0.01,-0.02,857,-1.8038913113404997,73.7939035500522,True,0,0.10539505205713204,0.08138208724887751,0.015754661897767603,0.009769689351798758,0.9956374251440685,0.1494819879136963,0.12004717109210676
baseline,0.01,-0.02,858,-3.3338312648583557,49.63765735404235,True,0,0.1283856036913255,0.09032961341529296,0.03644107521429273,0.01938106426989366,0.9801249420499042,0.2838408214515013,0.21455936250705146
baseline,0.01,-0.02,859,-2.1225453396125027,69.33304543677272,True,0,0.1380625050049805,0.10100286897887213,0.04583871537390564,0.028540742712119222,0.9924065040774666,0.3320142233566749,0.28257358430174295
baseline,0.01,-0.02,860,-2.6689260502505308,61.954227391311626,True,0,0.1578029767920864,0.1255182666055414,0.06400034458220819,0.053512484264048664,0.9868665993790754,0.4055712121738486,0.4263322439929726
baseline,0.01,-0.02,861,0.7386463296009671,48.99193587929771,True,0,0.1121745316030104,0.08013132880542494,0.022546276675466177,0.006972955663057166,1.0214169154310515,0.2009928310220919,0.08701909436681016
baseline,0.01,-0.02,862,0.1892293368160658,198.8221856115084,True,0,0.13600483523324128,0.07604387098753682,0.03887006663653555,1.5732590664972553e-15,1.01584622503067,0.28579915243362775,2.068883456439381e-14
baseline,0.01,-0.02,863,-4.709223217395808,61.743835327137326,True,0,0.14282327582968668,0.10934100686602599,0.05146240809748565,0.039289733625812506,0.9661794637567668,0.36032227799377275,0.35933210011458616
baseline,0.01,-0.02,864,-0.818923591675369,40.99408576986643,True,0,0.13869149139425863,0.10234173899290085,0.045742205428062024,0.029728603298380805,1.005624284474378,0.3298126292263348,0.2904836637614981
baseline,0.01,-0.02,865,0.15438759762562704,370.9033887486621,True,0,0.0942863540561043,0.06857683488336856,0.008163746749726095,5.485277562237969e-17,1.0154929550288503,0.08658460528517548,7.998732475138296e-16
baseline,0.01,-0.02,866,-3.1296094147207465,35.83883226609295,True,0,0.10591352939597239,0.0728077270628533,0.01364390313490282,0.0013139045153033135,0.9821956037058955,0.12882115450891266,0.018046223502747847
baseline,0.01,-0.02,867,0.33505443477592767,71.63659447253966,True,0,0.13027209823746475,0.09673760759453005,0.03700267416123167,0.022291735582707573,1.0173247859124912,0.2840414383575971,0.23043505144495677
baseline,0.01,-0.02,868,-1.0576566599917903,35.52195769696817,True,0,0.11034647735544964,0.07013559223834567,0.021485730622869525,6.217761245957708e-15,1.0032037040602504,0.19471152263120628,8.865343611596727e-14
baseline,0.01,-0.02,869,-5.090651036864358,65.7602034741467,True,0,0.11669335431970802,0.08273282987206733,0.026116462290323234,0.01397067457217067,0.9623120619103447,0.2238041955565973,0.16886494265666985
baseline,0.01,-0.02,870,-0.22742121691442518,54.57334213166335,True,0,0.17306614030104314,0.14433965326743234,0.07902902421697576,0.06913227531859928,1.0116216901683328,0.45664058884948405,0.47895553130165197
baseline,0.01,-0.02,871,-3.8349296165268942,46.3780038990878,True,0,0.14407214267403595,0.09162598340273558,0.05195517995094199,0.02212936669636701,0.9750441676764404,0.36061919387491087,0.2415184631536115
baseline,0.01,-0.02,872,-1.1138267941188884,78.07143609814447,True,0,0.10834593389004496,0.07294087088200137,0.01669254272742914,3.4741228178820977e-14,1.0026341795805216,0.1540670898122452,4.762930269234501e-13
baseline,0.01,-0.02,873,3.002582393721487,101.95231720135111,True,0,0.11356302165281441,0.0855000324543268,0.019880550390131237,0.009262040467817527,1.0443715875018,0.1750618299934831,0.10832791756851332
baseline,0.01,-0.02,874,1.1275215962547769,113.66593775874203,True,0,0.15664797669426755,0.11756216076887903,0.06459050460440534,0.043853817927316616,1.025359828998238,0.412329006524404,0.3730266408894176
baseline,0.01,-0.02,875,-0.9676391968085896,38.07105289373541,True,0,0.14783586634217524,0.11935447504089534,0.055330681394492764,0.044176081538320755,1.004116415943222,0.3742710261285748,0.3701250541564056
baseline,0.01,-0.02,876,1.539407787564362,65.92115478299696,True,0,0.10873721863895576,0.07877955041306263,0.014120795018416728,0.001314855892731511,1.02953605667614,0.12986165358250085,0.016690319833476627
baseline,0.01,-0.02,877,-4.5955632634259835,61.439106614133465,True,0,0.13118082613405949,0.11170097955561581,0.04062417141309538,0.041282512413028216,0.9673318933736196,0.30968071028596617,0.36958057643956194
baseline,0.01,-0.02,878,-2.0803209533734934,61.815854647616234,True,0,0.1113212377027963,0.07407599124546443,0.02001502116967365,0.0032201004624720243,0.9928346287735946,0.17979517280529564,0.04347023115494504
baseline,0.01,-0.02,879,-5.315674480905164,45.932516381011084,True,0,0.127624066771861,0.09542875259250173,0.037012440946909676,0.027796434928548677,0.9600304871573961,0.2900114522527526,0.2912794537642606
baseline,0.01,-0.02,880,-0.13229160074729185,193.05394384850223,True,0,0.1159671675865593,0.07407671768285409,0.022632338914364045,1.7947826768593632e-19,1.0125862355801667,0.19516160811180452,2.422870144629513e-18
baseline,0.01,-0.02,881,-3.9009326601624705,36.82899125658286,True,0,0.15833830885755032,0.12817985993905556,0.06525988884940458,0.05626239542824234,0.9743749446156229,0.4121547673476536,0.43893319477016807
baseline,0.01,-0.02,882,-0.07332655072548322,95.7704710123546,True,0,0.11660047691392064,0.07297844035111874,0.02596630636571474,3.335524031021431e-22,1.0131840984828948,0.22269468404390969,4.5705608601298344e-21
baseline,0.01,-0.02,883,-0.3488404568885217,67.361089407511,True,0,0.10181942247156425,0.08041166560069068,0.011318559454890732,0.007402842678745054,1.0103905870109353,0.11116306869695451,0.09206180003167934
baseline,0.01,-0.02,884,-1.3916165024857374,99.62249614402907,True,0,0.09272217683628985,0.07317777321943647,0.002851159919586767,2.6760530323523264e-18,0.9998175931224288,0.030749492913877238,3.6569205574590374e-17
baseline,0.01,-0.02,885,-4.4413666477885805,51.297558181333855,True,0,0.12971304116312626,0.08255383810866136,0.0394667613180076,0.014575780835211324,0.9688953353817537,0.3042620924165556,0.1765609106632447
baseline,0.01,-0.02,886,-1.1072447929992957,41.024008819092955,True,0,0.1551748723505187,0.12374625556971326,0.06139037837889695,0.05005537150340821,1.0027009163049654,0.39562061465869636,0.40450008990542097
baseline,0.01,-0.02,887,2.1470924232732003,51.482062492746635,True,0,0.15067516213902546,0.12173333301047837,0.0586137324912836,0.045809531082652406,1.0356975387763634,0.38900726343471054,0.3763104972958334
baseline,0.01,-0.02,888,-2.454109079877942,71.74014944590469,True,0,0.10838180116594909,0.06995812868725958,0.01988438545637519,0.0011656641138557645,0.9890446878809034,0.1834660915620802,0.01666231123858019
baseline,0.01,-0.02,889,0.5477624778287726,60.195826181463765,True,0,0.11027423734382645,0.0745626547760041,0.019888276826759914,0.0012175754617420615,1.0194814914186539,0.18035288482431142,0.016329561566709453
baseline,0.01,-0.02,890,-4.3201785630556655,41.99918588863419,True,0,0.1065144711597442,0.07663316459702384,0.018825225771623974,0.008177882219487174,0.9701240947924161,0.1767386681514007,0.10671466149793812
baseline,0.01,-0.02,891,-0.9192841942290308,65.4115094335222,True,0,0.1409830774872486,0.10506999699015356,0.050014811736351,0.0327844302088864,1.0046067006490427,0.3547575540821533,0.31202466115953853
baseline,0.01,-0.02,892,-1.6952175908615863,66.93534606690346,True,0,0.11262314238958757,0.07495203733342831,0.023576043235913124,0.0062214348801017255,0.9967392979645232,0.2093356901227151,0.08300554729987293
baseline,0.01,-0.02,893,-1.9367247336519733,39.94364771459274,True,0,0.13843213727520703,0.1092210457325068,0.046092840625837364,0.036752410872226714,0.9942905904443087,0.33296343994316496,0.33649568749082504
baseline,0.01,-0.02,894,-1.6877527276331628,43.59848935922194,True,0,0.10727636601296486,0.06968909505791128,0.018168516015380543,2.9568465233284003e-19,0.9968149862713518,0.16936177734790897,4.242911349144764e-18
baseline,0.01,-0.02,895,-0.152650540708954,106.02791912210941,True,0,0.14345174476761008,0.1130561428485472,0.05115883317841029,0.039312632788903096,1.0123798106735917,0.35662747261308614,0.34772664092713007
baseline,0.01,-0.02,896,2.4903616881389645,44.57181982727464,True,0,0.13940235957550376,0.11421493202944419,0.048673037890815084,0.038081230972883566,1.0391780405148352,0.3491550504527333,0.33341727124669096
baseline,0.01,-0.02,897,-5.244864067114207,83.69134028497983,True,0,0.12361174480868979,0.08942173569259594,0.03462241299614089,0.02098983174858511,0.9607484534699284,0.2800899950868339,0.23472852082341156
baseline,0.01,-0.02,898,-6.084167564009602,120.5725753465216,True,0,0.14444473832703625,0.1158737141727573,0.05322096711497489,0.046695685013988096,0.9522385238635238,0.36845209961527087,0.4029877297656052
baseline,0.01,-0.02,899,-0.8290642777269652,61.105449737766136,True,0,0.09991799112916687,0.06840931669695609,0.012477331870273233,1.1141332391093982e-17,1.0055214652620441,0.124875727877109,1.628627930965684e-16
baseline,0.01,-0.02,900,-4.284270073699847,112.89268140584618,True,0,0.14088149851973242,0.11748732400220546,0.049768165039609666,0.046005814149389236,0.9704881808683358,0.3532626041214272,0.39158108791826446
baseline,0.01,-0.02,901,-0.9242319078240357,107.17346555836735,True,0,0.14306900534749678,0.12416559954702337,0.05123905571324031,0.051535764938945884,1.0045565344164917,0.358142251627367,0.415056707549892
baseline,0.01,-0.02,902,1.5949003714864185,116.15871429182027,True,0,0.12191173718966787,0.07417673807292173,0.02809867379772872,5.13781064361694e-18,1.0300987112874946,0.23048374541668093,6.926444566173909e-17
baseline,0.01,-0.02,903,-1.0092372240877112,41.464677509153034,True,0,0.1358640331694714,0.09629955700734728,0.04152792875009344,0.021736555636510353,1.0036946420733168,0.30565800073293237,0.2257181269780082
baseline,0.01,-0.02,904,-0.04977543886809377,103.62669351154743,True,0,0.14659541560135098,0.12335259479908159,0.054952476496627115,0.05082038716841598,1.0134228897006132,0.37485808318906727,0.4119928506667649
baseline,0.01,-0.02,905,-2.3112938356548374,68.18292702129574,True,0,0.13215958286219287,0.1076070735907081,0.04081497824979368,0.036343356500380786,0.9904927310256724,0.30883101600247026,0.3377413332381436
baseline,0.01,-0.02,906,-2.2526127578684996,49.55509756247447,True,0,0.15149723510439952,0.11984771529734688,0.05813516630145905,0.04804858584764039,0.9910877146555952,0.3837374738977714,0.4009136572059798
baseline,0.01,-0.02,907,4.308249147014176,70.77838668500095,True,0,0.12292745862638145,0.08229012793693141,0.028003557907246616,0.0058237851202372175,1.0576101027719542,0.2278055547569644,0.07077137034834444
baseline,0.01,-0.02,908,2.164983419169819,117.85545548547017,True,0,0.0923435389893473,0.07298655302621741,0.001918309008360935,1.691452248130487e-20,1.035878940517488,0.020773613718467407,2.3174847667116195e-19
baseline,0.01,-0.02,909,-3.136683939032592,51.93135130626422,True,0,0.1356618521439358,0.10757710186662271,0.045310422850530906,0.03661082593348905,0.9821238731529843,0.3339953136011811,0.34032173481379185
baseline,0.01,-0.02,910,-4.478805109063644,35.71507053400615,True,0,0.1338830782823671,0.09414644600374868,0.04172079853486969,0.025807858060709024,0.9685157364986304,0.3116211478711158,0.27412461283648903
baseline,0.01,-0.02,911,0.0007747310898142956,109.51305772445536,True,0,0.11062246696860428,0.07519588539553983,0.016303201499912427,2.2869561134322418e-18,1.0139354318138354,0.14737694743816762,3.0413314523827526e-17
baseline,0.01,-0.02,912,2.910438893206635,44.56114957043498,True,0,0.13690778858018818,0.09942130063324753,0.04608842685126031,0.025382224308582793,1.043437319140034,0.33663845811274556,0.2552996606050707
baseline,0.01,-0.02,913,-1.9365863196240674,106.9643656807558,True,0,0.10578238078351868,0.07351088544861953,0.013628960403360745,7.646653345071906e-17,0.9942919938623075,0.12883960733737043,1.0402069432855e-15
baseline,0.01,-0.02,914,-0.3824726550329838,35.79683060200549,True,0,0.15134058035875167,0.11667504839732408,0.059328183079315575,0.043507532215184865,1.0100495808793313,0.39201767918874486,0.37289491466097135
baseline,0.01,-0.02,915,1.0275947552709663,154.91520692937155,True,0,0.10378516144212235,0.06974069857796393,0.016501117051497483,3.935959142375871e-16,1.0243466432010762,0.1589930277335419,5.643704784482216e-15
baseline,0.01,-0.02,916,2.3840895464661394,29.20310896021529,True,0,0.11859863421634669,0.084996168265445,0.02613653963103998,0.009966723071976305,1.0381005179641691,0.2203780827978332,0.11726085158156777
baseline,0.01,-0.02,917,-5.164615051182375,59.14538949837686,True,0,0.14182702698780336,0.1173443248397744,0.05123250681873173,0.046878216401978846,0.9615621203724127,0.3612323257903273,0.3994928298917551
baseline,0.01,-0.02,918,-1.1941937247658019,35.961175684671446,True,0,0.12832955839243404,0.09623594200863925,0.03623567800707373,0.021559213132430595,1.0018193171082241,0.2823642383017044,0.2240245451174073
baseline,0.01,-0.02,919,-3.2494530791560727,103.46842178035848,True,0,0.12114056820181124,0.0742249296529069,0.028048875403648497,2.5886959303860413e-15,0.9809804757433758,0.23153990294086407,3.487636758285104e-14
baseline,0.01,-0.02,920,-0.7376693432756265,49.62463803687869,True,0,0.12320953517221711,0.09594795350387873,0.031208840724326958,0.02237799639309538,1.0064481437060633,0.2532989080812987,0.23323057528465932
baseline,0.01,-0.02,921,0.1788640391651164,53.72705814028362,True,0,0.1105249270046725,0.07255142385593594,0.018980181539816655,1.7986162518201016e-20,1.01574112841939,0.1717276098179577,2.4790915963159893e-19
baseline,0.01,-0.02,922,-6.0272718001851295,57.24942241311026,True,0,0.13920070436960943,0.1144057115032706,0.04828884151909343,0.04473413994599156,0.9528154057028583,0.3469008417577802,0.3910131702184529
baseline,0.01,-0.02,923,-3.0029624861302895,55.41690648563688,True,0,0.12489262731394085,0.10287571593847016,0.032257023718060746,0.029749057468638814,0.9834797118397932,0.25827804580471125,0.28917473086099044
baseline,0.01,-0.02,924,-6.971935526011297,76.74618224116219,True,0,0.1369264124023915,0.09196727593222503,0.04317573021823863,0.02274009647189543,0.943237199680554,0.3153206854741528,0.24726291217599689
baseline,0.01,-0.02,925,-4.696857049766745,50.44608122771758,True,0,0.1255305798833614,0.0945991502235286,0.03477891262312866,0.025055995305145174,0.9663048477405266,0.27705530122974026,0.2648649088912563
baseline,0.01,-0.02,926,0.03719433154187879,89.22054166377208,True,0,0.1118887391627864,0.07484086148947648,0.020227836828880547,1.2858237564408814e-19,1.0143047001861072,0.1807852781275081,1.7180771718156712e-18
baseline,0.01,-0.02,927,-1.5652728122274806,48.67954153203276,True,0,0.14469085155515393,0.0964912974729193,0.05046140387851998,0.024181150018907024,0.9980568439094484,0.34875324414885256,0.25060446539952025
baseline,0.01,-0.02,928,-2.398085304527753,58.734205061921905,True,0,0.10216603900488233,0.07969577748517276,0.012127537194312813,0.00848939786029245,0.9896127283886322,0.11870419282608441,0.10652255524920232
baseline,0.01,-0.02,929,-2.1823007943562622,27.53150975291584,True,0,0.15414491892238133,0.12227826804347719,0.06063353588569499,0.04927946634700079,0.9918006270432959,0.3933541002167357,0.403010830423923
baseline,0.01,-0.02,930,-1.2321766037400095,73.84523561382571,True,0,0.15638735425147532,0.12058246027480812,0.06386761171471514,0.04795940303031633,1.0014341982239174,0.408393709455652,0.3977311701968642
baseline,0.01,-0.02,931,-0.7079955264567506,115.79542488229475,True,0,0.1153996870177229,0.07539264705462033,0.02186886718169763,1.2573329846528875e-15,1.0067490147178202,0.18950542888681357,1.6677130115115566e-14
baseline,0.01,-0.02,932,0.7855252233804455,46.06196437532242,True,0,0.11026330394936801,0.07275448940300006,0.018817853602514884,9.388548268629587e-20,1.0218922334626874,0.17066288537078378,1.2904424655672791e-18
baseline,0.01,-0.02,933,-3.1189900974051943,129.94809359879042,True,0,0.10868352610839467,0.07277998664773136,0.016976204319178102,3.996628900767334e-17,0.9823032758926047,0.1561985052108727,5.491384492981236e-16
baseline,0.01,-0.02,934,-5.994646393320535,40.701405943701104,True,0,0.1544847710424268,0.11712194455839514,0.06179896619415683,0.047972386384098974,0.9531462037000369,0.400032739649041,0.4095934930467339
baseline,0.01,-0.02,935,-3.985594232359746,44.04901923005442,True,0,0.16235591778346306,0.12956300974307852,0.06880418641216234,0.05676086406458186,0.9735165375883301,0.4237861320455697,0.438094670516977
baseline,0.01,-0.02,936,0.7093992904943835,45.75707333096371,True,0,0.1275993066514647,0.09580601520854694,0.035213631945759286,0.022507707092952987,1.0211203716362105,0.27597040195480615,0.23492999937382902
baseline,0.01,-0.02,937,-0.26430148766223294,32.131109902377574,True,0,0.14996451476662326,0.12382098688506701,0.05811493976206096,0.050762050974068655,1.0112477509328954,0.3875246077547091,0.4099632239338146
baseline,0.01,-0.02,938,-0.19510824003390326,66.97586629032368,True,0,0.15728537124019493,0.14295219318606275,0.06395033075488882,0.06789417942421758,1.0119493203517453,0.40658791247171017,0.4749432513836869
baseline,0.01,-0.02,939,-3.2782408618566072,161.69765561594483,True,0,0.13045090703679768,0.08820090811344557,0.041261934094758014,0.019553303083790132,0.9806885884758829,0.31630239322995907,0.2216904961867323
baseline,0.01,-0.02,940,-1.8024591429123604,33.729589664808515,True,0,0.11276696935983518,0.0850349357956808,0.02165494097837413,0.014152906303494805,0.9956519462947048,0.1920326590428623,0.1664363731337547
baseline,0.01,-0.02,941,-1.566038739904907,66.68291490328104,True,0,0.16007453734352314,0.13567130943925668,0.06721838150946972,0.06214786345720409,0.9980490779575102,0.4199192615201363,0.45807668337592916
baseline,0.01,-0.02,942,0.17743947561355,37.035187652819396,True,0,0.12791403076168545,0.09559971104867437,0.033981577765422974,0.022175904256962222,1.0157266843766946,0.26565950242576203,0.23196622681915233
baseline,0.01,-0.02,943,2.3480081489455573,141.53718478032607,True,0,0.10747597714941501,0.07534927958901232,0.015484978266512532,1.1026249441576003e-18,1.0377346787246848,0.14407850644600367,1.4633516739268052e-17
baseline,0.01,-0.02,944,-1.1048535565214124,78.05793243360537,True,0,0.11721086926963782,0.0733723157520498,0.024155575286019512,9.435566244987796e-18,1.0027251617110364,0.20608647846856937,1.2859845226738934e-16
baseline,0.01,-0.02,945,-3.4071352436788827,47.02793070486757,True,0,0.1475713291044149,0.12628694154615533,0.055942636240013686,0.05419914631725517,0.9793816927938965,0.3790887876359179,0.42917458965815936
baseline,0.01,-0.02,946,-2.2686274635168813,204.2572534715785,True,0,0.1318317907269234,0.10579858160261803,0.04042710513859733,0.034435754350202394,0.9909253371387147,0.30665672457061677,0.32548408332678697
baseline,0.01,-0.02,947,-1.1305912747374691,66.17167086559378,True,0,0.11259829324560536,0.0722924947184331,0.022410854693037073,2.2500936536538242e-18,1.0024641998884558,0.1990336979988971,3.112485829154954e-17
baseline,0.01,-0.02,948,-2.0662321444585796,49.18210795532831,True,0,0.09002312107701652,0.06908167386235307,0.001839521859734901,1.0682284929271511e-17,0.9929774790923978,0.020433882292985095,1.5463268812154473e-16
baseline,0.01,-0.02,949,-2.298465117756021,71.00531889455809,True,0,0.149117061290403,0.11279562998907634,0.05439277210291106,0.03856279259727543,0.990622804934173,0.3647655850525517,0.34188197362796796
baseline,0.01,-0.02,950,-2.358572366658118,79.70624100602627,True,0,0.1534076408582905,0.1434472978071565,0.05946997606459059,0.06957720019473877,0.990013360962018,0.3876598045042989,0.485036673805281
baseline,0.01,-0.02,951,-1.2634095551925184,47.3924294182077,True,0,0.09304541780750082,0.07741030015342544,0.0035823038028730426,0.006200983892713958,1.0011175187161538,0.038500593444422755,0.08010541078414306
baseline,0.01,-0.02,952,-2.812724943262268,67.63921950562701,True,0,0.10078363189293392,0.06673008866710559,0.014080510161901181,6.803954997242629e-15,0.9854085827479815,0.13971028725040802,1.0196232513919348e-13
baseline,0.01,-0.02,953,0.5766269553428627,59.144480830002095,True,0,0.10440802909823578,0.07609669543265722,0.01363148290924448,0.0029191538730475733,1.0197741563160112,0.13055971870150757,0.038361112219793006
baseline,0.01,-0.02,954,-8.190905161714568,111.44805701526711,True,0,0.12522671752695178,0.10993337395130467,0.03403023882662582,0.04138538686067044,0.9308777303937577,0.2717490284715137,0.3764588074864529
baseline,0.01,-0.02,955,-4.979629512569728,33.37333259832436,True,0,0.12944427943170925,0.09102259640714463,0.038950660328394664,0.02272802514800958,0.9634377397611315,0.3009067723919296,0.24969651542730095
baseline,0.01,-0.02,956,-4.491159606064832,66.22334061608704,True,0,0.1635054516019218,0.13580799833119803,0.06987109593507874,0.06325358406414301,0.968390470846585,0.42733190392446524,0.4657574284386776
baseline,0.01,-0.02,957,-2.815822034787052,74.4157110888689,True,0,0.15616612253178402,0.12643545609320986,0.06341749828057977,0.05328879117123931,0.9853771804829391,0.4060899845142316,0.4214703123461992
baseline,0.01,-0.02,958,-2.2629304465650812,39.47972056244724,True,0,0.1468488155422466,0.10669803705905383,0.05439592757854077,0.03638853356732665,0.9909831007646326,0.3704212892537204,0.34104220255886064
baseline,0.01,-0.02,959,-3.521547010069781,50.16964041723071,True,0,0.11799681356122363,0.09806423354477946,0.028402129503280638,0.02860107091204513,0.9782216403435822,0.24070251260254547,0.29165649776872943
baseline,0.01,-0.02,960,-1.995552121949884,81.49407315069922,True,0,0.11422389417749496,0.09369743227018715,0.0243968605790177,0.023342915629607885,0.9936941233317617,0.21358806539292818,0.24913079327826132
baseline,0.01,-0.02,961,-2.7518962364194266,52.00299542871933,True,0,0.14506568074789392,0.12154006606447343,0.0554593737211332,0.050673570289610295,0.9860253417811512,0.3823052663814723,0.41692893488086025
baseline,0.01,-0.02,962,-1.5223558283197214,64.64893398391361,True,0,0.13099769565681024,0.0966372504936855,0.03663400852393355,0.021939575247599378,0.9984919910443348,0.2796538392546071,0.22703020973297414
baseline,0.01,-0.02,963,-4.209968026499555,43.41338858977876,True,0,0.14804265871844458,0.10595656323121694,0.055587836115216165,0.035139470065433435,0.9712415498148792,0.37548525942739297,0.33164033443357893
baseline,0.01,-0.02,964,-2.2344740066877367,69.93225504898648,True,0,0.1139178544668785,0.07802987178274051,0.024828923744482433,0.006963740516602361,0.9912716284558681,0.21795462933074655,0.08924454644743728
baseline,0.01,-0.02,965,-0.8289591709248367,44.79363736432854,True,0,0.1347523286182902,0.10194920348217829,0.04292961547492385,0.030160524117301777,1.0055225309688958,0.3185816224113616,0.2958387421101738
baseline,0.01,-0.02,966,-3.5764274664689677,99.79539339615899,True,0,0.14608021425578868,0.099476544557608,0.05127970708217651,0.02705244373317738,0.977665192261986,0.3510380056835415,0.27194796374848945
baseline,0.01,-0.02,967,-3.5418375777954036,37.967974945993056,True,0,0.12469757625066197,0.08638905510015037,0.03499324275337273,0.01604418860509602,0.9780159086819631,0.2806248830613255,0.18572015386088062
baseline,0.01,-0.02,968,2.366070192268066,66.3247640315887,True,0,0.11706200532768403,0.08577979097013633,0.024857108693591177,0.010664092469806517,1.0379178147628294,0.21234138800211302,0.12431940378030475
baseline,0.01,-0.02,969,-2.130902376264676,58.592496252878284,True,0,0.16959259387459136,0.13155813137136696,0.0759835021627028,0.059999145030870844,0.9923217697782635,0.44803549746335225,0.45606565254034453
baseline,0.01,-0.02,970,3.8920775593419776,30.081861291776615,True,0,0.1208908809347238,0.09435310477141345,0.02936967126671403,0.017623276155010817,1.053390424278565,0.24294364504277594,0.18678003440062962
baseline,0.01,-0.02,971,-1.954001976277242,33.44869989054765,True,0,0.15175080351149003,0.13226898519557892,0.05909479511373554,0.058888310341087546,0.9941154117168547,0.3894199816165131,0.4452163162362864
baseline,0.01,-0.02,972,-4.143800688376487,37.445464737098874,True,0,0.12924151138235215,0.108136092239402,0.039181432107768435,0.03803607186406469,0.9719124387028122,0.3031644530359356,0.35174261503603077
baseline,0.01,-0.02,973,-3.1836837304943466,46.96291303603343,True,0,0.10516972715473585,0.07229636169833463,0.014387728838868121,0.0017191891955944901,0.9816473293064083,0.13680485086454114,0.02377974707452107
baseline,0.01,-0.02,974,2.367037689114726,67.17722626758403,True,0,0.12093932041314813,0.07272334815229863,0.028942352775781048,6.721586896893147e-17,1.0379276244801605,0.23931300983757248,9.242680745139336e-16
baseline,0.01,-0.02,975,-1.0480022356807783,33.2039423435068,True,0,0.1317768588393625,0.10588519279515611,0.041221499544119015,0.035221084368346145,1.0033015929307019,0.3128128861712245,0.33263465304808315
baseline,0.01,-0.02,976,2.5716390146040213,72.54822310689835,True,0,0.11793030297097809,0.08694512910094662,0.025302945609035437,0.01101691205288612,1.040002133741389,0.21455847200920306,0.1267110897045775
baseline,0.01,-0.02,977,1.6728700212034875,30.220249788426024,True,0,0.15743760910045793,0.12035809173080943,0.06462289243541837,0.04537828372627774,1.0308892670673557,0.4104666782266983,0.3770272781307461
baseline,0.01,-0.02,978,1.7314422837036325,64.14113788882435,True,0,0.11325866849139495,0.07403654076508537,0.02149375473836893,1.6353059432641195e-15,1.0314831473890842,0.18977580281196718,2.208782212627778e-14
baseline,0.01,-0.02,979,-3.1035874359862103,51.710791105597735,True,0,0.12965264918015296,0.0903955684641298,0.037867701402513755,0.021005960634070134,0.9824594477242624,0.29207040227844794,0.2323782126820253
baseline,0.01,-0.02,980,-0.6498929804491849,53.51356588465807,True,0,0.18148103969252177,0.15416639191011214,0.08590602920717848,0.07935920220962979,1.0073381324544985,0.4733609050991037,0.5147633101246916
baseline,0.01,-0.02,981,-3.0524513753949156,50.23825564107804,True,0,0.12337194746458924,0.09298092786441169,0.0328893525783494,0.02256868351882196,0.9829779303441852,0.2665869612521878,0.24272379333246136
baseline,0.01,-0.02,982,0.05036071842750012,139.70635775252802,True,0,0.11308016252704142,0.07435810706584689,0.025009505796317607,0.0036766876593000157,1.0144381978135826,0.22116616422740779,0.04944568661550476
baseline,0.01,-0.02,983,-1.010319370781665,168.79441095882137,True,0,0.1150177145236999,0.06999127015397978,0.02717763799450157,2.8745644541370683e-13,1.0036836698895675,0.23629088881697002,4.1070328454006736e-12
baseline,0.01,-0.02,984,1.7044866739002185,50.56825403108085,True,0,0.11960872354692063,0.08767928757780387,0.028261190015141564,0.012219651819186814,1.0312098370278462,0.23628034124162475,0.13936759931293324
baseline,0.01,-0.02,985,-3.020347908233323,138.11719252162908,True,0,0.11332379647179679,0.06982244340964258,0.02304523506119456,7.417432750895305e-16,0.9833034362507819,0.20335742164206344,1.0623278689028156e-14
baseline,0.01,-0.02,986,0.792798100489378,52.110661588387195,True,0,0.12312834457293707,0.07366740259241787,0.030294515249602954,3.002018151174189e-18,1.0219659751693073,0.24604014091700474,4.0750970517904047e-17
baseline,0.01,-0.02,987,-0.664919845374734,102.13029519474175,True,0,0.11494905170471953,0.07188234440604263,0.02311036604778332,1.513911094661637e-19,1.0071857709271197,0.20104877513169137,2.106095880943991e-18
baseline,0.01,-0.02,988,-0.12160700215253506,47.98385902512131,True,0,0.13320840158734923,0.09350471338024754,0.039650311598097426,0.018234085389233365,1.0126945696717682,0.297656237336482,0.1950071256310084
baseline,0.01,-0.02,989,-2.1748420021509673,43.773441460726794,True,0,0.10432545009400135,0.07683660313423804,0.0154751177444907,0.007335737466460291,0.9918762537943467,0.14833502017529768,0.09547191269822702
baseline,0.01,-0.02,990,3.79154148871621,71.9430047416629,True,0,0.1001007752764203,0.07446960408003545,0.009137362304324069,1.3041488744575791e-16,1.0523710613340584,0.09128163372453382,1.7512499100384077e-15
baseline,0.01,-0.02,991,0.16962174221100135,102.01766250086308,True,0,0.10512614342863534,0.0735741496615785,0.011876956930876531,3.1469691011717023e-22,1.0156474182218609,0.11297814742856213,4.277275531755273e-21
baseline,0.01,-0.02,992,-5.835389683280101,49.19678103980738,True,0,0.15963731464357922,0.10993076796350071,0.06588947958440577,0.040417619403179235,0.9547609514007255,0.4127448506103765,0.36766430501603264
baseline,0.01,-0.02,993,-1.856187819522026,51.95892070086699,True,0,0.11862886287878117,0.08854956627803753,0.025780924669691018,0.015220847178253461,0.9951071764260162,0.21732421641801292,0.1718907027783896
baseline,0.01,-0.02,994,-1.925254590782377,43.05968925049689,True,0,0.1135303986893017,0.09265743876922199,0.0239382887353147,0.023215575515226294,0.9944068893859391,0.2108535600304421,0.25055274377968034
baseline,0.01,-0.02,995,2.516991862621265,32.84874260150753,True,0,0.11719820934541791,0.08513922611619236,0.025818498428543345,0.011468514918001133,1.0394480511976083,0.22029772103811388,0.1347030674480135
baseline,0.01,-0.02,996,-1.0985815945113497,156.82814887383248,True,0,0.10951813685696127,0.06679439333130968,0.022317536890774,3.2663625813130716e-14,1.0027887548634504,0.2037793696209637,4.890174786245081e-13
baseline,0.01,-0.02,997,-0.3193676718848626,57.69365866675588,True,0,0.1262833229619861,0.09329550753716771,0.035427871767167524,0.022566825975983883,1.01068941970568,0.280542758427667,0.24188545163327993
baseline,0.01,-0.02,998,0.4551138023344059,31.506077613976814,True,0,0.13904613731083754,0.10751624452345243,0.046255441933624554,0.03359544160836792,1.0185421009484603,0.3326625451681592,0.31246851819717136
baseline,0.01,-0.02,999,-1.3139976242145135,36.30045274595848,True,0,0.13022564265645686,0.10500173212950104,0.037588886058557286,0.03203165201683538,1.0006045923338696,0.2886442738295333,0.30505832015542383
exact_dose_reference,0.01,-0.02,0,-1.513610621024819,150.20175980119086,True,0,0.09784991944587286,0.06927662901550381,0.010711775370588192,6.454083228078005e-14,0.9985806611127289,0.10947147868132451,9.316393305790918e-13
exact_dose_reference,0.01,-0.02,1,-2.6507022940200686,68.36461913957399,True,0,0.15736962676803742,0.13292313521877955,0.06248551081676461,0.06099099010360264,0.9870513750689888,0.39706207671743515,0.4588440530176853
exact_dose_reference,0.01,-0.02,2,-1.5465136412088243,47.18905723132631,True,0,0.15029152559452974,0.1183536277063551,0.0594609708229172,0.045513532102145954,0.9982470483175484,0.39563754900816206,0.38455544611668935
exact_dose_reference,0.01,-0.02,3,-1.4567337298925453,54.847958080504576,True,0,0.10037728304820075,0.07009991081706589,0.012202074284643444,6.907920187712917e-14,0.9991573515966327,0.12156210961382627,9.85439226269483e-13
exact_dose_reference,0.01,-0.02,4,-1.2078164805472302,61.95974188344972,True,0,0.13693521916554208,0.10169306502320175,0.0450977895807785,0.030107041460061813,1.0016811922306632,0.3293366736154227,0.2960579608176108
exact_dose_reference,0.01,-0.02,5,-1.6650792047241403,81.7115582277757,True,0,0.13670460228208023,0.1063659237290521,0.04506819755649723,0.033648095395589835,0.9970448793727135,0.3296757885554007,0.31634281183231444
exact_dose_reference,0.01,-0.02,6,-1.833765019870337,112.66775442212636,True,0,0.10497165757841494,0.07404123533129507,0.01235776772155047,1.1925959340908406e-19,0.9953345273751308,0.11772480311953813,1.6107185796598468e-18
exact_dose_reference,0.01,-0.02,7,-2.689496333253838,53.54737132018695,True,0,0.11028142166393591,0.09080857736862152,0.021791788044499334,0.019627598074460597,0.9866580316071198,0.19760162424189764,0.21614255660878595
exact_dose_reference,0.01,-0.02,8,-1.7681395232723052,69.01514022045214,True,0,0.14615729691623572,0.1145892154673409,0.053554618986394624,0.04150571957300746,0.9959999223824201,0.36641768913588585,0.36221314024823753
exact_dose_reference,0.01,-0.02,9,-2.02982701000074,41.73802350237805,True,0,0.10984947032296316,0.08352620685281203,0.0210868782029008,0.014172109001466274,0.9933466007899646,0.19196158289069834,0.16967260379056887
exact_dose_reference,0.01,-0.02,10,-1.9399419091741477,39.62808826519781,True,0,0.14359634989365247,0.11455790229969086,0.05114877314022681,0.04110753815665632,0.9942579706145017,0.3561982820462193,0.35883633805650833
exact_dose_reference,0.01,-0.02,11,-2.8758096115594323,83.38408520269115,True,0,0.13330913499516892,0.11284465807414595,0.04183857226233992,0.04148494728638143,0.9847689498995088,0.3138462511504267,0.36762880932408193
exact_dose_reference,0.01,-0.02,12,-0.7627511265402509,36.50050931140738,True,0,0.11068230597828785,0.0716648304109814,0.019914484655029555,5.715350045111476e-20,1.0061938325888398,0.17992473574715825,7.975111379368724e-19
exact_dose_reference,0.01,-0.02,13,-0.18897002440083632,47.15623104582042,True,0,0.11836436877754264,0.07268607447764645,0.023962189296517285,2.081291702534585e-18,1.0120115574127604,0.20244427900048625,2.8633981371144975e-17
exact_dose_reference,0.01,-0.02,14,-0.13383639190641672,77.11274288823287,True,0,0.11569442290266445,0.07189722789342634,0.024347046171303472,8.146705407736708e-23,1.0125705725166034,0.21044269516592884,1.1331042442710885e-21
exact_dose_reference,0.01,-0.02,15,-0.1370620902362507,134.01557896425214,True,0,0.14345028185349815,0.0998067027965537,0.05186149656986076,0.028209638117075435,1.0125378662716993,0.36152941562586466,0.28264272164744336
exact_dose_reference,0.01,-0.02,16,-2.063837086990683,104.17582209194026,True,0,0.09959056697824424,0.07277494131983608,0.00968697984393452,1.8013402112450238e-25,0.9930017632405401,0.09726804593903617,2.4752204241957073e-24
exact_dose_reference,0.01,-0.02,17,-2.5563843362968797,64.42582396386412,True,0,0.13070861085706056,0.1079474409316242,0.039252216647046576,0.03623119669496369,0.9880076908520317,0.3003032194257787,0.335637384103558
exact_dose_reference,0.01,-0.02,18,-2.3811369231631074,43.51294877756045,True,0,0.14179136790110963,0.11699303557613625,0.050235864403508516,0.045737594248830574,0.989784572701076,0.35429423629331797,0.3909428798354894
exact_dose_reference,0.01,-0.02,19,-2.0350842430292726,106.08070765018728,True,0,0.14641421595895523,0.11585490839390478,0.052008981243450686,0.041292969250674605,0.9932932962545221,0.35521811118416624,0.35641967891666004
exact_dose_reference,0.01,-0.02,20,-1.4030276614273252,76.4108434902441,True,0,0.10561823129076245,0.0723077105959934,0.015432923989662688,9.731773629677991e-16,0.9997018922351102,0.14611988670001974,1.3458832466778768e-14
exact_dose_reference,0.01,-0.02,21,-2.4748561175663264,53.095667907754134,True,0,0.09376354790616205,0.07212246683444147,0.00406488474124534,0.0003670756761635194,0.9888343279444528,0.043352505659378954,0.005089616208027781
exact_dose_reference,0.01,-0.02,22,-1.8379427668690607,49.774025144537084,True,0,0.1618523179031894,0.13084227103456628,0.0685364497690571,0.05759527928334329,0.9952921680462301,0.42345052982220244,0.4401886242721025
exact_dose_reference,0.01,-0.02,23,-0.7612265895724057,91.51938565331209,True,0,0.10909767729404934,0.06963175216005524,0.019684538842334304,4.830769124898943e-15,1.0062092902895723,0.18043041181599917,6.937595242174804e-14
exact_dose_reference,0.01,-0.02,24,-0.22711236503257792,85.59171152618437,True,0,0.1114123415246594,0.06880566019862819,0.02321242640607457,1.9466914539035502e-22,1.0116248217027337,0.20834699359529088,2.8292606280992595e-21
exact_dose_reference,0.01,-0.02,25,-2.63400963755287,35.6217872173339,True,0,0.13099056844065543,0.10871473580873152,0.039562394569568685,0.03869998555427501,0.987220626516177,0.3020247567479808,0.3559773683519984
exact_dose_reference,0.01,-0.02,26,-2.691456355356703,47.84588522909334,True,0,0.12435818160085158,0.10337687766601521,0.03575868549593496,0.03412422506135987,0.9866381584025115,0.28754590197135926,0.33009533497042437
exact_dose_reference,0.01,-0.02,27,-2.4631922787733296,35.54923357097312,True,0,0.12017971807857655,0.09613223958357944,0.028446938184032926,0.023437602751804173,0.9889525908224654,0.2367033193191017,0.24380585382520933
exact_dose_reference,0.01,-0.02,28,-1.8196924201789422,61.939227778635264,True,0,0.09960439837132957,0.07171659744001886,0.009529719180651909,2.334563006136852e-21,0.9954772133441466,0.0956756863800803,3.2552618075465657e-20
exact_dose_reference,0.01,-0.02,29,-1.7433212031931267,54.78769034925861,True,0,0.15967170347437445,0.13020371156902313,0.06645581303405025,0.056437548017334783,0.9962515621737521,0.4162028185834172,0.4334557543501078
exact_dose_reference,0.01,-0.02,30,-1.4238452788197353,110.8572586969517,True,0,0.10610485974428896,0.07223645701670976,0.013817049389158818,6.314755564594751e-14,0.999490816671577,0.13022070263753885,8.741784723929663e-13
exact_dose_reference,0.01,-0.02,31,-0.6078772651398889,47.53470218589595,True,0,0.1398162783925436,0.09634936458860939,0.044447512746177906,0.021883184705933752,1.0077641413785259,0.31789941240882214,0.22712329032339904
exact_dose_reference,0.01,-0.02,32,-1.1731000639604305,65.9519619912985,True,0,0.13595733844342142,0.10023417898746945,0.04278911811383393,0.02648562431476853,1.0020331915520446,0.31472459378601764,0.2642374545521001
exact_dose_reference,0.01,-0.02,33,-2.6209547964859192,102.89955269226353,True,0,0.12642975122433994,0.10455839907723438,0.03511444878163509,0.033548572231524805,0.9873529931498364,0.2777388110123477,0.32085965859847765
exact_dose_reference,0.01,-0.02,34,-0.6291087895510472,121.45466861310135,True,0,0.10631286044962714,0.06878223301734263,0.017090504444113284,1.2133972925686834e-19,1.0075488690975882,0.16075669840725487,1.7641144221978656e-18
exact_dose_reference,0.01,-0.02,35,-0.6655254802971577,147.4581154885928,True,0,0.1051253527884117,0.06802920220387712,0.018766088962492756,1.2722852661577698e-13,1.0071796302276277,0.17851154326457966,1.8702045958805316e-12
exact_dose_reference,0.01,-0.02,36,-1.4516810033385008,65.09479245602125,True,0,0.14351291429263505,0.1074948135453058,0.047777813633549125,0.033180824909168884,0.9992085825845345,0.3329164756289883,0.30867372866491066
exact_dose_reference,0.01,-0.02,37,-1.7489905439786568,53.61857639380512,True,0,0.12397559506075331,0.09545434029379367,0.033728076565586886,0.02445311443659456,0.9961940791641162,0.27205416153928275,0.2561760351737979
exact_dose_reference,0.01,-0.02,38,-2.4820204636905374,38.85652734145873,True,0,0.11186931502230976,0.08928218721612659,0.022015718071778812,0.01786729927191822,0.9887616866634162,0.19679854182881412,0.20012165728721015
exact_dose_reference,0.01,-0.02,39,-1.3112154606247262,47.10425713315154,True,0,0.1100465564288618,0.07289243161645058,0.015916228836400474,5.421049111452917e-22,1.0006328014577326,0.1446317754312405,7.4370534652729e-21
exact_dose_reference,0.01,-0.02,40,-1.808145610126588,48.57759835166738,True,0,0.1837656121267517,0.1521994502515881,0.08808638620541547,0.07707688628148777,0.9955942896354854,0.47934096693051687,0.5064202673142278
exact_dose_reference,0.01,-0.02,41,-0.4591785048323138,65.51287859126516,True,0,0.10720582104735137,0.06870193074648316,0.02005427044868105,7.574692238036847e-15,1.0092718391153492,0.18706326067707973,1.1025443034473371e-13
exact_dose_reference,0.01,-0.02,42,-1.4662298034690102,41.590598983581486,True,0,0.13074416608147216,0.09832998509033714,0.03944051842234737,0.02516494839922212,0.9990610682879465,0.30166178426477813,0.25592344365864317
exact_dose_reference,0.01,-0.02,43,-1.4563255596709013,47.24823792690148,True,0,0.1022845916424731,0.07057043304855946,0.01303509269683826,3.045860623893086e-17,0.9991614901470695,0.1274394558116954,4.3160577203731084e-16
exact_dose_reference,0.01,-0.02,44,-0.9450501633955666,51.110384221396586,True,0,0.1363443222878537,0.09885117044475203,0.041815491043933166,0.02518100153424122,1.0043454523822846,0.3066903728902712,0.25473650358358574
exact_dose_reference,0.01,-0.02,45,0.24391082589299007,191.152151610539,True,0,0.11381485778213506,0.06781581276153004,0.026545150016919233,8.632428389946367e-16,1.0164006557277172,0.23323097295198564,1.2729226471563128e-14
exact_dose_reference,0.01,-0.02,46,-1.264245395337904,67.85954155779855,True,0,0.10076595539750548,0.06892034592268824,0.011891436238168284,9.346837641505993e-16,1.0011090439024235,0.11801045493250653,1.3561797342095261e-14
exact_dose_reference,0.01,-0.02,47,-1.365219363274739,52.381438053637716,True,0,0.10060480868805761,0.06876247936274199,0.011783352883615076,3.323354529958442e-14,1.000085240996323,0.11712514577858174,4.833092932014253e-13
exact_dose_reference,0.01,-0.02,48,-2.591075859736325,52.91641445997255,True,0,0.11065227584881229,0.09080181715248979,0.022728043781715467,0.021941062405623823,0.9876559439291359,0.2054005993764603,0.24163682064618458
exact_dose_reference,0.01,-0.02,49,-1.9360686013809025,45.363890180706846,True,0,0.1302502462139383,0.10147428221560155,0.039618869852914115,0.030189030112735146,0.9942972431503441,0.3041750092958706,0.29750424889523014
exact_dose_reference,0.01,-0.02,50,-1.8887069415375213,57.818531474874554,True,0,0.13322126635568868,0.10365539620511098,0.04267844887907168,0.03288150170102257,0.9947774560802324,0.3203576279264911,0.31721939141458094
exact_dose_reference,0.01,-0.02,51,-0.32293033465427,90.62861449211582,True,0,0.12056906988529735,0.07533936751543854,0.025877702075368197,1.3942798387847443e-16,1.0106532968853996,0.21462968985318367,1.85066570740593e-15
exact_dose_reference,0.01,-0.02,52,-0.4084107492064226,101.06617956646389,True,0,0.11742684251274008,0.07462620967199125,0.023282679303029737,3.7362521684352333e-14,1.0097865873896619,0.19827391084371287,5.006621915889057e-13
exact_dose_reference,0.01,-0.02,53,-2.4465902891379843,74.54542594149599,True,0,0.13136785421566946,0.1090193621225161,0.04189433958296285,0.03853709778903185,0.9891209229736427,0.31890860844985713,0.35348856422149866
exact_dose_reference,0.01,-0.02,54,0.6724598391038006,52.40628755905006,True,0,0.12230566758480182,0.07073978853086198,0.03120155342234778,2.2222265828157937e-15,1.020745832351916,0.25511126375818916,3.141409705863473e-14
exact_dose_reference,0.01,-0.02,55,-1.2893278097062533,47.94949374945334,True,0,0.15275649112251025,0.11948185699428115,0.06177708032481822,0.04655844081350673,1.0008547263862653,0.404415418754763,0.38966954468857296
exact_dose_reference,0.01,-0.02,56,-0.6699186766542131,53.18133350469593,True,0,0.12243696271174331,0.08301479362872878,0.03071317646155851,0.010085060277890094,1.0071350863982693,0.2508488922080449,0.12148509725861652
exact_dose_reference,0.01,-0.02,57,0.35628166978831644,208.8080313315741,True,0,0.11598292541900528,0.068524559630698,0.027132037200205957,7.955507002332914e-16,1.017540014702032,0.23393130585547403,1.1609716348719098e-14
exact_dose_reference,0.01,-0.02,58,-3.0785466278015483,61.924209222535055,True,0,0.11872275426326528,0.10050539830536397,0.027967521208363978,0.029301455824073012,0.9827133433838506,0.23557001673282082,0.291541114389168
exact_dose_reference,0.01,-0.02,59,-2.543605814252614,116.36072443183359,True,0,0.1256316193263499,0.10436097113517033,0.03564977732301392,0.03356763720868895,0.9881372558109206,0.28376437010182487,0.3216493373294841
exact_dose_reference,0.01,-0.02,60,-1.5922081261867338,102.27849877994672,True,0,0.13786801966877243,0.1059807799701123,0.046373972253456054,0.0352126249224553,0.9977837393333713,0.3363649696635188,0.332254819528462
exact_dose_reference,0.01,-0.02,61,-1.858237193289769,46.25371311235291,True,0,0.12748471885704576,0.09836731821876186,0.0379670297234616,0.028237791616554472,0.9950863972602374,0.2978163191937985,0.2870647703717575
exact_dose_reference,0.01,-0.02,62,-2.19212925550345,60.58878778865753,True,0,0.10825018307218816,0.08208105732041798,0.015845267187462316,0.009167452102914898,0.9917009735653689,0.14637635464224275,0.11168779255764362
exact_dose_reference,0.01,-0.02,63,-1.9880314103367103,73.5991926920124,True,0,0.10957018588789755,0.07940397573067828,0.015490376192028671,0.005145942996673401,0.9937703779007643,0.14137400668350644,0.06480712016394954
exact_dose_reference,0.01,-0.02,64,-1.696051809649346,57.48202272059876,True,0,0.14165574317754157,0.11001362769606167,0.04836797838210274,0.03540398191257566,0.9967308395901849,0.3414473518484996,0.32181451202016015
exact_dose_reference,0.01,-0.02,65,-0.46034118541957714,49.96893745308196,True,0,0.10855937841965937,0.06976193467866054,0.02100224599483064,2.2841344690711252e-19,1.0092600503762472,0.19346321156742433,3.274184524257207e-18
exact_dose_reference,0.01,-0.02,66,-0.48550669950044867,128.36573900859673,True,0,0.11989455593077233,0.07528593670335021,0.02464733470445843,8.963490639865536e-13,1.0090048902891877,0.20557509482490524,1.1905929622931374e-11
exact_dose_reference,0.01,-0.02,67,-1.0014104741416285,45.621152823600426,True,0,0.10658165021538411,0.07160363617507655,0.015598910465410783,4.582131056423768e-21,1.0037739996493718,0.14635643597080672,6.39929939482416e-20
exact_dose_reference,0.01,-0.02,68,-1.021660670968494,61.312081886546835,True,0,0.10734903591579546,0.07106780644002644,0.017157270106120767,5.657666227164831e-16,1.0035686773194281,0.1598269603425123,7.96094112168678e-15
exact_dose_reference,0.01,-0.02,69,-1.2140005474014393,62.344349104889446,True,0,0.1071434842287275,0.07461450131614768,0.01848890328620353,0.004751365067514312,1.0016184902714729,0.1725620873662633,0.0636788423658076
exact_dose_reference,0.01,-0.02,70,-0.8197057056639312,93.58296988189953,True,0,0.1317439240516179,0.09323260421645942,0.04139997176370354,0.021913343682144537,1.0056163544049674,0.3142457768867036,0.23503948931071394
exact_dose_reference,0.01,-0.02,71,-1.677799989549933,42.696805467639734,True,0,0.09621049253970801,0.06849063857808022,0.009744248562380478,1.5421013402217828e-17,0.9969158998274046,0.10128051842535606,2.2515505363025155e-16
exact_dose_reference,0.01,-0.02,72,-1.789696171317201,69.54394673323671,True,0,0.14919091418357047,0.1201670375354966,0.05856115705607997,0.048361923973751914,0.9957813535833019,0.39252495620493333,0.4024558228746057
exact_dose_reference,0.01,-0.02,73,-1.764967815017393,62.894738682572594,True,0,0.12288700057206171,0.0936962562541964,0.033099171690700965,0.023467367359252773,0.996032081207066,0.26934640390454806,0.25046216676561966
exact_dose_reference,0.01,-0.02,74,-1.2385979735754504,66.57109806172252,True,0,0.1051684970008824,0.07151508714262562,0.01591906156800553,0.0007605143536690266,1.0013690901843604,0.1513672061688964,0.01063432044978565
exact_dose_reference,0.01,-0.02,75,-0.06296943403899524,144.9045557191435,True,0,0.11167841632332602,0.06940763589382459,0.023905033013865172,1.7513799304298863e-13,1.01328911214512,0.21405239974621829,2.5233245706697697e-12
exact_dose_reference,0.01,-0.02,76,-2.066043787417593,47.199329403119975,True,0,0.14009850511461766,0.11251387296466198,0.04695792537570426,0.03876446599837719,0.9929793888963787,0.33517791883137477,0.3445305452293178
exact_dose_reference,0.01,-0.02,77,-3.5843047561408103,37.98485684757234,True,0,0.11431187729776035,0.1001007313610536,0.02396916082455899,0.030773137271264867,0.9775853222497144,0.20968215544325247,0.30742170264739777
exact_dose_reference,0.01,-0.02,78,0.40217294751614396,30.593249555453937,True,0,0.1220654689362228,0.07304379372178618,0.030747387597438596,5.8336654206360854e-21,1.0180053190221692,0.25189259391207186,7.986531262129838e-20
exact_dose_reference,0.01,-0.02,79,-1.27005607876155,52.339231334808545,True,0,0.15279859790020978,0.11764079583021832,0.06015290999881773,0.04560783235463819,1.0010501277808022,0.3936744893307371,0.3876872137150481
exact_dose_reference,0.01,-0.02,80,-0.37553889795002293,69.87013282619563,True,0,0.11291687726525541,0.06992997424608989,0.02286825936048561,3.778513214238712e-21,1.01011988415449,0.20252295240830384,5.403281289568023e-20
exact_dose_reference,0.01,-0.02,81,-1.7448131078033224,47.26613543736383,True,0,0.10165171174004034,0.07235213021520376,0.012048043481928826,8.39741895920174e-21,0.9962364353414928,0.11852278014501091,1.1606318893755452e-19
exact_dose_reference,0.01,-0.02,82,-2.267799151976313,52.442899697997575,True,0,0.14993264748948115,0.12395042193631965,0.05779021975544227,0.05120373753273842,0.9909337356178446,0.38544120125336057,0.4130985335333887
exact_dose_reference,0.01,-0.02,83,-2.7568211527331465,114.10587920005169,True,0,0.13210876623619125,0.11185751563635056,0.04186761149778392,0.041315274561453647,0.9859754066965218,0.3169177390009889,0.36935626834203833
exact_dose_reference,0.01,-0.02,84,-0.7387268580163475,162.53413359591957,True,0,0.11754636832547492,0.07917363598509622,0.026856352158361487,0.01058269989405482,1.0064374212724805,0.2284745376734971,0.13366444223992602
exact_dose_reference,0.01,-0.02,85,-2.5627468022631827,35.95970176019718,True,0,0.12113937301693009,0.09849410571032315,0.03009821347266133,0.026245005668288825,0.9879431800550474,0.24845937966390902,0.26646270331624616
exact_dose_reference,0.01,-0.02,86,-1.5861248993594979,85.27309222303671,True,0,0.1321158912822841,0.10230478350435386,0.04249011088464231,0.030933299566994893,0.9978454188477198,0.3216124152230577,0.30236415646858233
exact_dose_reference,0.01,-0.02,87,-1.9974899289806447,31.449860362485072,True,0,0.15175106716922443,0.12298548664933322,0.05919615894723959,0.05092902970215047,0.9936744753718955,0.3900872662808183,0.41410601437357963
exact_dose_reference,0.01,-0.02,88,-2.0108509853369094,68.37101591229965,True,0,0.14549379746986305,0.1180091350689439,0.053994416653179236,0.04539524666711939,0.9935390039369739,0.3711114672387557,0.3846757002379379
exact_dose_reference,0.01,-0.02,89,-1.123503527975278,156.10181490671212,True,0,0.10293284926194042,0.06869931605583159,0.014316767226936191,3.207963862395124e-15,1.0025360645074373,0.1390884186106936,4.669571760784384e-14
exact_dose_reference,0.01,-0.02,90,-1.6492204651822995,37.74303613617625,True,0,0.13101173058969062,0.1017672874345229,0.03950592370195341,0.029707574527926977,0.9972056755062296,0.30154493436683255,0.29191673745888963
exact_dose_reference,0.01,-0.02,91,-1.2722630833712167,68.3271461695755,True,0,0.10819148081470521,0.07224123210484097,0.014645386665843205,3.6278431855298325e-15,1.0010277503524478,0.13536543317052582,5.021845668779404e-14
exact_dose_reference,0.01,-0.02,92,-2.625130822585997,41.981954979215324,True,0,0.13524676220508475,0.11434244723500299,0.046341020840378805,0.04348795130517471,0.9873106512696016,0.3426405193353794,0.38033077266394205
exact_dose_reference,0.01,-0.02,93,-1.9171381358034756,47.35075846147396,True,0,0.1129723844376399,0.08637347072605356,0.024009940439413267,0.015452386327795586,0.9944891843612127,0.2125292880993108,0.17890199615580057
exact_dose_reference,0.01,-0.02,94,-1.897319926250507,180.3552174015095,True,0,0.09316916329159093,0.06820081465571437,0.006484786314241396,6.605355285540088e-17,0.9946901266530589,0.06960228132505604,9.685155989535739e-16
exact_dose_reference,0.01,-0.02,95,-2.85633337561525,39.45017962069297,True,0,0.10877962889390946,0.08829953385893415,0.017037987270038576,0.016447490244702306,0.9849664248266309,0.15662847394575483,0.18626927601881274
exact_dose_reference,0.01,-0.02,96,-0.4290380478288558,52.926833892905975,True,0,0.1471564004793911,0.10368877811634991,0.05181544619989864,0.029000543150549278,1.0095774415206211,0.3521114000553124,0.27968834889738564
exact_dose_reference,0.01,-0.02,97,-1.1254152773156445,61.16065362247981,True,0,0.13143652357088373,0.09604555587886293,0.040187777358110625,0.02480161985091564,1.0025166807536798,0.30575806683168516,0.2582276673185856
exact_dose_reference,0.01,-0.02,98,-1.7127191132277564,64.51131540779355,True,0,0.10391995079279535,0.07343148499818812,0.013079441244951402,0.003234949202481185,0.9965618452029275,0.1258607336240019,0.044053980422171846
exact_dose_reference,0.01,-0.02,99,-2.681212852068693,40.748948356175134,True,0,0.11137415099673216,0.0907772845383033,0.021871869995496902,0.021671187352520428,0.9867420201071586,0.19638192345132802,0.23872918718312522
exact_dose_reference,0.01,-0.02,100,0.3737265539273782,45.19691622313686,True,0,0.11838174013912486,0.07054946910636292,0.028550854134838436,2.920468942007098e-16,1.017716893193024,0.24117616535527214,4.139604420841344e-15
exact_dose_reference,0.01,-0.02,101,-0.925566635159758,47.26560058238309,True,0,0.11909637993870271,0.08270680457238316,0.027795278048145307,0.010125257361646997,1.0045430012479624,0.2333847432008526,0.12242351054423335
exact_dose_reference,0.01,-0.02,102,-1.8716312187471273,55.85807736432472,True,0,0.12483764238073378,0.09563605921483882,0.032153660269934,0.023010002253561524,0.9949505915425082,0.2575638217507405,0.24059964873574913
exact_dose_reference,0.01,-0.02,103,-1.6811667300435595,67.82308331221432,True,0,0.13164678382761444,0.09905371667531536,0.0365212994242735,0.023661920590763774,0.9968817635171071,0.2774188503693072,0.23887968452838917
exact_dose_reference,0.01,-0.02,104,-1.5185472105223363,82.64904204402731,True,0,0.13657734027529922,0.10562958708381061,0.04664489563242024,0.03435956556342599,0.9985306076704699,0.3415273392965336,0.3252835357215188
exact_dose_reference,0.01,-0.02,105,-0.7326703554483838,65.26928475911197,True,0,0.10938169237566533,0.07130591916206394,0.019789768151989285,2.0227799089893873e-19,1.0064988298221946,0.18092395283136073,2.836762968291619e-18
exact_dose_reference,0.01,-0.02,106,-1.2779615423185064,53.07861246846189,True,0,0.10847189823022439,0.07576528655266315,0.01923797679760919,0.006210628970206518,1.00096997210574,0.1773544771640104,0.08197195909619659
exact_dose_reference,0.01,-0.02,107,-1.2951410057009616,43.24709607011011,True,0,0.12018263981096625,0.08426267565150153,0.02808239451860413,0.012086396098089435,1.000795784788993,0.23366431759840334,0.14343712687307789
exact_dose_reference,0.01,-0.02,108,-1.691226938185697,94.36835015719439,True,0,0.1429820884808745,0.11285406338399041,0.050899650227442535,0.04064952418978541,0.9967797602924905,0.35598619916823326,0.36019548584151373
exact_dose_reference,0.01,-0.02,109,-1.7836110256778115,40.964920519771255,True,0,0.11003825715236959,0.08335689828710244,0.022151677502940316,0.014181462249847378,0.9958430525530161,0.20130887271566802,0.17012943789010482
exact_dose_reference,0.01,-0.02,110,-1.7916977982172622,53.03556743898456,True,0,0.12186976729048968,0.0921205903377631,0.03141083491394378,0.021111302842479113,0.9957610585361816,0.25774099362209074,0.22917029477420678
exact_dose_reference,0.01,-0.02,111,-1.7499520469782648,62.49474127336306,True,0,0.12373485674809513,0.09362119653474141,0.03307323579784334,0.0220222828410175,0.9961843302200533,0.2672911794384285,0.23522753026175397
exact_dose_reference,0.01,-0.02,112,-1.6116534335616217,95.82477399702644,True,0,0.13617642417228693,0.10484759393929595,0.044571877396018866,0.03469255370576211,0.9975865779995423,0.327309794385757,0.33088554922727365
exact_dose_reference,0.01,-0.02,113,-1.4784727701128042,45.82697562658122,True,0,0.14713519991272947,0.11481425498408519,0.054855799091579914,0.04087184897270108,0.998936933472951,0.37282580323482495,0.35598235583522686
exact_dose_reference,0.01,-0.02,114,-2.786634849432801,29.091455262820556,True,0,0.13920054887798128,0.11796607350912978,0.047272994635307784,0.0471816370757814,0.9856731174040797,0.3396035074311795,0.39995937537185094
exact_dose_reference,0.01,-0.02,115,-2.3294761952606824,48.213580208774374,True,0,0.15582035484234305,0.13032747846634055,0.06315218856017552,0.05741558947758645,0.9903083750675519,0.4052884401660621,0.44054860995730133
exact_dose_reference,0.01,-0.02,116,-1.7011972383040752,55.258926820036784,True,0,0.11736504326126282,0.08789884773139509,0.026846659044755913,0.015572452766069169,0.9966786686701202,0.22874493374482355,0.1771633322618302
exact_dose_reference,0.01,-0.02,117,-1.3961947906855343,95.87487937723881,True,0,0.11379382383200325,0.08227157134750587,0.023935817527947743,0.009639950695958396,0.9997711725958347,0.21034373151292293,0.11717231770425689
exact_dose_reference,0.01,-0.02,118,0.10514492261277653,65.92496345454882,True,0,0.11859347573897253,0.07205813593764285,0.028387155360900054,1.7794122131081592e-20,1.0149936699674387,0.23936523644336857,2.469411940725214e-19
exact_dose_reference,0.01,-0.02,119,-2.091606670103907,45.13395205524961,True,0,0.11766325269313732,0.09177748483408535,0.02921770559861171,0.022148811209364586,0.9927201997794478,0.24831631737064688,0.24133164304300822
exact_dose_reference,0.01,-0.02,120,-2.4719922840980235,62.49750064974661,True,0,0.12088977176808587,0.0955768276467024,0.029143283661645873,0.024446311921089623,0.9888633651417359,0.24107319614726508,0.2557765571740345
exact_dose_reference,0.01,-0.02,121,0.5034236229913391,137.3157464520464,True,0,0.11847508109079487,0.06965081274129487,0.029564902851534874,3.021116801109325e-15,1.0190319275423076,0.24954532699477489,4.337518375170592e-14
exact_dose_reference,0.01,-0.02,122,-1.0397909340330913,56.45934821157562,True,0,0.11868890502965168,0.08354765292182,0.026966908375248816,0.01007454026582219,1.0033848495825057,0.22720664891559794,0.12058436010463965
exact_dose_reference,0.01,-0.02,123,-2.0707426785259164,124.53814257774067,True,0,0.11139122948221268,0.08273762709852886,0.019056230129253948,0.010731110989474567,0.992931745543637,0.171074780463725,0.12970049257873115
exact_dose_reference,0.01,-0.02,124,0.4900794274349751,303.01554258441445,True,0,0.12077590145691762,0.07343409165016515,0.03012857808875576,0.00241250420746042,1.0188966270636861,0.2494585238057861,0.03285264586581149
exact_dose_reference,0.01,-0.02,125,-0.6981995403437136,58.64365543538461,True,0,0.11078187312260773,0.07115322187846297,0.020402397819597056,8.942605808590344e-18,1.0068483389224203,0.18416729420179348,1.2568096809256557e-16
exact_dose_reference,0.01,-0.02,126,-2.0632217209734294,78.6352200383131,True,0,0.14464208975176035,0.11708145952397336,0.05360874895209636,0.04503294017002194,0.9930080026062861,0.37063035416662954,0.38462913217101713
exact_dose_reference,0.01,-0.02,127,-0.2140918266586911,39.03327956589868,True,0,0.13299531158387368,0.08811581102099925,0.04089897533383461,0.01577249492157559,1.0117568405319286,0.3075219332678627,0.1789973302046415
exact_dose_reference,0.01,-0.02,128,-0.7486091318787857,70.39939180551825,True,0,0.1642326523200971,0.12187854050069881,0.06678173535450141,0.04584465865979568,1.006337222172594,0.4066288549267334,0.3761503745569781
exact_dose_reference,0.01,-0.02,129,-2.1410883615346155,56.837787426895446,True,0,0.15946352496363883,0.13254887343992522,0.0661329778413948,0.05950599710962792,0.992218491264663,0.4147216603701352,0.4489362720732415
exact_dose_reference,0.01,-0.02,130,-2.041313164514158,76.12851104891502,True,0,0.1615335061953135,0.13182619346094143,0.06731282991021266,0.058719509749204805,0.993230139501862,0.41671125387957175,0.4454312774084819
exact_dose_reference,0.01,-0.02,131,-2.323046435462084,43.700510857311414,True,0,0.1443397337996659,0.1176040667412209,0.051580554515959214,0.04418256330405158,0.9903735681752591,0.3573552005267631,0.37568907715812294
exact_dose_reference,0.01,-0.02,132,-2.0751055254841777,30.007502097438156,True,0,0.1375637227923608,0.10972493072085011,0.04586743485230541,0.038091984435020224,0.9928875094352022,0.33342682155772924,0.34715888344399676
exact_dose_reference,0.01,-0.02,133,-1.8174859972103774,90.54667537966353,True,0,0.12233303727278699,0.09442548846156487,0.03236323247574133,0.023955718378407213,0.9954995848750814,0.26455022451192367,0.253699703000829
exact_dose_reference,0.01,-0.02,134,-0.8984701413420226,80.37875925367285,True,0,0.1361093397619398,0.09912038465381215,0.045694875394593354,0.027501890316302867,1.0048177400710725,0.335721820960379,0.2774594793226032
exact_dose_reference,0.01,-0.02,135,-1.115605798243935,56.33090782912052,True,0,0.10365569738292815,0.07016055286062196,0.015177420142512124,0.0012251033370569867,1.002616141767109,0.146421475381553,0.017461426501166916
exact_dose_reference,0.01,-0.02,136,1.0404216651768605,48.11545217811016,True,0,0.128784504586716,0.07233366343317238,0.036531883807960165,1.0370335612224681e-14,1.0244766987778378,0.2836667650754654,1.433680408266011e-13
exact_dose_reference,0.01,-0.02,137,-0.8037619666056428,57.53941779237037,True,0,0.10902933025654248,0.07043664299061102,0.018924047396090483,7.641910345723255e-17,1.0057780123720208,0.17356840908371,1.0849339237734396e-15
exact_dose_reference,0.01,-0.02,138,-1.3704787272051266,26.804533932051555,True,0,0.1367570894344875,0.10183488226364372,0.044709123974429096,0.028294473600653357,1.000031914855079,0.3269236290367724,0.27784657841898275
exact_dose_reference,0.01,-0.02,139,-0.806101572744744,57.31943079386289,True,0,0.1271102524523483,0.08768319563274984,0.03395359979280845,0.012739897353739807,1.0057542904601926,0.2671192853270206,0.14529462871197443
exact_dose_reference,0.01,-0.02,140,-0.5622587010794433,35.21996546743371,True,0,0.1101589219986235,0.07135955429989314,0.021014113350978414,2.275487385985276e-18,1.0082266805795845,0.19076179187048506,3.188763450542857e-17
exact_dose_reference,0.01,-0.02,141,-1.0612320109076423,58.04320270803539,True,0,0.10896552405908357,0.07356520523588804,0.018159387292560787,3.6432139173747967e-19,1.0031674525913543,0.16665259447304046,4.952360162243511e-18
exact_dose_reference,0.01,-0.02,142,-0.1934003840049603,162.64349273435136,True,0,0.12606586226037927,0.08308188054483692,0.035473313875000884,0.01319238797307927,1.0119666367749915,0.28138715143782145,0.1587877872595784
exact_dose_reference,0.01,-0.02,143,-1.4240480326293659,122.2699632796024,True,0,0.09940338183217581,0.06842335382544605,0.0120542475043827,3.1578217098601083e-17,0.9994887608947887,0.12126596985134834,4.615122663989823e-16
exact_dose_reference,0.01,-0.02,144,-1.1040437728492947,75.24230545298838,True,0,0.14593314456140505,0.10844103124930628,0.0521180607525932,0.03416756448074274,1.0027333723309988,0.3571365566693672,0.3150796712933447
exact_dose_reference,0.01,-0.02,145,-0.5969359780104933,46.93290715877802,True,0,0.12367940891889534,0.08363431151150802,0.032052474621172035,0.012105603301890163,1.007875078105966,0.25915772804340403,0.1447444605342921
exact_dose_reference,0.01,-0.02,146,-1.882413849129616,40.16144489282776,True,0,0.1533683777810605,0.12231691512953526,0.059937556726687415,0.04899304859534505,0.9948412634795771,0.3908077896752007,0.40054189188356126
exact_dose_reference,0.01,-0.02,147,-2.2145652816761174,62.577723277858006,True,0,0.1390608819498463,0.11254766472996265,0.04681939316499827,0.03937684450832473,0.9914734885089107,0.3366826997536529,0.3498681612168693
exact_dose_reference,0.01,-0.02,148,-0.9449518009746583,82.35475991127062,True,0,0.13185412974408736,0.0948548097648482,0.03885763913399842,0.02228196499909986,1.004346449705995,0.29470172234587055,0.23490601113784776
exact_dose_reference,0.01,-0.02,149,-1.8073194638442591,54.672209304219955,True,0,0.1105954457215752,0.08309158122164297,0.02023533981668793,0.013499428759622588,0.9956026661604649,0.18296720705507655,0.1624644586268431
exact_dose_reference,0.01,-0.02,150,-2.5424599747669197,119.19366958934086,True,0,0.13948110532660224,0.11743374863278826,0.0497188874923548,0.045454248792793216,0.9881488737934496,0.3564560760823873,0.3870629126804703
exact_dose_reference,0.01,-0.02,151,-1.2896490567250618,68.39849573475061,True,0,0.1736197462144965,0.1390476842333914,0.07990140551956847,0.06505169640398956,1.0008514691741526,0.4602092058172646,0.46783732330845834
exact_dose_reference,0.01,-0.02,152,-0.5125002931672396,82.62272824487434,True,0,0.13333323686679605,0.09192526954371193,0.04123126216985232,0.017883503772153496,1.0087311947990842,0.3092346900048905,0.19454393618774873
exact_dose_reference,0.01,-0.02,153,-2.7409415089301614,114.67682575785952,True,0,0.12685702317822029,0.10590516615149569,0.03661153304451782,0.03498806807500561,0.9861364147841064,0.28860469942671296,0.33037168389836363
exact_dose_reference,0.01,-0.02,154,-1.597228583162047,42.86592674632411,True,0,0.1013249692408871,0.07060853163062666,0.011210034167603859,4.2564322739263934e-17,0.9977328355356272,0.11063446899207481,6.028212420834642e-16
exact_dose_reference,0.01,-0.02,155,-2.072076129404199,39.770307867537056,True,0,0.12958562659401676,0.10203580094351818,0.03745001815009901,0.030533831812881516,0.9929182253174617,0.2889982410427929,0.29924625994540377
exact_dose_reference,0.01,-0.02,156,-3.0596541347661876,56.68393706173015,True,0,0.1321635525003785,0.11247992084330291,0.0403222149024974,0.04040073966462294,0.9829048995806436,0.3050933040134641,0.3591817931744963
exact_dose_reference,0.01,-0.02,157,-2.1368302321173704,40.785385439274194,True,0,0.1319776644406455,0.10591085633164514,0.04143198290132229,0.03439967380117171,0.9922616656130718,0.313931778357508,0.32479837282642593
exact_dose_reference,0.01,-0.02,158,-1.3574810975004903,47.42618380469014,True,0,0.13306775527989048,0.09847903529837404,0.04158433330837821,0.026766179432386152,1.0001637014069589,0.3125049582516144,0.2717957111510015
exact_dose_reference,0.01,-0.02,159,-2.5263974504407094,41.6587930336662,True,0,0.13359348097024643,0.11159642363486168,0.04211658214434243,0.038393047540447804,0.9883117361570914,0.3152592614434721,0.34403474851549076
exact_dose_reference,0.01,-0.02,160,-1.9052471501022294,40.88077705348465,True,0,0.09744527944421859,0.07053831500230649,0.008088103973261289,1.760661085538685e-17,0.9946097503443674,0.0830014960128595,2.496035077505203e-16
exact_dose_reference,0.01,-0.02,161,-1.9528730182674203,39.95045711558665,True,0,0.12919788858266762,0.10014046179261195,0.03594148848554173,0.026932394146524614,0.9941268585334445,0.2781894416373877,0.2689461748468949
exact_dose_reference,0.01,-0.02,162,0.8674926285203499,60.48115001159,True,0,0.12477019891832417,0.07194250878791922,0.03389364604058011,1.1187911114818697e-21,1.022723323587226,0.27164856940532117,1.555118288660153e-20
exact_dose_reference,0.01,-0.02,163,-2.867769412341248,81.99909209484795,True,0,0.125138197093588,0.10383581326060762,0.03169212666594456,0.031869066977507826,0.9848504716965957,0.2532570182567257,0.3069178732921626
exact_dose_reference,0.01,-0.02,164,-1.2503486347916204,130.70394754279235,True,0,0.14092975729261265,0.10679499659995864,0.05019041409090509,0.03569183652866865,1.0012499469898566,0.35613780265508205,0.3342088830468905
exact_dose_reference,0.01,-0.02,165,-1.7281869798100202,51.1724107185889,True,0,0.12497819386066254,0.09471769275250772,0.03448168245423599,0.022605495429102937,0.9964050122381379,0.2759015904220813,0.23866180406410334
exact_dose_reference,0.01,-0.02,166,-1.8330197115155378,47.62394204080576,True,0,0.15803037036604806,0.12776261805667144,0.06586672335480229,0.0552198387440147,0.9953420842620709,0.41679788006719365,0.43220653727932323
exact_dose_reference,0.01,-0.02,167,-2.265463630673381,78.98371975185574,True,0,0.13937683519844773,0.11454498125070578,0.0480467628106875,0.04209373165487352,0.9909574161123925,0.3447255976380687,0.36748647732319706
exact_dose_reference,0.01,-0.02,168,-2.0150909170491005,85.78269604733441,True,0,0.17016782787344872,0.14021162740050505,0.07560526308476691,0.06668740083012123,0.993496014100115,0.44429822034863964,0.47561961918916446
exact_dose_reference,0.01,-0.02,169,-1.9762021321756862,28.604612054874295,True,0,0.12165244768119327,0.09244840114521488,0.028207547471162175,0.018800526588375124,0.9938903182141519,0.23186995419182915,0.20336237680134545
exact_dose_reference,0.01,-0.02,170,-0.702009084479438,58.62021922636409,True,0,0.14194551591023893,0.10273407391720206,0.048902015804046815,0.030313442703453437,1.0068097129038853,0.34451257928408696,0.2950670750960814
exact_dose_reference,0.01,-0.02,171,-2.0490327479654846,149.64150107059305,True,0,0.15929014713671585,0.1319641942849411,0.0658654553882959,0.058333534766744674,0.9931518685164502,0.4134935937485497,0.4420406238436854
exact_dose_reference,0.01,-0.02,172,-2.0984475102712397,42.364727488000526,True,0,0.1282966249354089,0.10125800288446887,0.03654020981057817,0.029326937807056003,0.9926508386145201,0.28481037462189196,0.28962587619387287
exact_dose_reference,0.01,-0.02,173,-0.9510469867148763,67.96805410402527,True,0,0.1321757318898953,0.09411544119460218,0.03998603334307777,0.021414060280207845,1.00428464893693,0.3025217471569353,0.22752972316126177
exact_dose_reference,0.01,-0.02,174,-1.2997924564444596,48.56001935810713,True,0,0.12510200783780218,0.09030701815728122,0.03201848737105366,0.017251958968314055,1.0007486224471926,0.2559390366665131,0.19103674687018857
exact_dose_reference,0.01,-0.02,175,-2.7443930563238017,72.87888259589103,True,0,0.14575420964819366,0.12607616070465563,0.05644008342163903,0.053061662209857245,0.9861014185932628,0.387227810146055,0.4208699084211392
exact_dose_reference,0.01,-0.02,176,-0.9773983057497659,37.73648817627531,True,0,0.10664779859663612,0.06874360162639012,0.016999835356188896,4.970809251433727e-20,1.004017465646437,0.15940165272877094,7.23094096589416e-19
exact_dose_reference,0.01,-0.02,177,-1.9696546259453163,47.68092213152288,True,0,0.1409624513041267,0.11233378553171766,0.04803427337175607,0.039426725702162796,0.9939567051854012,0.3407593506452442,0.3509783411601542
exact_dose_reference,0.01,-0.02,178,-1.2336891364321034,54.88397212148769,True,0,0.11275972158471939,0.07804278096012676,0.02151732178390604,0.007539306769031576,1.0014188622378473,0.190824538066454,0.09660479388713124
exact_dose_reference,0.01,-0.02,179,-1.095323792877212,70.06292169486562,True,0,0.12940306864662357,0.09522913006693914,0.04085894003845082,0.02387905970965896,1.00282178661261,0.3157493903798311,0.2507537314776867
exact_dose_reference,0.01,-0.02,180,-1.9107058741461125,46.65234771723459,True,0,0.12142997467825709,0.09239642640014577,0.02886295764739512,0.020995834002245688,0.9945544028359559,0.23769219851911275,0.22723642915926198
exact_dose_reference,0.01,-0.02,181,-2.135979577245517,49.749287912078394,True,0,0.10394542733494692,0.07887546125161808,0.015682981755473308,0.00820388072574708,0.9922702906373992,0.15087707230196376,0.10401055785367953
exact_dose_reference,0.01,-0.02,182,-1.6653798987095514,64.88665695304672,True,0,0.14294802960169065,0.10802012645020762,0.04643494450416874,0.033770310508050246,0.9970418305534742,0.3248379472844413,0.31262979981435984
exact_dose_reference,0.01,-0.02,183,-1.364238587067057,134.40788868394463,True,0,0.09876188559655821,0.06778220183606168,0.013036256047216326,7.85902196391209e-15,1.0000951853567575,0.13199683226451714,1.1594521498313015e-13
exact_dose_reference,0.01,-0.02,184,-2.4914394842799115,33.17835034211764,True,0,0.1626895384340065,0.13852627499991835,0.06934211905670129,0.06474179832312299,0.9886661846162148,0.4262235895692167,0.46736114374808063
exact_dose_reference,0.01,-0.02,185,-1.675249675516055,51.238758303176134,True,0,0.10122308246858454,0.06989803929912031,0.011507434034447254,9.678394124901535e-17,0.996941758164684,0.11368389258466503,1.3846445797261928e-15
exact_dose_reference,0.01,-0.02,186,-0.1226200941937039,73.6217157880566,True,0,0.11207468817654571,0.06935530043468882,0.024106222427775437,2.430437891755112e-17,1.0126842976521864,0.21509069371490996,3.504328979215987e-16
exact_dose_reference,0.01,-0.02,187,-2.9038376755380013,41.17243414723684,True,0,0.13206626814595246,0.11281137894556771,0.04154926160873266,0.04092462112965754,0.9844847656296426,0.3146091897047827,0.36277032966154915
exact_dose_reference,0.01,-0.02,188,-2.0134402508365845,52.015676071407064,True,0,0.13129713363374707,0.10482186734392956,0.04101748838772962,0.03391819427400521,0.9935127506600413,0.31240200949205615,0.3235793745470752
exact_dose_reference,0.01,-0.02,189,-0.9324741498790701,41.60116653361812,True,0,0.10886842630934929,0.07156838786627416,0.017229150911092235,7.41578791646441e-16,1.0044729640513654,0.15825663597024595,1.0361820543339389e-14
exact_dose_reference,0.01,-0.02,190,-1.8608904143912919,105.42160649867567,True,0,0.11416349579208625,0.08483512358494107,0.02375744808165076,0.012759424283756378,0.9950594955198209,0.20810021554453498,0.15040261326408064
exact_dose_reference,0.01,-0.02,191,-0.6135502061376141,39.54759897538701,True,0,0.12046605288258973,0.08023757440703765,0.029080468892729815,0.009136004033817792,1.0077066218653457,0.2413996988933689,0.1138619169551625
exact_dose_reference,0.01,-0.02,192,-3.0892071946840183,74.15532184218475,True,0,0.16548406163040666,0.14560855653443164,0.07237832351592949,0.07267644210003668,0.9826052529564072,0.4373733808732576,0.49912205594079284
exact_dose_reference,0.01,-0.02,193,-2.075788205500251,68.14347927271166,True,0,0.13440256864680314,0.10578602803627282,0.04289775761672518,0.034854096676254845,0.9928805875542593,0.3191736441396169,0.3294773168371892
exact_dose_reference,0.01,-0.02,194,-1.4371186889525545,162.73222008029725,True,0,0.11706176031726304,0.08740457631460756,0.027519669357599936,0.016485625335069382,0.999356233905885,0.23508675491480394,0.18861283962673026
exact_dose_reference,0.01,-0.02,195,-2.7928982829349414,34.434353137502086,True,0,0.1469343863234945,0.1255834646418161,0.055815266560881566,0.05402044733870329,0.9856096107245593,0.3798652443274731,0.4301557334222156
exact_dose_reference,0.01,-0.02,196,-2.2144185787038806,35.07877448652667,True,0,0.10860607061824473,0.08071528987082281,0.01689882271343712,0.009810057794704789,0.9914749759708019,0.15559740461320296,0.1215390269972995
exact_dose_reference,0.01,-0.02,197,-0.7762882100396551,52.588800849895094,True,0,0.1421613681653996,0.10221589599716066,0.049846233670789636,0.029814598873970633,1.0060565763661717,0.35063135867400597,0.29168260555871683
exact_dose_reference,0.01,-0.02,198,-0.5389420464551153,49.872610341202574,True,0,0.14003176828329997,0.09810882648209154,0.047662988839383615,0.027130840970623522,1.0084630945707616,0.3403726841680385,0.27653822743029033
exact_dose_reference,0.01,-0.02,199,-1.9857798630284251,53.20557112536415,True,0,0.13293852153014324,0.10423620874352324,0.03877601623378229,0.029847192128190994,0.9937932069598232,0.2916838233753788,0.28634188146300515
exact_dose_reference,0.01,-0.02,200,-0.4353503767820843,103.62641991011965,True,0,0.11726940885971292,0.0768937373791417,0.028602222853454734,0.007240024197454422,1.0095134390766385,0.2439018251355817,0.09415622707680173
exact_dose_reference,0.01,-0.02,201,-1.0645007090998693,35.61083550759129,True,0,0.12174818016802096,0.08704513643444925,0.03168896278977505,0.0156367750057802,1.0031343103589874,0.26028284567409615,0.17963984716774758
exact_dose_reference,0.01,-0.02,202,-2.9642105584112177,36.96575321353552,True,0,0.12360236660114517,0.10636202087552651,0.03428271439173951,0.03583029942947709,0.9838726283214015,0.2773629286756867,0.3368711795294734
exact_dose_reference,0.01,-0.02,203,-2.6808612433804613,76.33599285454636,True,0,0.11608718440876335,0.09342271594285152,0.02473342641784233,0.021701591335578602,0.9867455851646104,0.21305906025553686,0.23229458827608784
exact_dose_reference,0.01,-0.02,204,-1.383254967865144,98.60801492616011,True,0,0.10687435912562471,0.0733977578202066,0.015124890615479636,5.714197983810249e-21,0.9999023730277741,0.14152029297973326,7.785248696298886e-20
exact_dose_reference,0.01,-0.02,205,-0.6904584000677616,100.82712022280828,True,0,0.12868298439855666,0.09019266375755115,0.038563332327187665,0.02135103444700666,1.0069268284784216,0.29967701252365575,0.23672695269762556
exact_dose_reference,0.01,-0.02,206,-1.129361110287952,178.16207085281152,True,0,0.10847699744479926,0.07514276505680506,0.020956153257014113,0.006644408643072912,1.002476672865047,0.19318522590633172,0.08842379752794555
exact_dose_reference,0.01,-0.02,207,-1.033223580626097,164.71912017818434,True,0,0.11912436328862666,0.08302821134995035,0.027960421435478146,0.01318463720295044,1.003451437789752,0.23471622985914967,0.15879707618148423
exact_dose_reference,0.01,-0.02,208,-2.5258506724668006,51.19962524903987,True,0,0.12835791723764256,0.10595001781896038,0.03784252568539825,0.03513767776770298,0.9883172800897516,0.29482034688469105,0.331643906164732
exact_dose_reference,0.01,-0.02,209,-1.0631034324718236,125.44772417956158,True,0,0.1010144042796169,0.06947002756518836,0.013957459546790828,2.926194972428646e-14,1.0031484777320405,0.13817296301778242,4.2121690101285795e-13
exact_dose_reference,0.01,-0.02,210,-2.557545315599752,52.24400783068275,True,0,0.10485759730208008,0.08216706177427235,0.013955926200978559,0.011274383765479346,0.9879959193627212,0.13309408721976992,0.13721293571932874
exact_dose_reference,0.01,-0.02,211,-1.5451786976580562,64.97754046820273,True,0,0.12581259647032683,0.09186010853654247,0.03299941838757991,0.02005913198008855,0.9982605836783417,0.262290257997838,0.21836608185705456
exact_dose_reference,0.01,-0.02,212,-2.460732933993859,37.826570701076676,True,0,0.12730701663043045,0.10452664599925796,0.03717019362873695,0.03295959831714119,0.9889775267973882,0.2919728590973208,0.3153224520126205
exact_dose_reference,0.01,-0.02,213,-0.8194712567631046,41.83008404650679,True,0,0.1616659722542966,0.12130452074194337,0.06705249140729261,0.04722499218645517,1.005618731547026,0.41475946033851013,0.3893094164801908
exact_dose_reference,0.01,-0.02,214,-0.40472090745475864,53.629429693306,True,0,0.1123362411973752,0.0709877995677937,0.02243335834562744,6.11662211177454e-15,1.009823999712715,0.199698317359684,8.616441344872418e-14
exact_dose_reference,0.01,-0.02,215,-1.948761045140468,44.46287206913581,True,0,0.09638931064109277,0.07024578090893434,0.0069357229898173636,2.9952248388479678e-15,0.9941685509629211,0.0719553127176378,4.263921334622126e-14
exact_dose_reference,0.01,-0.02,216,-0.9859837669928595,121.48455087256123,True,0,0.11764707658592621,0.07985712626873709,0.024835119938750514,0.005608596695755456,1.0039304152873147,0.21109848760765101,0.07023288913354175
exact_dose_reference,0.01,-0.02,217,-1.9830863763487305,217.46303565035663,True,0,0.09333266555432101,0.06731395690969853,0.007254009192924173,2.9983867747999583e-15,0.9938205169640407,0.07772208315107244,4.454331482581369e-14
exact_dose_reference,0.01,-0.02,218,-0.5359776276439687,68.02816442211676,True,0,0.1253563772309237,0.08361952004215373,0.03300509192704886,0.0104544892809918,1.0084931516305737,0.26329009066885317,0.12502450714524013
exact_dose_reference,0.01,-0.02,219,-0.44226382206700166,59.39371680331794,True,0,0.10816729445889683,0.0684414294467367,0.020843139796894998,9.042482716859967e-15,1.0094433417484014,0.19269354846270387,1.3212001546369098e-13
exact_dose_reference,0.01,-0.02,220,-0.9457678875402387,57.779917300123294,True,0,0.13400330203173924,0.09693400454255047,0.04229497374167213,0.02574800027737195,1.0043381751792577,0.31562635472709766,0.26562402326079
exact_dose_reference,0.01,-0.02,221,-2.117739295803711,61.70107913065742,True,0,0.1579194852446634,0.12952998724445947,0.06574434745638943,0.057949213786244014,0.9924552338809874,0.41631561396323097,0.4473806800959346
exact_dose_reference,0.01,-0.02,222,0.6466645200157384,72.29869519200734,True,0,0.11953801797713119,0.06827198228954748,0.02965611398210018,9.178909431437703e-16,1.0204842864982098,0.24808939017019413,1.3444621239367477e-14
exact_dose_reference,0.01,-0.02,223,-2.454712609390708,48.19266750822461,True,0,0.12713376463245699,0.10386228258452501,0.036876891067259915,0.03233432900031804,0.9890385685287405,0.29006370710307217,0.31131926042549446
exact_dose_reference,0.01,-0.02,224,-3.4965103197457714,60.92257696995556,True,0,0.15474832095095173,0.13909967391178182,0.062231675916939976,0.06672713380490455,0.9784754942510456,0.4021476648955992,0.4797073345205932
exact_dose_reference,0.01,-0.02,225,-1.9481256545887615,22.319550187401155,True,0,0.13650461740618153,0.10840514379093513,0.045306776694131974,0.037356637356468686,0.994174993362944,0.331906550525816,0.3446020737587219
exact_dose_reference,0.01,-0.02,226,-2.271023106584902,60.27176103224087,True,0,0.12641271259718384,0.1023795559907021,0.036515779611679275,0.03144517026705047,0.9909010470530111,0.2888616094176968,0.3071430615493806
exact_dose_reference,0.01,-0.02,227,-2.0852076239796347,103.86711263286634,True,0,0.14758363433562607,0.12061003164277424,0.05461206557706877,0.049157089673927366,0.9927850814727414,0.3700414739270697,0.40757048982063154
exact_dose_reference,0.01,-0.02,228,-2.3351137527797494,58.97878794444766,True,0,0.1166366261113337,0.09233620752585472,0.0260002154575218,0.022255030708297614,0.9902512143172193,0.22291638848249684,0.24102171081767748
exact_dose_reference,0.01,-0.02,229,-1.031666781150764,67.91109024611406,True,0,0.11573241602921733,0.07700564654112821,0.0208017283200267,0.0025318259036702716,1.003467222608945,0.17973986056573107,0.03287844485946936
exact_dose_reference,0.01,-0.02,230,-1.4787895846942511,35.524070757269556,True,0,0.15805253864563815,0.12382787430798722,0.06474443724275454,0.05110345677247453,0.998933721202543,0.4096387049366848,0.4126975211200748
exact_dose_reference,0.01,-0.02,231,-0.2886292502240484,24.426656104455297,True,0,0.11179304868926893,0.06922838097749563,0.022814295556979128,9.258851932454304e-20,1.011001085039511,0.2040761552213495,1.337435861090572e-18
exact_dose_reference,0.01,-0.02,232,-0.5753003263120227,82.74015285258267,True,0,0.11008690722933526,0.07097138479109735,0.021764849042330815,0.0022846008742314146,1.0080944479449143,0.19770606323774584,0.03219045085503242
exact_dose_reference,0.01,-0.02,233,-1.8738966612440233,95.8963023314081,True,0,0.12230628436054757,0.09540371821024887,0.031493633764831185,0.02436731017820045,0.9949276215963002,0.25749808302565125,0.25541258386282434
exact_dose_reference,0.01,-0.02,234,-1.8643212151978839,47.04786784580493,True,0,0.14316904371647335,0.11403988625161357,0.05035221506631212,0.041671512908679965,0.9950247096843445,0.35169764188708125,0.3654117368789496
exact_dose_reference,0.01,-0.02,235,-1.702974915683686,105.98168327464154,True,0,0.17619727283510905,0.1446939246332313,0.08256149684708314,0.0699563030703748,0.9966606443089454,0.4685742038944427,0.4834778187660562
exact_dose_reference,0.01,-0.02,236,-3.5734909755586797,58.19846587528457,True,0,0.11119839710569825,0.09662211859977894,0.019942821017996683,0.0250296047534442,0.9776949661531098,0.17934450079384043,0.2590463251703266
exact_dose_reference,0.01,-0.02,237,-0.8099107510561976,134.1946634888232,True,0,0.11524790627193045,0.07510325913694568,0.020911219556104987,3.900793933951425e-16,1.0057156681508508,0.18144554840557725,5.193907666295271e-15
exact_dose_reference,0.01,-0.02,238,0.12575037777973197,97.78507374170673,True,0,0.12423856341167754,0.07475261095360425,0.02954979047547061,2.558861903060033e-17,1.0152025943596608,0.237847168093487,3.42310705996371e-16
exact_dose_reference,0.01,-0.02,239,-0.2074496927933156,102.64377640012597,True,0,0.11757664640633658,0.07343750904706216,0.02413942391245581,8.875575108420075e-15,1.0118241869588644,0.20530798122130195,1.2085888020428627e-13
exact_dose_reference,0.01,-0.02,240,-1.206379260744972,117.9326622140942,True,0,0.10140981869147445,0.06778203303652947,0.014929846964604965,7.439474223635577e-16,1.0016957645985747,0.14722289377152906,1.0975584370014771e-14
exact_dose_reference,0.01,-0.02,241,-2.00222156296902,48.901972902335956,True,0,0.14957386083876392,0.12096376912999754,0.057837408335471636,0.04895436499964835,0.9936265000300635,0.38668125574306467,0.40470270851958984
exact_dose_reference,0.01,-0.02,242,-1.6175128934164285,47.28633890482459,True,0,0.12050347076915113,0.09033977947304851,0.030866191099309322,0.020047890885585753,0.9975271673202345,0.25614358575978097,0.2219165355785126
exact_dose_reference,0.01,-0.02,243,-0.971104372901821,123.08167586407653,True,0,0.1247869870049778,0.08935118414630937,0.03560558757269597,0.019580100073962155,1.004081281567235,0.2853309341564249,0.21913643631068663
exact_dose_reference,0.01,-0.02,244,-0.9029424216552062,98.29128586733665,True,0,0.10825515244705812,0.07139977319306826,0.018626886799087403,1.0365412744054493e-14,1.0047723943876743,0.1720646673902827,1.4517430911196234e-13
exact_dose_reference,0.01,-0.02,245,-1.6521966541442112,43.603243051068276,True,0,0.12553373295541995,0.09565753028767796,0.03546126325380035,0.024727263888460527,0.997175499105613,0.2824839381331351,0.2584978288075847
exact_dose_reference,0.01,-0.02,246,-1.1792604421590913,38.07178977672821,True,0,0.12093259585703175,0.08538604018692564,0.028285711385147544,0.0112948898188672,1.0019707297786655,0.23389650395487513,0.13228028602966743
exact_dose_reference,0.01,-0.02,247,-1.311699413815215,52.417103651126965,True,0,0.150849910029524,0.11621592489074352,0.05939452736507439,0.044816486612380226,1.0006278945228764,0.3937326005262438,0.3856312003239912
exact_dose_reference,0.01,-0.02,248,-0.6449778758006341,48.408150231731156,True,0,0.13216689190581432,0.09209364997510591,0.04065360293337291,0.01876968931409127,1.007387968055949,0.30759294061589765,0.2038108959647593
exact_dose_reference,0.01,-0.02,249,-1.583989283025733,90.57256607553578,True,0,0.1680693939254809,0.13485204498114403,0.07399199823432491,0.06065511000579519,0.9978670724506583,0.44024671301624196,0.4497900644686287
exact_dose_reference,0.01,-0.02,250,-0.4575821744978059,95.9269088970448,True,0,0.11632770452133777,0.07259546900846603,0.022546511544988542,3.084855045325538e-18,1.0092880247488245,0.19381893279646792,4.249376837782789e-17
exact_dose_reference,0.01,-0.02,251,-1.7734246471226678,56.48216618764468,True,0,0.11746043071854174,0.08655397250028224,0.023877598678666196,0.013069670098725703,0.9959463350542437,0.20328206301134388,0.15100023397173462
exact_dose_reference,0.01,-0.02,252,-0.8063365659066846,37.82089557616622,True,0,0.15504655921063365,0.11426725462368886,0.06156080607142874,0.04156367128137417,1.0057519077997206,0.39704722494226546,0.363740875881318
exact_dose_reference,0.01,-0.02,253,-0.7435538931544583,42.3920350876208,True,0,0.10720523267959346,0.0700794820260483,0.019129393430786654,1.4834518305911682e-16,1.006388478632083,0.17843712431424943,2.116813349219354e-15
exact_dose_reference,0.01,-0.02,254,-0.33818149629737393,84.27427506820953,True,0,0.11528046800499718,0.07209737022388908,0.02329337308307849,3.8548700947056904e-16,1.0104986611517481,0.2020582800034154,5.346755481836423e-15
exact_dose_reference,0.01,-0.02,255,-1.0086358755516445,61.29471555554714,True,0,0.15240641281670703,0.1151399628050824,0.060695307575905744,0.043606414735825695,1.0037007393119555,0.39824641531916055,0.3787252807233047
exact_dose_reference,0.01,-0.02,256,-1.629924964111129,179.1519006607147,True,0,0.10332256871697365,0.07218558288456921,0.01217249356186448,1.584746448569909e-17,0.9974013179126336,0.11781059755887394,2.195378059222783e-16
exact_dose_reference,0.01,-0.02,257,-1.8108751123853906,28.903837334990378,True,0,0.13628365422713115,0.10618591316234031,0.04411992155212977,0.03266618847267495,0.9955666144593793,0.3237359740780009,0.30763203422975577
exact_dose_reference,0.01,-0.02,258,-1.8048881449574505,42.34317793132643,True,0,0.11301491076452318,0.08316016517216528,0.021574828909632044,0.011018335249904728,0.9956273179731334,0.19090249918070684,0.13249535071381388
exact_dose_reference,0.01,-0.02,259,-1.1202879902900253,77.51536481407771,True,0,0.16390562553760654,0.1256684653722141,0.06935131465014582,0.05197307779486535,1.0025686677307641,0.42311735440852116,0.413572948797677
exact_dose_reference,0.01,-0.02,260,-0.4817413977847962,126.83391553624276,True,0,0.10894941405014837,0.07140234177082376,0.02075414301264301,0.0012454146353581544,1.0090430677216249,0.19049338808825605,0.017442209939773325
exact_dose_reference,0.01,-0.02,261,-0.033957829078767876,39.91392012894507,True,0,0.12397247835634077,0.0788251123393792,0.033117512976409594,0.00828719899386878,1.0135832688082265,0.26713600805186893,0.10513399534641307
exact_dose_reference,0.01,-0.02,262,-0.28735405322120045,45.932370378708,True,0,0.16832375520671825,0.12217280988201859,0.07206364929131613,0.04593507451302661,1.0110140146135789,0.428125247103802,0.3759844318665158
exact_dose_reference,0.01,-0.02,263,-2.2052010159194224,52.010225997840536,True,0,0.14256358807022748,0.11530651315622682,0.04997313956820776,0.043008851729158686,0.9915684353817641,0.35053227997874714,0.37299585731888996
exact_dose_reference,0.01,-0.02,264,-1.5883292175051245,53.11823464803153,True,0,0.14103609570127235,0.10879961850710125,0.04923783363028894,0.03561955927800914,0.9978230686581653,0.34911512110048254,0.32738680306755197
exact_dose_reference,0.01,-0.02,265,-2.1321279132371695,41.759900200912824,True,0,0.14058501947392676,0.1124228336212606,0.047387221646222735,0.03991853631717104,0.9923093437209379,0.3370716298475264,0.35507498816167476
exact_dose_reference,0.01,-0.02,266,-2.5274425585124938,43.622708660802175,True,0,0.11184835340573734,0.08938124384792176,0.02219220373768713,0.020686524409369987,0.9883011395181464,0.19841332538158551,0.23144144698374522
exact_dose_reference,0.01,-0.02,267,-0.8332707362005309,105.2741569683582,True,0,0.11159668698777715,0.07260773232813716,0.01904591358150403,2.898666628531899e-19,1.0054788148195823,0.17066737459320877,3.992228562423508e-18
exact_dose_reference,0.01,-0.02,268,0.17917124035646825,164.0821525217524,True,0,0.1137090041239963,0.06858341992901947,0.02517928619859666,3.560410523613114e-14,1.0157442432169848,0.2214361685125603,5.191357513664334e-13
exact_dose_reference,0.01,-0.02,269,-1.8881670639888881,67.49449601099974,True,0,0.12973306034382043,0.1021106422524702,0.04066846137321311,0.03111842115493047,0.9947829300475779,0.31347800834600653,0.3047519873392793
exact_dose_reference,0.01,-0.02,270,-2.3194901244323773,60.966500602317296,True,0,0.12511903964652804,0.09956640181684778,0.03303266404765721,0.028741945318080237,0.9904096265934991,0.26400989122820395,0.28867112593815525
exact_dose_reference,0.01,-0.02,271,-2.0564099358951426,162.2371221025166,True,0,0.12368974677707156,0.09824115106101326,0.03299318724355321,0.02682553967413848,0.9930770691736537,0.26674148911483725,0.2730580758105971
exact_dose_reference,0.01,-0.02,272,-1.7970346212305088,52.35193429111805,True,0,0.1367651119188224,0.10711892431306033,0.04644413271243517,0.03619426543131621,0.9957069470159358,0.3395904998052596,0.3378886192465552
exact_dose_reference,0.01,-0.02,273,-0.6008030724544589,56.77820391257159,True,0,0.12967130001260638,0.08731671168640409,0.037035825056620134,0.014896090490510919,1.0078358685689854,0.28561312374457254,0.1705983906495457
exact_dose_reference,0.01,-0.02,274,-2.966510172815451,216.24488275111145,True,0,0.1221593422776682,0.10437350976074766,0.03265941046100909,0.034907168425988636,0.9838493118968016,0.26735090294424024,0.3344447121305522
exact_dose_reference,0.01,-0.02,275,-1.7075344954720073,85.0264312285735,True,0,0.10454003381596505,0.07306468780760364,0.012424207010070857,2.9913539931109107e-13,0.9966144134720945,0.11884640320609374,4.0941172581040015e-12
exact_dose_reference,0.01,-0.02,276,0.6608497177837958,33.048465220657555,True,0,0.12360290437028076,0.07378394445174911,0.033290853970689684,0.00374693825675108,1.0206281141301756,0.2693371498048243,0.05078256908860957
exact_dose_reference,0.01,-0.02,277,-2.0380586188119,56.97691177081613,True,0,0.13925052178539002,0.1129267487510939,0.04922517602708157,0.0404407604224815,0.9932631382382303,0.35350083716703323,0.35811498046063917
exact_dose_reference,0.01,-0.02,278,-1.4560160496244645,96.87417620792681,True,0,0.1083757204844351,0.07631731830268827,0.01846729250630523,0.0039806357843222735,0.9991646283547826,0.17040064346291936,0.0521590102070195
exact_dose_reference,0.01,-0.02,279,-1.194728158550351,64.16697096910617,True,0,0.11526979157910407,0.07963898655226662,0.02403126552821152,0.007497811851415404,1.001813898336704,0.20847843306561395,0.09414750458300512
exact_dose_reference,0.01,-0.02,280,-0.3211570867752811,187.31916164392763,True,0,0.10951879926374136,0.06871275763212654,0.021211307436427258,1.7875876490840747e-14,1.0106712763346462,0.1936773191362931,2.601536760690697e-13
exact_dose_reference,0.01,-0.02,281,-2.8080266972098866,74.86257183325824,True,0,0.16430686633161565,0.14141986398242012,0.07074883252999872,0.06842098147905261,0.9854562195603231,0.4305896284772936,0.48381450492384864
exact_dose_reference,0.01,-0.02,282,0.48300160062184627,97.49453405290028,True,0,0.12919133007930764,0.07615199540129247,0.03366999714120695,1.1312948468880978e-17,1.0188248630258037,0.2606211819364171,1.4855747914767013e-16
exact_dose_reference,0.01,-0.02,283,-0.30909440577611136,66.42969294612102,True,0,0.10938118001908263,0.06873150017785745,0.02158826485898088,3.2370521044458836e-13,1.0107935831837742,0.19736726971874496,4.7097067517358404e-12
exact_dose_reference,0.01,-0.02,284,-1.1389148230785628,70.20034270428314,True,0,0.12136747511575074,0.08729448941155914,0.03175744733595979,0.01660167667504237,1.0023798051364736,0.2616635742456703,0.1901801223301966
exact_dose_reference,0.01,-0.02,285,-2.5044661934224277,57.140762986527506,True,0,0.14169416379635086,0.1185913657664815,0.05047948932303766,0.04741589254769555,0.9885341032198952,0.3562566584999861,0.3998258409559283
exact_dose_reference,0.01,-0.02,286,-2.1571426586463716,54.076254787888665,True,0,0.12363481061822108,0.0955979779727013,0.031643293804104404,0.024172645479288,0.9920557123190173,0.25594162069627396,0.2528572883224651
exact_dose_reference,0.01,-0.02,287,-2.6978975069205213,38.36428287806229,True,0,0.13348269190678594,0.11150092155960462,0.041190906310326646,0.04015404098344897,0.9865728497905552,0.3085861224546716,0.36012295164739044
exact_dose_reference,0.01,-0.02,288,-1.592535653919136,37.4969259644141,True,0,0.11934593989312334,0.08766364952172909,0.027671169213425804,0.015806271490859673,0.9977804184393715,0.23185681254180818,0.18030588022623664
exact_dose_reference,0.01,-0.02,289,-0.5792537035453793,182.88170755284492,True,0,0.11690021064134301,0.07816669296914569,0.027890710984314466,0.009150297679285125,1.0080543635629382,0.2385856349727621,0.11706133816991555
exact_dose_reference,0.01,-0.02,290,-0.37104510128783685,98.71179890330714,True,0,0.11132781920830771,0.07010558714424532,0.021261776466172146,1.2127270025797361e-14,1.0101654479980844,0.19098349915926055,1.7298578501090036e-13
exact_dose_reference,0.01,-0.02,291,0.05860420944465705,132.65692578819994,True,0,0.11413927511967303,0.07008694147738878,0.02579368497306821,1.0458660797172396e-15,1.0145217808422802,0.22598430685689902,1.4922410047735547e-14
exact_dose_reference,0.01,-0.02,292,-2.217946150405725,53.50826411891346,True,0,0.1341304258239798,0.10877220115335048,0.043295917565487146,0.03717330243554625,0.9914392089485324,0.322789682501304,0.34175370215353235
exact_dose_reference,0.01,-0.02,293,-1.1490659486943056,187.56410829933205,True,0,0.10007564517791837,0.0654459908011209,0.013391873794901865,2.3510167330302063e-14,1.00227688007452,0.13381751145439305,3.5923006195666614e-13
exact_dose_reference,0.01,-0.02,294,-0.9426741285728069,145.35608011742727,True,0,0.12029240680023277,0.08453053381429361,0.030612846714683034,0.013980968440569957,1.004369543654582,0.2544869416863625,0.16539548267002496
exact_dose_reference,0.01,-0.02,295,-1.7936020018443077,48.2529638427194,True,0,0.15048664304641313,0.11988876203130538,0.05784071923717737,0.046672628180911294,0.9957417512904922,0.38435782781956346,0.3892994421672661
exact_dose_reference,0.01,-0.02,296,-3.334987023299152,54.650206332875776,True,0,0.1198081935995985,0.10345112753911184,0.029161779720292335,0.03146370628965136,0.980113223496354,0.24340388452689316,0.30414077679101037
exact_dose_reference,0.01,-0.02,297,-2.0399386310125167,70.94095955717934,True,0,0.1274726645892819,0.10205030674194517,0.03842099530544842,0.031034752472942927,0.9932440762760848,0.30140575965240257,0.304112289945591
exact_dose_reference,0.01,-0.02,298,-1.3395374623159206,61.19022885479461,True,0,0.12631468116825093,0.09109451957592737,0.03157656697944985,0.018169536295700308,1.00034563687234,0.24998334862904747,0.19945806158575743
exact_dose_reference,0.01,-0.02,299,0.9913589408359069,295.18884809177416,True,0,0.12084825683160669,0.06878668512160582,0.033122364207065914,3.4384759034123557e-15,1.0239792382859128,0.2740822670964922,4.998752152881887e-14
exact_dose_reference,0.01,-0.02,300,0.40854683413120707,113.06335384802344,True,0,0.12614063927554423,0.07485769938135378,0.031443972606911966,8.29054323465019e-17,1.0180699456162607,0.24927709885967123,1.1075070838625415e-15
exact_dose_reference,0.01,-0.02,301,-2.2733926359072343,67.4395019378579,True,0,0.09241766876524542,0.06996344718186641,0.004350899753484977,4.207029451253896e-16,0.9908770217417763,0.04707865726993079,6.013182055363764e-15
exact_dose_reference,0.01,-0.02,302,-0.8819884036166958,64.52186718507042,True,0,0.10655692906465337,0.07048505995437346,0.017389948611823768,7.085509955767684e-18,1.0049848529549728,0.1631986653938987,1.0052499012349982e-16
exact_dose_reference,0.01,-0.02,303,-0.779488686127372,57.23255476115233,True,0,0.11129719937780362,0.07229110935230167,0.019123339675947704,1.0168540692218534e-17,1.006024125856536,0.1718222900742778,1.406610132743077e-16
exact_dose_reference,0.01,-0.02,304,-2.9297251910004096,54.203342505731385,True,0,0.14448778383090338,0.12379021819730779,0.05321570555878177,0.05262008331556368,0.9842222849714721,0.36830591589017003,0.4250746471073598
exact_dose_reference,0.01,-0.02,305,0.2830692593232209,60.55982508761835,True,0,0.12312574910566845,0.07490916562244462,0.030243940340509062,1.7550648618592254e-14,1.0167976938828316,0.24563456921227125,2.3429240564566704e-13
exact_dose_reference,0.01,-0.02,306,-0.5088505157268663,193.83526855667503,True,0,0.11954568278735868,0.07937865286984956,0.029910063512734703,0.009423325801881524,1.0087682008990368,0.2501977722268489,0.11871360197220973
exact_dose_reference,0.01,-0.02,307,0.5125319997243416,69.07576821581074,True,0,0.12325973137842264,0.07269911004451089,0.030948318938710015,3.048894725611105e-17,1.0191242798857845,0.25108215467138123,4.1938542627886135e-16
exact_dose_reference,0.01,-0.02,308,-2.058507628874129,46.433070484520286,True,0,0.15486541063012618,0.1261461748787465,0.06140982071884594,0.05319829239835636,0.9930558000860673,0.3965367119034378,0.4217194254957895
exact_dose_reference,0.01,-0.02,309,-0.5206444690960876,73.2769710803664,True,0,0.14274285808418682,0.10185262045920462,0.05093309525422708,0.030915442489175465,1.0086486187534547,0.3568171181229101,0.30353114480307486
exact_dose_reference,0.01,-0.02,310,-2.0322969372972066,70.41867298323433,True,0,0.10015186740656101,0.07373861944934125,0.01269839615180233,0.006121912966395567,0.9933215575159837,0.12679140669693045,0.08302180068073213
exact_dose_reference,0.01,-0.02,311,-2.2662241008792994,81.87978748030315,True,0,0.12256730531391431,0.09743304523114654,0.031723205090091834,0.028031482533980457,0.9909497054952628,0.25882273424257535,0.2876999530034149
exact_dose_reference,0.01,-0.02,312,-2.8432990618831866,45.402027652358214,True,0,0.12995813848825527,0.1096372612596573,0.0398202661292689,0.03827645264442954,0.9850985833279811,0.3064084065259798,0.3491190148737685
exact_dose_reference,0.01,-0.02,313,-1.2467620593441753,51.57394907148522,True,0,0.13953460309856378,0.10376280358415282,0.044935458010519215,0.029819154975336295,1.0012863122673739,0.3220380967348861,0.2873780771657024
exact_dose_reference,0.01,-0.02,314,-0.579900646532927,100.93663263848472,True,0,0.12466231255237742,0.08404062124572964,0.032719177636668456,0.012050328618984403,1.0080478040295826,0.2624624633280515,0.1433869531229425
exact_dose_reference,0.01,-0.02,315,-2.0845790674080544,89.43688992327364,True,0,0.09157922473240862,0.0683066943276019,0.00571904359533384,5.783483655539885e-14,0.9927914545811551,0.06244913747680974,8.466935360393878e-13
exact_dose_reference,0.01,-0.02,316,-0.59809036893399,57.282543945664635,True,0,0.13716589354645972,0.09522762901377861,0.04268712708442249,0.020247870679348193,1.0078633734180509,0.31120802686976884,0.2126260087439382
exact_dose_reference,0.01,-0.02,317,-1.9828822110918076,88.54676934994984,True,0,0.12473809776508317,0.09880313371064975,0.03523398705266262,0.028989184447748888,0.9938225870518825,0.28246371945656973,0.29340349196458954
exact_dose_reference,0.01,-0.02,318,-2.892856691700274,45.141067094020514,True,0,0.12157493113330377,0.10304470774134682,0.030670275500642902,0.031693280537916105,0.9845961048529555,0.25227466892013894,0.3075682510301219
exact_dose_reference,0.01,-0.02,319,-1.8074044228566843,114.59679950852284,True,0,0.09408897566059443,0.0671004225055597,0.006810370705831803,2.831422270747244e-16,0.9956018047376091,0.07238223881189586,4.219678751669026e-15
exact_dose_reference,0.01,-0.02,320,-2.707200014587008,220.01705673027115,True,0,0.12839801604144938,0.10663689578726084,0.03782385080513866,0.03769730840702147,0.9864785291000092,0.2945828290129373,0.3535109319219784
exact_dose_reference,0.01,-0.02,321,-1.9778932454461273,32.429257774824976,True,0,0.14033192890800672,0.11096073928118341,0.04911310691426144,0.03991515155057901,0.9938731715503513,0.34997813609800144,0.35972319406984854
exact_dose_reference,0.01,-0.02,322,-0.21058054665666903,56.858481039506245,True,0,0.12061175872759385,0.07432007440646261,0.02607188636750414,1.9704531127760636e-16,1.0117924423681608,0.21616371937986967,2.6513067007972748e-15
exact_dose_reference,0.01,-0.02,323,-1.1303847897583874,86.4118923582624,True,0,0.1271665933465823,0.09167826269243358,0.03554939364967373,0.021011359158555083,1.0024662934966002,0.2795497835881057,0.22918583469502415
exact_dose_reference,0.01,-0.02,324,-1.583994737273986,166.71906081647523,True,0,0.10921121099000057,0.07573308689908909,0.015125724562613975,6.159624374882316e-20,0.9978670171485312,0.1384997421555823,8.133333298680584e-19
exact_dose_reference,0.01,-0.02,325,-1.5409862881253233,87.89062751706552,True,0,0.13623009850645643,0.10366259358817131,0.044086877526896905,0.033219463294514466,0.9983030916747182,0.32362068302261027,0.3204575743733375
exact_dose_reference,0.01,-0.02,326,-3.13902266654138,63.835263724454855,True,0,0.151356196832337,0.13086502293820482,0.05718755836248392,0.055947595593965664,0.9821001601498311,0.3778342714691275,0.4275213830083874
exact_dose_reference,0.01,-0.02,327,-0.6821658966818522,170.9342138751019,True,0,0.10523951056660771,0.06903898293108175,0.018348133879634444,9.070267456370982e-14,1.007010908457042,0.1743464387172499,1.3137892638750759e-12
exact_dose_reference,0.01,-0.02,328,-2.8339520289402453,73.39778531545953,True,0,0.1358469530097519,0.11413871701530097,0.04447451694753171,0.040630432354330885,0.9851933554725836,0.32738693038142025,0.3559741463440853
exact_dose_reference,0.01,-0.02,329,-0.6601321110637937,140.7030782634729,True,0,0.11731860367404869,0.07587011923457572,0.0239408499706943,7.216910380536158e-19,1.0072343150855927,0.2040669529038224,9.512190640195078e-18
exact_dose_reference,0.01,-0.02,330,0.1772299081061579,74.0983649625167,True,0,0.12644033492468115,0.08044681177009397,0.035436331528743294,0.009631212945250931,1.0157245595139455,0.28026129122366095,0.11972149962605885
exact_dose_reference,0.01,-0.02,331,-2.3593332402747635,44.66041535768911,True,0,0.15034253640004172,0.12396545304750635,0.058310690095918646,0.05244352033970117,0.9900056462545958,0.3878522438969738,0.42304947911256885
exact_dose_reference,0.01,-0.02,332,-1.0310171267716273,67.6183983037883,True,0,0.11162731621224992,0.07480850065105449,0.0204948060295315,0.0026386473454972515,1.0034738096338476,0.18360027567591392,0.03527202553898609
exact_dose_reference,0.01,-0.02,333,-1.1565281443925213,33.993273295488,True,0,0.17308541317110476,0.13644889889011919,0.07881488854069096,0.0619087019748537,1.002201218814516,0.4553525747590178,0.4537134596059152
exact_dose_reference,0.01,-0.02,334,-1.7365666231985322,62.88260075630629,True,0,0.10283422510287428,0.07231764186906621,0.011522137268004865,5.0861381832634274e-17,0.996320048723001,0.11204574407477899,7.03305314140645e-16
exact_dose_reference,0.01,-0.02,335,-1.9192798109792686,112.28763636790447,True,0,0.15581703179103468,0.12676507104746135,0.06180240357029593,0.0530657333637363,0.994467469326004,0.39663445555283566,0.41861478816880304
exact_dose_reference,0.01,-0.02,336,-0.7951861915613812,63.48943220159178,True,0,0.14143025798702305,0.10208275291112588,0.045731152007899394,0.026885447926051416,1.0058649645201019,0.3233477238802425,0.2633691506091937
exact_dose_reference,0.01,-0.02,337,-2.210006164569922,47.396060608481,True,0,0.12964538841837134,0.1011831631581497,0.03721850639094416,0.02903389317487272,0.9915197146545,0.28707929256101583,0.2869439170377845
exact_dose_reference,0.01,-0.02,338,-1.1888259829500591,68.4359233214416,True,0,0.1255358360374681,0.09260203719246246,0.03593650571798914,0.02130364746287794,1.0018737421227348,0.28626491727241404,0.23005592650840725
exact_dose_reference,0.01,-0.02,339,-0.7103319867257873,143.37893357694455,True,0,0.10711038608595798,0.06979237281389711,0.018132794431067085,5.894963135830114e-14,1.006725324702836,0.1692907204770525,8.446428883495855e-13
exact_dose_reference,0.01,-0.02,340,-0.5112724538631097,84.72571460424945,True,0,0.11321218904956751,0.07201152602056071,0.023528565226126102,1.9549321345943646e-18,1.0087436442003852,0.20782713790495322,2.7147489334362848e-17
exact_dose_reference,0.01,-0.02,341,-1.6717927139629385,106.08949028141444,True,0,0.13860943165818984,0.10900246779700903,0.048377111106836373,0.03705822972561658,0.9969768092511836,0.3490174552200321,0.3399760617771393
exact_dose_reference,0.01,-0.02,342,-0.998800606782202,76.74270883898427,True,0,0.13852687474727884,0.10015704317385159,0.04537164087194821,0.026543829312065007,1.0038004618142418,0.32752952056936135,0.2650220940128044
exact_dose_reference,0.01,-0.02,343,-2.2624652366723064,60.25969201121964,True,0,0.13789324855953747,0.11057225554106073,0.0457311481640755,0.03735129439740935,0.9909878176560245,0.3316416767448219,0.3377998776875727
exact_dose_reference,0.01,-0.02,344,-1.6075532063496434,52.266850256718676,True,0,0.1433474632108535,0.11176710572087754,0.050791600742906375,0.038644509910368025,0.9976281513339479,0.35432507562547993,0.3457592433938228
exact_dose_reference,0.01,-0.02,345,-0.7849916316101546,82.34677216988968,True,0,0.14126529564828166,0.10327297360941186,0.05089140479315202,0.031905241959061754,1.0059683299747606,0.360254120161685,0.3089408665594388
exact_dose_reference,0.01,-0.02,346,-1.7473369978803,48.56559435150545,True,0,0.12987404192129712,0.0993999691414688,0.03915183260549017,0.02694336838477781,0.9962108449239993,0.30146003024388773,0.2710601282625275
exact_dose_reference,0.01,-0.02,347,-2.70516547260522,73.56802981422675,True,0,0.15684337695134135,0.1329183331591338,0.06345630617336405,0.060142082279475886,0.9864991578822201,0.4045839066130957,0.45247394283429654
exact_dose_reference,0.01,-0.02,348,-1.032717636254854,43.540974832520554,True,0,0.11736113097131536,0.08257767957456506,0.028508402317792902,0.01159395653112209,1.0034565676992544,0.24291178929385693,0.1404006093517451
exact_dose_reference,0.01,-0.02,349,-1.2542154639666347,65.63192330544756,True,0,0.13056878520596313,0.0959021382313665,0.03798709046260425,0.022583125305902896,1.001210740142511,0.29093546671727294,0.2354809363209452
exact_dose_reference,0.01,-0.02,350,-0.08137278142212878,52.245225385471365,True,0,0.11394283616523351,0.06958352515895418,0.024395603691462577,1.0215246938858216e-15,1.0131025155309845,0.21410388324971513,1.468055393215975e-14
exact_dose_reference,0.01,-0.02,351,-3.5029575166261595,32.92843188796643,True,0,0.09047982946864969,0.07777654823434291,0.0031401244234350893,0.009266648917484924,0.9784101243439576,0.03470524250405566,0.1191445124250597
exact_dose_reference,0.01,-0.02,352,-2.409713482947118,108.04341468163437,True,0,0.14586134335992754,0.1216011319514897,0.0534598361277134,0.04999986664005574,0.9894948270809819,0.36651133807122477,0.4111792862257415
exact_dose_reference,0.01,-0.02,353,-1.038162584188962,110.48721382895701,True,0,0.12395084899094082,0.0849886553978141,0.03088357813916092,0.010917808554719606,1.0034013598706188,0.24915987579413923,0.12846195181716466
exact_dose_reference,0.01,-0.02,354,-1.6821871536774613,99.3120783579565,True,0,0.18361691752506495,0.15103758320436508,0.0881741116141678,0.07682936186190624,0.9968714171604848,0.48020690469401567,0.508677113549615
exact_dose_reference,0.01,-0.02,355,-1.3812956014475963,56.89803740983737,True,0,0.13057639346934502,0.09666318833983399,0.039193347658133655,0.02457484783489469,0.9999222395842082,0.3001564572032306,0.25423171175047643
exact_dose_reference,0.01,-0.02,356,-2.1953419177558886,48.75922651992968,True,0,0.096543178190094,0.07146003914280483,0.00724266593603475,2.72040015067616e-16,0.9916683994968484,0.07501996590348316,3.806883096215141e-15
exact_dose_reference,0.01,-0.02,357,-2.149813891445662,38.26342677077794,True,0,0.12714194025490672,0.09917696242034403,0.03369002329435186,0.0267295208640156,0.9921300207106902,0.2649796221986763,0.26951340524755385
exact_dose_reference,0.01,-0.02,358,-0.22894671172235537,57.81199283965878,True,0,0.15010635226600755,0.10439078045115323,0.0555540146771344,0.03010494648531787,1.0116062227557956,0.3700976929922701,0.28838702378898917
exact_dose_reference,0.01,-0.02,359,-0.5216695320162112,40.491111369037604,True,0,0.12460828447165627,0.08202400078052052,0.031924476132269244,0.008766930860288725,1.00863822535783,0.2561986650215931,0.10688250727670845
exact_dose_reference,0.01,-0.02,360,-1.9978947504555866,59.87345401090229,True,0,0.1463526037123431,0.11737852415900772,0.05324426361429559,0.04481457293123447,0.9936703707753249,0.363808106338494,0.38179533481376937
exact_dose_reference,0.01,-0.02,361,-1.8638246601768937,46.00075214156767,True,0,0.11314674413568641,0.08469455200142065,0.022415028536302214,0.013717382123182228,0.9950297443926354,0.19810582007929406,0.16196298107760387
exact_dose_reference,0.01,-0.02,362,-1.4340037676644934,47.80986033857634,True,0,0.1331781192758956,0.09983600221661076,0.040440571916423945,0.027997198126373284,0.9993878169518141,0.3036577790428629,0.2804318833363211
exact_dose_reference,0.01,-0.02,363,-1.512893418756145,56.20933188165458,True,0,0.11177586087119715,0.08022213572562498,0.020934428210124652,0.007160032736245652,0.9985879330243109,0.18728934894313232,0.08925258186511428
exact_dose_reference,0.01,-0.02,364,-0.08605723989209002,108.75559472483674,True,0,0.14544419646208437,0.09553711125931597,0.04871743027503317,0.01910842481064196,1.013055018514743,0.33495616504528763,0.20001049391975068
exact_dose_reference,0.01,-0.02,365,-1.5948533834110767,46.13630749742888,True,0,0.10392713441465737,0.07263302144219452,0.01256413148111358,7.733253095461986e-16,0.9977569183409016,0.1208936583489749,1.0647021068256878e-14
exact_dose_reference,0.01,-0.02,366,-0.7614109476262843,124.22059018257977,True,0,0.11058896307639708,0.07217354950086659,0.018548439102102673,3.160904403709088e-13,1.0062074210324243,0.16772414340560404,4.379588402633759e-12
exact_dose_reference,0.01,-0.02,367,-1.932355930246643,123.76098998891919,True,0,0.11643510995832634,0.08674082027588424,0.022796517746982575,0.012372096698283867,0.9943348869468028,0.1957873166877392,0.1426329225263687
exact_dose_reference,0.01,-0.02,368,-1.4012361381816718,114.80287749498603,True,0,0.1051325155411607,0.07246481476341157,0.013913115476338885,1.1832245255356274e-22,0.9997200569833391,0.13233884307554428,1.6328262611292188e-21
exact_dose_reference,0.01,-0.02,369,-1.5567266635684085,97.08109804129614,True,0,0.10951893089312872,0.07727196235038612,0.017328135195955052,0.0051144235777634385,0.9981434956674401,0.1582204560859371,0.06618731325305707
exact_dose_reference,0.01,-0.02,370,-1.7433318759131122,44.444843784003744,True,0,0.12577149237076485,0.0949915113580691,0.03456328905646169,0.02415950736857455,0.9962514539601011,0.2748102006659166,0.25433332961200755
exact_dose_reference,0.01,-0.02,371,-1.116888311823494,48.39570369173351,True,0,0.10385964596918287,0.06914703711766332,0.015307441413776766,2.1476524737698563e-18,1.002603138008252,0.14738584241196792,3.105921183745482e-17
exact_dose_reference,0.01,-0.02,372,-1.6032510841781034,90.06925686073703,True,0,0.12145547415455336,0.08796283912752946,0.02850845842708606,0.015574190728352023,0.9976717717370243,0.2347235365514176,0.17705420701317287
exact_dose_reference,0.01,-0.02,373,-1.5317583018517489,50.78900944836313,True,0,0.12297419209593223,0.08937781092900422,0.030980542950489,0.01641540695903328,0.9983966567723109,0.2519271923845701,0.18366311267203206
exact_dose_reference,0.01,-0.02,374,-1.1442554640780145,144.31258394221695,True,0,0.11031132380463043,0.0738700546141576,0.01602857081021359,2.1522373842419955e-18,1.002325654904613,0.14530304104229028,2.913545137449387e-17
exact_dose_reference,0.01,-0.02,375,-2.233399002984615,74.44033381596203,True,0,0.12663822644175954,0.10240461075389713,0.037853723600287936,0.032011450592791424,0.9912825282148635,0.29891230052638745,0.3125977468897629
exact_dose_reference,0.01,-0.02,376,-1.4068858588116462,30.655692585097356,True,0,0.10398742002984322,0.07131578514743978,0.014497212423421757,1.6697456815614862e-15,0.9996627729078708,0.13941313688964704,2.3413409501268456e-14
exact_dose_reference,0.01,-0.02,377,-2.809845084103124,51.12869263054321,True,0,0.11478282556267416,0.09259791714800225,0.021282723832379224,0.02056132948000285,0.9854377824341634,0.18541731942953737,0.22204958937833355
exact_dose_reference,0.01,-0.02,378,-1.5033663203918635,48.65039392534777,True,0,0.1502219535658417,0.11602468390895154,0.05775857566772161,0.04534093348074016,0.9986845309018764,0.3844882475343808,0.39078695975005384
exact_dose_reference,0.01,-0.02,379,-1.1378503232364334,48.821627017947606,True,0,0.15572750587481243,0.11996883897879898,0.0627388567694554,0.047200721226600975,1.0023905983939259,0.4028758851367622,0.39344151054877124
exact_dose_reference,0.01,-0.02,380,-1.5946022645688673,30.042658855582626,True,0,0.16912789678226164,0.13626070062638612,0.0755257726074435,0.06444792168864528,0.9977594645040928,0.44656011246138044,0.4729751233655796
exact_dose_reference,0.01,-0.02,381,-1.4816171005437195,35.90960318270609,True,0,0.14094349291196076,0.10743796499133597,0.049077783978087035,0.03389943866817475,0.9989050522396125,0.34820893795177255,0.31552569588327994
exact_dose_reference,0.01,-0.02,382,-0.620906442486524,72.0548172707627,True,0,0.11367928025167501,0.07283224129492809,0.02169161011422324,1.1034245282417143e-16,1.007632034956404,0.19081410496442358,1.5150220680062402e-15
exact_dose_reference,0.01,-0.02,383,-2.200925201246784,65.53963875715662,True,0,0.11194745445287473,0.08744206964403624,0.02396097190327052,0.017350660415729136,0.9916117890458543,0.21403766633529933,0.19842463114563863
exact_dose_reference,0.01,-0.02,384,-0.8244383466609384,40.72047321299996,True,0,0.11378279075526494,0.07641657395521748,0.023667440994954315,0.005907982984342441,1.0055683688527972,0.20800545352996783,0.07731284822851002
exact_dose_reference,0.01,-0.02,385,-2.7328112830150575,83.85047989155906,True,0,0.15413666380681332,0.13212990884754705,0.06180747599399897,0.06014917674158602,0.9862188493866997,0.40099139599560274,0.45522756555434246
exact_dose_reference,0.01,-0.02,386,-1.5463866704958806,34.286842450438634,True,0,0.1378392120133424,0.10545991733589012,0.04631853947176954,0.03508394216851271,0.9982483357086211,0.3360331127494116,0.3326756084662029
exact_dose_reference,0.01,-0.02,387,-1.120875886177597,55.7952219093689,True,0,0.13398401333148977,0.09828398955117894,0.040942261596474544,0.0245623827545146,1.0025627068922383,0.30557572189735294,0.24991234957677774
exact_dose_reference,0.01,-0.02,388,-1.7374497195849492,52.72925834326733,True,0,0.11656077673944969,0.08746284546383869,0.02409861274209423,0.014567483655612334,0.9963110947652111,0.20674718731466826,0.16655625115278494
exact_dose_reference,0.01,-0.02,389,-1.2785399377104434,150.0882441917674,True,0,0.10286497356292439,0.07101181314507114,0.014425671886403141,0.0012275655821682673,1.0009641075953593,0.1402389111350784,0.017286779872251034
exact_dose_reference,0.01,-0.02,390,-1.934009999929831,44.878950137055995,True,0,0.1402274951073642,0.11235297148885118,0.04803649014911437,0.04060351852952663,0.9943181158781488,0.3425611369035407,0.3613924757971865
exact_dose_reference,0.01,-0.02,391,-1.019041870512749,94.35295576763272,True,0,0.1094480911132218,0.07204746639184043,0.017493561240499913,3.31684441319449e-20,1.003595230059425,0.1598343202021055,4.603693341769103e-19
exact_dose_reference,0.01,-0.02,392,-2.379180813609205,102.01498500612996,True,0,0.15276334316944423,0.12846525807034828,0.059947656388538544,0.05647148587504333,0.9898044062352715,0.39242173642432626,0.43958566481934935
exact_dose_reference,0.01,-0.02,393,-3.0083414725154967,51.24084581127611,True,0,0.12662791341146964,0.10652294938882058,0.034212660242633065,0.034014162215470545,0.983425172813492,0.27018261077603895,0.31931299697040005
exact_dose_reference,0.01,-0.02,394,-1.6579168036098046,46.29920936917506,True,0,0.10750760035869822,0.07661609517558607,0.01586863042695858,0.0036995355080333375,0.9971175009327585,0.14760473095867666,0.04828666221575078
exact_dose_reference,0.01,-0.02,395,-1.4448917224924362,161.35424256156526,True,0,0.10929368814608682,0.07366864674276079,0.0158649252502063,2.7728915015799658e-17,0.9992774209752856,0.14515865938205444,3.7640049385764645e-16
exact_dose_reference,0.01,-0.02,396,-1.0488087470909901,90.13547893446685,True,0,0.10966614906095261,0.07294359939552783,0.017396193447605613,6.701733231594311e-20,1.0032934154891053,0.15862865247449132,9.187554887790736e-19
exact_dose_reference,0.01,-0.02,397,-2.685891216464631,51.430290509305344,True,0,0.11980210606593915,0.10056633450319608,0.030313845479878462,0.0303876510935292,0.9866945848804144,0.2530326592355038,0.30216524489677465
exact_dose_reference,0.01,-0.02,398,-1.5913337223211865,33.28417515827097,True,0,0.13269826307570828,0.09994675357136812,0.039386864707751844,0.026949740375702975,0.997792605155295,0.29681522421495804,0.2696409779479151
exact_dose_reference,0.01,-0.02,399,-1.3379026795132032,51.50953809782001,True,0,0.10746641897321207,0.07308938113543367,0.015904358728426805,0.0010800745228956776,1.0003622123859943,0.14799375358726014,0.014777447915372461
exact_dose_reference,0.01,-0.02,400,-1.328549780816346,81.64971291242628,True,0,0.11931911077144389,0.08589804701254009,0.02772564370724591,0.011801598856293196,1.0004570440050933,0.23236549055712008,0.13739077041612255
exact_dose_reference,0.01,-0.02,401,-0.24812779141942798,277.7483779695637,True,0,0.11080457196234217,0.06898968072772525,0.022145895004638476,1.2254862334655212e-17,1.011411740499257,0.19986445155137586,1.7763326638690017e-16
exact_dose_reference,0.01,-0.02,402,-1.0785039497519744,67.72754433460116,True,0,0.141012850837924,0.10336127426085166,0.04799327475304378,0.028286712705447362,1.0029923276403978,0.3403468156828191,0.273668382164683
exact_dose_reference,0.01,-0.02,403,-1.078693136650699,51.940423496462365,True,0,0.11602011862945136,0.0800784583469091,0.024471133808724784,0.007302644571434559,1.0029904094222604,0.21092146860219518,0.09119362088364216
exact_dose_reference,0.01,-0.02,404,-1.6109601998988143,56.460360470943115,True,0,0.10205927532168882,0.07237632462139669,0.011136623205219695,4.907463138963475e-16,0.9975936068868199,0.10911916795526207,6.780481275658307e-15
exact_dose_reference,0.01,-0.02,405,-1.4980999771285641,33.85181790969448,True,0,0.1464013549406705,0.11302463992948653,0.05325441609806193,0.04109264497791421,0.9987379278085015,0.3637563062148121,0.3635724475968335
exact_dose_reference,0.01,-0.02,406,0.7784963261677325,201.3558906199899,True,0,0.11803296999176256,0.06798516679015035,0.029731006409693818,4.3667255529811833e-14,1.0218209655355168,0.2518873024356561,6.423056321182449e-13
exact_dose_reference,0.01,-0.02,407,-0.34339690295930314,261.1689116218113,True,0,0.10842684016747359,0.0689312425896891,0.01982146574547228,7.981377819259445e-15,1.0104457807053708,0.18280958584476412,1.1578752274593868e-13
exact_dose_reference,0.01,-0.02,408,-2.194901192646803,33.435483176551756,True,0,0.14634346407400625,0.11943111963458905,0.05455063728554587,0.04747858322141444,0.9916728681302664,0.3727575920846009,0.3975394634721647
exact_dose_reference,0.01,-0.02,409,-0.7781353137420344,38.675181832345174,True,0,0.1223083903413531,0.08345457998211353,0.031242121711848665,0.012957258450753505,1.0060378480723648,0.2554372731474461,0.15526120260302764
exact_dose_reference,0.01,-0.02,410,-2.5852294830399414,103.1734241905555,True,0,0.16202834053131263,0.13784710013208304,0.06872597631547463,0.06517350792450602,0.9877152219546925,0.4241602184538393,0.4727956399667293
exact_dose_reference,0.01,-0.02,411,-0.6673082728645197,100.86078266101839,True,0,0.16377223301467814,0.1203265210613368,0.06514252418575872,0.043822076919297515,1.0071615540021537,0.3977629356737189,0.36419300194808324
exact_dose_reference,0.01,-0.02,412,-1.9717069751703176,39.56795104545319,True,0,0.12080890070694238,0.09310961120425286,0.03108222984046986,0.02353843630939839,0.9939358958506408,0.2572842701041455,0.2528035076611216
exact_dose_reference,0.01,-0.02,413,-2.1307694904183605,64.9109099073306,True,0,0.12727151729522132,0.10243469294920926,0.03758254918329691,0.03208094358011435,0.9923231171445046,0.2952942652213358,0.31318435831131175
exact_dose_reference,0.01,-0.02,414,-0.35257117100695456,136.23951296754768,True,0,0.13499429298091523,0.09222209944692254,0.042944451941663256,0.020588477700964378,1.0103527602716844,0.3181204997142695,0.22324885059479543
exact_dose_reference,0.01,-0.02,415,-2.49132196351598,65.89797021209272,True,0,0.14380376451922894,0.11970585717965393,0.05034976503062828,0.045394225973598955,0.9886673761916486,0.35012828209998414,0.37921474389905196
exact_dose_reference,0.01,-0.02,416,-1.4290228022444285,41.15138765887669,True,0,0.1419840228223308,0.1092625644454014,0.05073588244142057,0.037154098934157644,0.9994383203337891,0.3573351524552028,0.34004417819356214
exact_dose_reference,0.01,-0.02,417,-1.799755416580373,44.67998772216223,True,0,0.13372810254513606,0.10474718814312255,0.04270477987389034,0.03285189649398837,0.9956793601215806,0.31934035599941735,0.31363034250714966
exact_dose_reference,0.01,-0.02,418,-0.19148025530780766,34.91248257119929,True,0,0.11270934372135727,0.07000445088307408,0.021956838709767626,9.23778208119151e-25,1.0119861054893582,0.1948093918819175,1.3195992489993309e-23
exact_dose_reference,0.01,-0.02,419,-2.189461106310009,58.7153370815778,True,0,0.12553933604316667,0.10054817465837003,0.03670008760889699,0.031003840559975772,0.9917280266658262,0.2923393476947948,0.3083481193499209
exact_dose_reference,0.01,-0.02,420,-1.5949534874477589,52.0946752642965,True,0,0.12466890883963307,0.09197409114668065,0.031046460235019564,0.01809963140865143,0.9977559033584684,0.24903129837252325,0.19679054376069957
exact_dose_reference,0.01,-0.02,421,-0.3543418970873402,97.12768784132886,True,0,0.11860460816586399,0.07419836766367296,0.024484191283835915,1.282448443719829e-17,1.0103348063916493,0.20643541311308675,1.7284051982557392e-16
exact_dose_reference,0.01,-0.02,422,-2.5541845408351582,36.1667128479949,True,0,0.1325421685224059,0.10812868507515502,0.040576741444197796,0.035766007604839244,0.9880299951848469,0.3061421274191572,0.3307726120962261
exact_dose_reference,0.01,-0.02,423,-1.541359215835858,31.116115799891112,True,0,0.14568614202347674,0.11296716636860606,0.052248973332710655,0.03878955364220568,0.9982993104578203,0.3586406545400244,0.34337015691477435
exact_dose_reference,0.01,-0.02,424,-0.3527815121519673,97.24616641539797,True,0,0.11518305026018973,0.07350474067750705,0.021663188606476143,1.0836111531786062e-15,1.0103506275648102,0.18807618445197147,1.474205803858034e-14
exact_dose_reference,0.01,-0.02,425,-0.8495015822902241,45.672219810487064,True,0,0.12119507784283734,0.08301086572470077,0.030169142101921478,0.010147144481319214,1.0053142457951632,0.24893042389926137,0.12223875022543973
exact_dose_reference,0.01,-0.02,426,-1.6747509099291236,73.38575396056142,True,0,0.10156393949075289,0.07021024057559973,0.009780742866876758,8.133696925331295e-15,0.9969468152865125,0.09630133407504607,1.1584772902997303e-13
exact_dose_reference,0.01,-0.02,427,-0.06560952248436669,66.37604635533641,True,0,0.11500709030519747,0.07148466891776793,0.0268040028374944,2.6912625777281017e-17,1.0132623435603256,0.23306391602781953,3.7648108587087163e-16
exact_dose_reference,0.01,-0.02,428,-0.37019801757635085,35.16705216954783,True,0,0.11071819409259372,0.06899506990784975,0.0206743407776657,1.0267817571889496e-15,1.010174036813432,0.18672938939354206,1.4881958356739486e-14
exact_dose_reference,0.01,-0.02,429,-0.8714389376746845,56.94917421083767,True,0,0.12603306479474954,0.08801135226716628,0.03514665754861922,0.01831775620996381,1.005091816899343,0.2788685461696668,0.20812947123410439
exact_dose_reference,0.01,-0.02,430,-1.4615142451250618,92.57161412754755,True,0,0.09944721856271777,0.06868480939565368,0.01184880050747709,3.9298769388607606e-16,0.9991088806343865,0.11914662550370354,5.72161002329205e-15
exact_dose_reference,0.01,-0.02,431,-1.0923206375864636,52.38284208573529,True,0,0.10838468668011336,0.07252749580647465,0.01770985841388786,5.083487785428413e-16,1.002852236432271,0.16339816035227142,7.009049090834047e-15
exact_dose_reference,0.01,-0.02,432,-0.9773640422273577,126.13026869198902,True,0,0.11539641009247786,0.07656250300896178,0.02001166171700151,1.0032386048398064e-15,1.0040178130537394,0.17341667475586378,1.3103524119664367e-14
exact_dose_reference,0.01,-0.02,433,-2.719332238924832,48.13477665504996,True,0,0.14273366984201463,0.12099036955782219,0.0508839407555928,0.04811064024265663,0.9863555171317928,0.35649570848920165,0.39764024540535187
exact_dose_reference,0.01,-0.02,434,0.026704570434565866,156.54951057827,True,0,0.11793651328419598,0.07493113047085824,0.02914556959729941,0.004078497616818939,1.0141983416055205,0.24712931377805153,0.05442994909045345
exact_dose_reference,0.01,-0.02,435,-1.6370866642633985,40.57557472297511,True,0,0.1463122769667415,0.11451219938321922,0.053619384449872805,0.04275020853557619,0.9973287034598363,0.3664722165595244,0.3733244908912375
exact_dose_reference,0.01,-0.02,436,-0.9278178795134262,63.04935134409659,True,0,0.11475889092671052,0.07912618712664937,0.023030511747767594,0.006154837533226892,1.0045201752606439,0.20068607810505745,0.07778508932037202
exact_dose_reference,0.01,-0.02,437,-0.3855721225551334,59.67450393694947,True,0,0.14469399286387827,0.10025426203772107,0.04920022012573593,0.026117793527862025,1.0100181545233964,0.34002945908073273,0.2605155431500269
exact_dose_reference,0.01,-0.02,438,-1.586641659662813,39.46385895816558,True,0,0.12704396168892898,0.09487184654979205,0.03500481778320559,0.02299767646739017,0.9978401792724996,0.27553310930995645,0.242407809099828
exact_dose_reference,0.01,-0.02,439,-0.18865075213734261,125.77589592189395,True,0,0.13269806274855475,0.08629074005963465,0.03993734477708621,0.012733061261939313,1.0120147946022844,0.3009640378304707,0.147559996045226
exact_dose_reference,0.01,-0.02,440,-1.139728916476146,105.29293217821977,True,0,0.10967492717058552,0.07329969457636738,0.016949378736152914,2.121741924403898e-21,1.0023715508190163,0.15454196481744903,2.8946122308782045e-20
exact_dose_reference,0.01,-0.02,441,-1.7237883708937085,73.9510410862773,True,0,0.1059959958270477,0.07366946105651988,0.012891583292928638,1.0840879246257441e-17,0.9964496109469273,0.12162330465731619,1.4715567469592617e-16
exact_dose_reference,0.01,-0.02,442,-2.0443575792193136,38.02512162307482,True,0,0.11853015130526616,0.0920418480584035,0.028786438827292364,0.02224766383003466,0.9931992713416203,0.24286174032761415,0.24171248512869717
exact_dose_reference,0.01,-0.02,443,-0.7076376014608199,33.03294240813528,True,0,0.10822818443254983,0.07052388921322882,0.019500486100897767,6.218674090179672e-18,1.0067526438180574,0.1801793701256339,8.817826355800551e-17
exact_dose_reference,0.01,-0.02,444,-1.557587965326257,43.16387847305464,True,0,0.11347343103413193,0.0808395780337444,0.021201684476284628,0.00815422149700327,0.9981347626913996,0.1868427197720612,0.10086917442344268
exact_dose_reference,0.01,-0.02,445,-1.5603093755908737,40.140803107927766,True,0,0.12544225627789674,0.09397782095879072,0.034307330147424875,0.02235566179307706,0.9981071695622541,0.27349101622839606,0.23788231696582984
exact_dose_reference,0.01,-0.02,446,-1.091215973221804,45.781502075210206,True,0,0.10875262902374624,0.07328032953291189,0.017827035270201016,9.212734767496172e-18,1.0028634369288931,0.1639227982829589,1.2571906848970324e-16
exact_dose_reference,0.01,-0.02,447,-1.8156497052523646,43.62080345096432,True,0,0.12514319786683298,0.09480666426042884,0.03254124575993079,0.02082265546879012,0.9955182035456306,0.2600320777686893,0.21963282466717104
exact_dose_reference,0.01,-0.02,448,-2.1608481577238936,58.6741986065266,True,0,0.1382806491453729,0.11117735234669109,0.04563063875693773,0.037951744425625315,0.9920181412420196,0.329985714118009,0.3413621895516821
exact_dose_reference,0.01,-0.02,449,-1.8668838027819712,55.431710801968286,True,0,0.16429242703962763,0.1328832987722355,0.07105749379704647,0.05969033617904349,0.994998726902155,0.4325062029785906,0.44919366640162856
exact_dose_reference,0.01,-0.02,450,-0.023283184381406308,237.13566317644631,True,0,0.11272753847987746,0.06885386818754696,0.024106504654853533,5.463083811316118e-18,1.0136915019745172,0.21384752102217408,7.934316480862844e-17
exact_dose_reference,0.01,-0.02,451,-0.9157572156877847,32.308039599822095,True,0,0.12114329898915445,0.08510749476950652,0.030943748070053536,0.013533045293450799,1.0046424616570933,0.2554309510163152,0.15901120494854
exact_dose_reference,0.01,-0.02,452,-1.9393391358759726,39.86264031568477,True,0,0.1186803074477596,0.08947824173828574,0.02740172451152311,0.01729543161295666,0.9942640822991963,0.2308868682665381,0.19329203700206743
exact_dose_reference,0.01,-0.02,453,-1.8996263356145349,114.57709815857275,True,0,0.15588859623148005,0.12643106629889447,0.06378952132955794,0.05419164007753305,0.9946667413324878,0.4091994082417449,0.42862598302713917
exact_dose_reference,0.01,-0.02,454,-0.17717325440227416,70.65595701766979,True,0,0.12064750371662974,0.07500374393151148,0.025372345683369605,8.650625850814154e-17,1.012131168116924,0.2103014559088001,1.1533592054702418e-15
exact_dose_reference,0.01,-0.02,455,-1.4804914513542822,37.848224836547814,True,0,0.11809592375890954,0.08651651896954757,0.027757645207135254,0.015236292260291686,0.99891646550716,0.23504321168444334,0.17610847548841646
exact_dose_reference,0.01,-0.02,456,0.04205568584005892,55.8276617843471,True,0,0.14873304656201816,0.10024698531595862,0.05352324686208782,0.0239610919416736,1.0143539907979326,0.3598611613174339,0.23902057369758292
exact_dose_reference,0.01,-0.02,457,-0.5544152338466057,77.83307177280739,True,0,0.10867357497188454,0.07035596718000295,0.021044189778361377,0.0013355799250008597,1.0083062076568199,0.19364587742517736,0.018983179089611994
exact_dose_reference,0.01,-0.02,458,-2.354332769950618,51.775424972995864,True,0,0.13408648993285058,0.10791015452474986,0.04137043334132664,0.03537623217505416,0.990056347402172,0.30853543382368065,0.3278304282933855
exact_dose_reference,0.01,-0.02,459,-1.3180040739607546,54.31892190488096,True,0,0.10738595826235493,0.07346839792899676,0.0171531041194661,0.0023154458264170188,1.0005639698350497,0.15973321276846367,0.03151621502152221
exact_dose_reference,0.01,-0.02,460,-0.4605351028907356,48.24726679908167,True,0,0.11537409321031913,0.07212011431620545,0.023814237354236375,0.0007445724450931749,1.0092580841935312,0.20640887994521126,0.01032406079985745
exact_dose_reference,0.01,-0.02,461,-2.6123434371927323,68.92653082906162,True,0,0.09216240313826753,0.07069339026128844,0.0034224137966728753,3.22430579618715e-18,0.9874403060964303,0.03713459805880242,4.5609720856078015e-17
exact_dose_reference,0.01,-0.02,462,-0.20489938203450686,78.28638890167295,True,0,0.1112819118112187,0.06926158407797439,0.023175247981714418,5.510002179356406e-19,1.011850045262937,0.20825709771260456,7.955351083442258e-18
exact_dose_reference,0.01,-0.02,463,-0.38161730087197254,181.80859400140898,True,0,0.13652113733560256,0.09493101038823297,0.04504586643238818,0.024805764465398276,1.0100582535510474,0.3299552531682647,0.26130307013431975
exact_dose_reference,0.01,-0.02,464,-0.620628917366528,50.40495295510808,True,0,0.1414925140723819,0.10154834625838742,0.048615961749760746,0.02773249777135542,1.0076348488601277,0.34359387893051907,0.2730964983003339
exact_dose_reference,0.01,-0.02,465,-0.9654264654739397,62.129701998035706,True,0,0.11730579454585462,0.0801698385332813,0.02560568686367015,0.0077097073663860574,1.0041388514364202,0.2182815176590525,0.09616718091786462
exact_dose_reference,0.01,-0.02,466,-0.7701194783116039,255.38081618720315,True,0,0.10283472854442562,0.06738585906610114,0.015625460931132727,1.3098190697128776e-14,1.006119122838289,0.1519473153894929,1.9437595481687492e-13
exact_dose_reference,0.01,-0.02,467,-3.046277467979497,80.44422288540008,True,0,0.14486718869931342,0.12420307520517519,0.0530834606673713,0.05294987070778658,0.9830405292940241,0.36642845867293955,0.4263169057635403
exact_dose_reference,0.01,-0.02,468,-2.2538251508336993,68.56363259588962,True,0,0.14348585428028832,0.11696234071342927,0.05021988422609853,0.044226116216903734,0.9910754218689842,0.34999885164984934,0.3781227012655521
exact_dose_reference,0.01,-0.02,469,-1.5884610679294808,57.41254347981233,True,0,0.10781237656825338,0.07601857726639763,0.01575125055371119,0.0031939608339738306,0.9978217317903529,0.1460987231251642,0.0420155302667793
exact_dose_reference,0.01,-0.02,470,-2.428211875085484,39.56298416623308,True,0,0.14412337838361064,0.11877787717490387,0.050993004217995894,0.04605320330677645,0.9893072667818631,0.3538149382140399,0.38772542835533064
exact_dose_reference,0.01,-0.02,471,-2.161375442111757,60.21937320020985,True,0,0.1840828092095757,0.1540486812369206,0.08793275381252341,0.07784517616468722,0.9920127949602039,0.4776804210566626,0.505328416573489
exact_dose_reference,0.01,-0.02,472,-0.07808403576680112,94.92594438255179,True,0,0.12336811472484874,0.07688969770938169,0.028773054185172602,0.0008002322435420066,1.0131358610301082,0.23322926065090585,0.010407535305531138
exact_dose_reference,0.01,-0.02,473,-2.2257805832175737,45.57382344649444,True,0,0.11973843428363973,0.09625366193257777,0.031102004657198645,0.02508462916540893,0.9913597734737828,0.25974955195692095,0.26060960862953775
exact_dose_reference,0.01,-0.02,474,-1.7564012124578143,62.75620810678335,True,0,0.13164184161687636,0.10206080437568618,0.03921836227864677,0.028619360115677648,0.9961189403527955,0.29791715002579405,0.2804148006744066
exact_dose_reference,0.01,-0.02,475,-2.9552968267776314,30.820689382693264,True,0,0.1255074837118155,0.10714105422239632,0.03675827369863982,0.037039800426556774,0.9839630071045388,0.2928771465376716,0.3457106213428888
exact_dose_reference,0.01,-0.02,476,-1.6271637112945436,76.87544048825009,True,0,0.12629856034516304,0.09294766487690827,0.03152351787494324,0.018122281516869142,0.9974293150164008,0.2495952272836063,0.19497296183684337
exact_dose_reference,0.01,-0.02,477,-0.7702712750778051,48.573722456236005,True,0,0.1571484454033569,0.1173091229769616,0.06205746121058246,0.04238669613092487,1.0061175837290162,0.3948970736000474,0.36132480624929075
exact_dose_reference,0.01,-0.02,478,-1.8733160766642998,53.27015329813936,True,0,0.13181082723919865,0.10319327363529188,0.04067204561478769,0.03181726552911077,0.9949335083034595,0.3085637687485236,0.3083269326405916
exact_dose_reference,0.01,-0.02,479,-0.3758355803116231,83.88398369020771,True,0,0.10800424899153721,0.06705875079135143,0.019485120298595043,6.643005279192366e-19,1.0101168760102108,0.18041068273269342,9.906246687865702e-18
exact_dose_reference,0.01,-0.02,480,-1.1239351392321684,62.496195147382345,True,0,0.10693916967854833,0.07275926419198855,0.01607237946560957,1.5667131512440652e-19,1.00253168828188,0.15029459751671925,2.153283390978237e-18
exact_dose_reference,0.01,-0.02,481,-2.0831137540545885,52.73010106786462,True,0,0.0986767922548454,0.07132871197483512,0.00753297306387397,2.780571138313816e-17,0.9928063117973295,0.0763398656537102,3.898249472519293e-16
exact_dose_reference,0.01,-0.02,482,-0.9774008903865261,69.396832934025,True,0,0.1268347148845524,0.08755505382203359,0.03188527367650212,0.011964368677623263,1.004017439440092,0.25139232350957513,0.13664966390109604
exact_dose_reference,0.01,-0.02,483,0.20818129479667213,50.75533139832303,True,0,0.11995218625564318,0.07279500853501032,0.02986708469176054,1.034400599474271e-19,1.016038384158941,0.24899158259698195,1.4209773723383552e-18
exact_dose_reference,0.01,-0.02,484,-0.24048649106636066,84.35551648977801,True,0,0.11551500691010767,0.07190132198604801,0.023144311609291153,1.653278343119684e-21,1.0114892177507477,0.20035761784009384,2.2993712736470855e-20
exact_dose_reference,0.01,-0.02,485,-0.7814096770741741,59.442668418867264,True,0,0.11668900578068848,0.07461602248308206,0.021044006548876174,5.9743853101071144e-18,1.0060046483995821,0.18034266731544013,8.006839699156715e-17
exact_dose_reference,0.01,-0.02,486,-1.9839837971748375,74.0946333517086,True,0,0.1627744283981093,0.1328530730468199,0.06853893467325683,0.0576861785071657,0.9938114177668067,0.42106696578670305,0.4342103436842294
exact_dose_reference,0.01,-0.02,487,-2.1566562532439604,43.76329675460983,True,0,0.13516534982234105,0.1106554601129463,0.045532884625047294,0.039739753286785834,0.9920606441175265,0.3368680263462116,0.35913052321343536
exact_dose_reference,0.01,-0.02,488,-0.8244744825945616,100.0782225092874,True,0,0.11511884676943812,0.07452756893575266,0.021202965569665444,4.880487994788256e-21,1.005568002460601,0.18418326941835236,6.548567281183606e-20
exact_dose_reference,0.01,-0.02,489,-1.7579111250157764,42.28745290376521,True,0,0.12865722910328725,0.09753048999525411,0.03628619288315634,0.026031872129248814,0.9961036309329877,0.2820377303013843,0.2669100927362873
exact_dose_reference,0.01,-0.02,490,-1.511070672131809,58.31771520840958,True,0,0.10396705461015836,0.07159339324812712,0.01271397009891454,1.136108390701609e-14,0.9986064143549866,0.12228845134247257,1.5868899896448608e-13
exact_dose_reference,0.01,-0.02,491,-1.6967401832903128,51.470478853194436,True,0,0.10563008591103398,0.07436336010471217,0.012932590145075593,8.082000858277076e-19,0.9967238599800091,0.12243282804832663,1.0868256688370035e-17
exact_dose_reference,0.01,-0.02,492,-2.5000028607691904,45.10959171484512,True,0,0.14452881351863556,0.1173735381360201,0.05037814712223141,0.04337402246327441,0.9885793581805018,0.34856819132287176,0.36953834017519155
exact_dose_reference,0.01,-0.02,493,-0.08106765739852584,86.83239248156406,True,0,0.11089932944632275,0.06913704661914255,0.02382052229287904,2.7155331114014e-14,1.0131056092676027,0.2147941057155679,3.9277539961470205e-13
exact_dose_reference,0.01,-0.02,494,-2.1605845671648805,54.85862659970397,True,0,0.09394703765010362,0.06816744088285821,0.005716252176179997,1.1961631570457983e-21,0.9920208138593868,0.06084547548449168,1.754742647741955e-20
exact_dose_reference,0.01,-0.02,495,-1.247790695756057,222.3100517548172,True,0,0.10708550051821117,0.07251087264449105,0.015721496514762786,1.8277234161568336e-17,1.0012758826391308,0.14681256041838417,2.5206198043124687e-16
exact_dose_reference,0.01,-0.02,496,-1.9288680789593005,39.52622086878691,True,0,0.1054728923505471,0.07604230561497982,0.014792315233269526,0.007439414200812991,0.9943702512328361,0.14024755464281904,0.09783257018113713
exact_dose_reference,0.01,-0.02,497,-1.6159132570416346,73.8290038828074,True,0,0.1477392672156093,0.11423725984940401,0.05197751941941448,0.03942955327460963,0.997543386474564,0.35181925833948385,0.3451549286685323
exact_dose_reference,0.01,-0.02,498,-2.0631665764810347,36.27018764192503,True,0,0.10029586771297089,0.07422016178254419,0.010565657333582,0.0033371218656044247,0.9930085617315015,0.1053448918136792,0.04496247091702353
exact_dose_reference,0.01,-0.02,499,-1.2907997243306046,38.832328150081416,True,0,0.17970029148524772,0.14334382295629797,0.08559908593511269,0.06929111771621464,1.000839802237985,0.47634361206442366,0.4833910264646689
exact_dose_reference,0.01,-0.02,500,-2.893895196548113,54.775456774099844,True,0,0.12453800296733458,0.10366626095826066,0.034256346440273595,0.03285465079575287,0.9845855751659188,0.2750674141551699,0.31692713224200497
exact_dose_reference,0.01,-0.02,501,-2.211503117712965,65.28650488986617,True,0,0.09935280967189966,0.07492885871670145,0.009423869434528312,0.0034498440341701256,0.9915045366337738,0.09485257101081965,0.0460415932293009
exact_dose_reference,0.01,-0.02,502,-0.3971871877594846,65.29013563508454,True,0,0.14849763777263958,0.10630162180120703,0.05697645524689289,0.032929871394787535,1.0099003861742493,0.3836859367024268,0.30977769517354276
exact_dose_reference,0.01,-0.02,503,-0.8432577381482065,74.33899046378075,True,0,0.13722513781538298,0.0985116736083294,0.04261266578559798,0.025374224678808725,1.0053775538527592,0.3105310474741683,0.2575758156306795
exact_dose_reference,0.01,-0.02,504,-0.7783872909850165,45.2326797780195,True,0,0.13339146530128598,0.09496012925985574,0.04150220995034162,0.02377108407954595,1.0060352932056116,0.3111309247304708,0.2503269979182215
exact_dose_reference,0.01,-0.02,505,-1.8751733748860189,38.624033718231715,True,0,0.13474811248956778,0.10527174969506492,0.04117642707146638,0.032597635678669995,0.9949146766446098,0.30558073364221905,0.30965226447830335
exact_dose_reference,0.01,-0.02,506,-0.7377101533823094,42.02733690208533,True,0,0.10635890085839378,0.06826869145499659,0.017450889677934348,1.8994660903426275e-18,1.0064477299211376,0.16407549849700365,2.782338506656122e-17
exact_dose_reference,0.01,-0.02,507,-1.6684888915894036,18.658549696518133,True,0,0.09994776753018246,0.07177817503319374,0.010245536800793457,0.0001467331373189808,0.9970103076173108,0.10250891094390363,0.002044258400985038
exact_dose_reference,0.01,-0.02,508,-1.9016222402095107,45.48477594153587,True,0,0.12424173159993228,0.09630206535629572,0.033527605479126886,0.025290415709936766,0.9946465043053966,0.2698578412210826,0.26261550690909885
exact_dose_reference,0.01,-0.02,509,-1.864893433436876,69.03051096710196,True,0,0.09961674593759275,0.07052096580747143,0.00858071926670632,4.0973534144699363e-20,0.9950189078058211,0.08613731743538294,5.810120958433949e-19
exact_dose_reference,0.01,-0.02,510,-1.966477051913984,42.812764354033106,True,0,0.11834956318453373,0.08959025220043225,0.027105355994920626,0.017728134532053113,0.9939889234847719,0.22902793441372696,0.19788017219096052
exact_dose_reference,0.01,-0.02,511,-0.0382752245886131,85.67754154375723,True,0,0.1369070800246652,0.09021179432835227,0.04248150780745713,0.01623253037232489,1.0135394935445612,0.31029445518671245,0.17993800581376132
exact_dose_reference,0.01,-0.02,512,-0.4826606664987021,42.855414916334226,True,0,0.11247304472907445,0.07126420954212377,0.02204510273629145,2.359464034854321e-24,1.0090337470026316,0.19600343166128192,3.3108681763454605e-23
exact_dose_reference,0.01,-0.02,513,-0.9083680247180981,146.35991892926205,True,0,0.11591621631287159,0.07564453178664274,0.02059627828808782,7.013117957644954e-19,1.0047173827020226,0.177682458444779,9.27114993245728e-18
exact_dose_reference,0.01,-0.02,514,-1.0742266895800046,80.65797800719523,True,0,0.14469341702368188,0.10593244608094421,0.05035861399985867,0.030784718698843687,1.0030356959608044,0.3480366628677828,0.29060707873507163
exact_dose_reference,0.01,-0.02,515,-1.4636568568195507,33.352037324314495,True,0,0.13721629066664554,0.10420497811493937,0.043926410751203196,0.03194552748288965,0.9990871561035567,0.32012533306208085,0.30656431257682665
exact_dose_reference,0.01,-0.02,516,-2.5888646037828478,46.93393706757136,True,0,0.1597349594024048,0.1343932207736645,0.0661882352945122,0.061599649839243084,0.9876783644630375,0.41436286422291935,0.4583538476467115
exact_dose_reference,0.01,-0.02,517,-1.5913137779609343,87.41778821322566,True,0,0.12879209767763214,0.09804912975736514,0.038811169014100366,0.027521340658789542,0.9977928073766635,0.301347440673302,0.2806892904291405
exact_dose_reference,0.01,-0.02,518,-1.1784854402115075,75.88423011337457,True,0,0.12059030831553164,0.08227788872980418,0.026549413140933942,0.00978014570332477,1.0019785877371312,0.22016208028480896,0.1188672419079955
exact_dose_reference,0.01,-0.02,519,-2.2803544419123245,68.70779528988261,True,0,0.13612609715987498,0.11105551079439781,0.04590252343872146,0.039617605443706114,0.9908064340708611,0.3372059024421355,0.35673696118558235
exact_dose_reference,0.01,-0.02,520,-0.32373014892360663,70.61210404965837,True,0,0.11654957388566234,0.07459302615312985,0.025617618342823528,0.0024471806658723266,1.0106451873479612,0.21980018878451643,0.032807097286126734
exact_dose_reference,0.01,-0.02,521,-1.0946360831159407,33.981779302798856,True,0,0.11849039667995412,0.08214878256999675,0.02627384784251239,0.009541082614347543,1.0028287594915264,0.2217382047718077,0.11614393197145491
exact_dose_reference,0.01,-0.02,522,-1.8951424378316983,47.09119639645466,True,0,0.12054710396302085,0.09188357311251087,0.02818803980004889,0.0202925185934758,0.9947122048086146,0.23383423469630496,0.22085034251582417
exact_dose_reference,0.01,-0.02,523,-1.5388404657391663,59.94690601641116,True,0,0.10084617390805256,0.06882727161762311,0.011461305212793697,2.6034387819465543e-17,0.9983248487596363,0.11365136394012974,3.7825686254283365e-16
exact_dose_reference,0.01,-0.02,524,-3.383819911882757,49.38605231989915,True,0,0.12462915004967053,0.11119744639682685,0.03452909682038148,0.04053445553420482,0.9796180933725537,0.2770547404569479,0.3645268560354415
exact_dose_reference,0.01,-0.02,525,-0.24082463514513153,116.58668456365925,True,0,0.12473835927333318,0.0790856935154902,0.029836493332722484,0.0023067374122288744,1.0114857892146845,0.23919260688160254,0.02916756886979897
exact_dose_reference,0.01,-0.02,526,-2.1108147356767137,152.64421496609296,True,0,0.12017179420512465,0.09091918761036727,0.025792381040956835,0.01646428765534674,0.9925254439056734,0.21462924150846152,0.18108705200825356
exact_dose_reference,0.01,-0.02,527,-2.235864130348997,56.57220765252462,True,0,0.12916789816962848,0.103471063666581,0.03765127707885126,0.032453868604050265,0.9912575336087177,0.29149097889172193,0.3136516379944414
exact_dose_reference,0.01,-0.02,528,-1.121634810043426,69.9204237408813,True,0,0.1499770549796706,0.11242426371852947,0.056471103297700956,0.038166325375575065,1.0025550119538773,0.37653161882233,0.3394847705752383
exact_dose_reference,0.01,-0.02,529,-1.0497392804530659,106.11611116206348,True,0,0.10351417910886494,0.06906013352879542,0.014754060643715252,4.463466874819625e-14,1.0032839805547378,0.14253178425149407,6.463159925629931e-13
exact_dose_reference,0.01,-0.02,530,-1.511004775351965,177.71754435267022,True,0,0.10702065655945647,0.07310062386193418,0.01449074080029397,7.736521037211909e-21,0.9986070825006096,0.13540134462026482,1.0583385788641075e-19
exact_dose_reference,0.01,-0.02,531,-2.8375828489416333,71.12572807821772,True,0,0.16598953842414044,0.1446305941306992,0.07191893203314698,0.0697887189305543,0.9851565415873328,0.4332738841009245,0.4825308182547318
exact_dose_reference,0.01,-0.02,532,-1.429875644417855,60.82873625561325,True,0,0.10594818427291373,0.07258993157969328,0.014081232227765458,1.6746605665139852e-19,0.9994296731318079,0.13290678197460537,2.3070149400477797e-18
exact_dose_reference,0.01,-0.02,533,-0.501536772490363,76.60896306234963,True,0,0.124130352798893,0.08338907321864886,0.030214823944668734,0.0080999307768626,1.0088423569585936,0.24341205243829928,0.09713419833344734
exact_dose_reference,0.01,-0.02,534,0.3828033821775545,71.11876951366253,True,0,0.12057677953373327,0.07116324529023073,0.030079827698569126,4.027926636897887e-16,1.0178089256577334,0.24946617263196863,5.66012218873728e-15
exact_dose_reference,0.01,-0.02,535,0.04736659515218733,54.81484779280334,True,0,0.11694639997112093,0.07127764433179944,0.02668884101809149,1.1410645786935103e-19,1.0144078395720166,0.22821430180563154,1.6008730218156798e-18
exact_dose_reference,0.01,-0.02,536,-0.11418664909880194,75.36872999753453,True,0,0.12538390472602623,0.07944628288373864,0.0339551084762019,0.008674126907036506,1.0127698066776611,0.27080914851389026,0.10918228760595618
exact_dose_reference,0.01,-0.02,537,-0.8703172627444467,131.7355086773184,True,0,0.11505597390887397,0.07865205850886181,0.025009781826288362,0.007598453647235302,1.0051031898707805,0.2173705630104568,0.09660845235702478
exact_dose_reference,0.01,-0.02,538,-1.4466409663237423,100.54907031548484,True,0,0.12804189173924477,0.09700470598379726,0.036840251568395335,0.02541513047033797,0.999259684909698,0.2877203005046185,0.26199894337686125
exact_dose_reference,0.01,-0.02,539,-0.681168930496967,109.59609497345683,True,0,0.11173098179267166,0.07172604784452329,0.019374556125458946,4.062130022794059e-20,1.0070210169721199,0.17340361477723726,5.663395858083971e-19
exact_dose_reference,0.01,-0.02,540,-3.132185345576066,41.59095555484673,True,0,0.12793045126819214,0.10878863498792594,0.03679385138328,0.03596228811989868,0.9821694856325992,0.28760823571352634,0.3305702670494028
exact_dose_reference,0.01,-0.02,541,-1.7033294587452064,54.586274649447624,True,0,0.16321098268701933,0.1301908998240151,0.06784793754288049,0.05513091217947388,0.9966570494990736,0.415706936052145,0.42346210260468903
exact_dose_reference,0.01,-0.02,542,-0.8115211945743273,48.13240590397322,True,0,0.11063407758669284,0.07444761386716807,0.021890656200830194,0.0051511917011772615,1.005699339419915,0.1978654016767725,0.06919216659338727
exact_dose_reference,0.01,-0.02,543,-2.4595308844063246,82.77783630973688,True,0,0.10313618467651024,0.07926452308287651,0.012288053001644436,0.007017900540635618,0.9889897147096406,0.11914395553981647,0.08853772492011237
exact_dose_reference,0.01,-0.02,544,-1.7566517297297746,34.373646076708596,True,0,0.12695929998330585,0.09589026379472378,0.034174672026144895,0.023452865797476744,0.9961164002890909,0.26917816993822896,0.24458026153398907
exact_dose_reference,0.01,-0.02,545,-0.7628986149763151,98.23877080929068,True,0,0.11638477863132012,0.07811765859721277,0.02632231789082697,0.008853698222278229,1.0061923371629142,0.22616632690611496,0.1133379876108336
exact_dose_reference,0.01,-0.02,546,-0.8734539823575527,64.60827366008365,True,0,0.1344006212612708,0.09589546774263259,0.042568032737648205,0.02389514647472855,1.0050713858056226,0.3167249700051402,0.24917910134042132
exact_dose_reference,0.01,-0.02,547,-0.9516459976108727,127.95143645293042,True,0,0.11224623761063042,0.07315184946283472,0.01860257203516231,1.959716998100661e-12,1.0042785754002685,0.16573002740361364,2.6789712255960233e-11
exact_dose_reference,0.01,-0.02,548,-0.4489758473442129,46.58717939654595,True,0,0.13174280665755397,0.09046149683180973,0.040656554095046926,0.018055474916205166,1.0093752866731673,0.3086054952565847,0.19959292680923413
exact_dose_reference,0.01,-0.02,549,-2.425737431864561,37.149583030548314,True,0,0.13913750026741045,0.11386222449823015,0.04782554733536088,0.04244752567168596,0.9893323558440473,0.34372866584094325,0.37279726317261397
exact_dose_reference,0.01,-0.02,550,-2.552375632707593,76.65985901089797,True,0,0.13201794024051777,0.10954934336761388,0.04190165568616419,0.039444482249562,0.9880483362031877,0.3173936482407268,0.36006132978085004
exact_dose_reference,0.01,-0.02,551,-2.1938271247404773,62.695731307130615,True,0,0.11990214694234315,0.09519795144738716,0.030797089303412673,0.024452097041375465,0.9916837584009601,0.2568518586929218,0.25685528595527973
exact_dose_reference,0.01,-0.02,552,-1.0358115903865261,27.643381611123544,True,0,0.1230683822235409,0.08764830575086376,0.03245735410641708,0.014632067413878068,1.003425197245106,0.26373430380730667,0.16694067601796023
exact_dose_reference,0.01,-0.02,553,-1.7740682122837859,66.92438679601392,True,0,0.14593826828877926,0.1161474383713429,0.05165381415881189,0.042075614967373685,0.9959398097696017,0.3539429017795423,0.3622603783378404
exact_dose_reference,0.01,-0.02,554,-1.4837251474781654,29.485717300772325,True,0,0.10906854805489362,0.07586890077616024,0.018950048070084942,0.004378184094406313,0.9988836781704163,0.17374438743374016,0.05770722983483688
exact_dose_reference,0.01,-0.02,555,-1.419258188995931,38.89772338895479,True,0,0.17107357412638383,0.13608941673008246,0.07758572613695139,0.062356496985055396,0.9995373264402642,0.4535225649733224,0.4582023972424855
exact_dose_reference,0.01,-0.02,556,-1.4719430668115652,66.79398208310594,True,0,0.15293354159390773,0.11975885749963965,0.060926821766170036,0.04750211001607876,0.9990031399353925,0.39838756842467005,0.3966479891996439
exact_dose_reference,0.01,-0.02,557,-0.8205449917306429,61.26676806658683,True,0,0.12509925470991923,0.0871849380011873,0.03447239393225563,0.015837559949797707,1.0056078446520904,0.27556034616025804,0.1816547710291659
exact_dose_reference,0.01,-0.02,558,-1.411528322588218,59.57831165225969,True,0,0.10950761428970464,0.07941191580948727,0.020723225196589073,0.010923220700757671,0.9996157016874064,0.18924003897816052,0.13755140635270613
exact_dose_reference,0.01,-0.02,559,-1.2460413872525389,62.58574104118686,True,0,0.13494698397133853,0.10065102882906823,0.044518018789233484,0.029790478434751015,1.0012936193604478,0.32989265472349266,0.2959778830015045
exact_dose_reference,0.01,-0.02,560,-1.1487251189209902,42.61413182302816,True,0,0.1446805364148382,0.11026598384907067,0.05403961928052691,0.03811441094899724,1.002280335841581,0.3735099455643482,0.3456588298451796
exact_dose_reference,0.01,-0.02,561,-2.0390747752633054,92.0674354602624,True,0,0.15395919023139293,0.1260336776592875,0.06187304358815174,0.05379485510379188,0.9932528351477481,0.40187950777839027,0.42682921027836646
exact_dose_reference,0.01,-0.02,562,-0.8990699842924554,68.38070155382826,True,0,0.12695948538881086,0.08880017925833683,0.03511534623054551,0.016655157655969578,1.0048116580979818,0.2765870239864747,0.18755770309332953
exact_dose_reference,0.01,-0.02,563,-1.1541666155270303,238.55366582854214,True,0,0.11605717436665478,0.0820716144033251,0.025963560181382968,0.013066908869412842,1.0022251630069126,0.2237135301895024,0.1592134986549435
exact_dose_reference,0.01,-0.02,564,0.008230112378737608,63.44030084299298,True,0,0.11926632149650193,0.07490327338649141,0.029851915009236066,0.004791787529736792,1.0140110239806646,0.25029626666327276,0.06397300562569241
exact_dose_reference,0.01,-0.02,565,0.04807571725862214,41.28816650463719,True,0,0.13380764164122588,0.08551971265920906,0.037641062170658005,0.009841460527304531,1.0144150295566055,0.2813072684711369,0.11507826934033517
exact_dose_reference,0.01,-0.02,566,-1.6726717232054988,134.835932565172,True,0,0.10586390076683069,0.07323656626601895,0.0130247274615875,0.00013598727998088324,0.9969678967340724,0.12303275589924617,0.0018568221711396649
exact_dose_reference,0.01,-0.02,567,-1.9976524048223254,50.20303750198307,True,0,0.11778210199240063,0.09137490022498067,0.028690256894643378,0.0204308536334846,0.9936728279845313,0.24358757747840576,0.22359371756554958
exact_dose_reference,0.01,-0.02,568,-1.6868827846917789,52.83497793349905,True,0,0.11011992238053504,0.08054870698889346,0.018048668279435732,0.0078433890606204,0.9968238068627352,0.16390011806461316,0.09737448748496849
exact_dose_reference,0.01,-0.02,569,-1.0043992047798822,42.452946301109435,True,0,0.10661261866927721,0.07070953104024147,0.017648025627369238,0.0012718716365692196,1.0037436960852402,0.16553411638930982,0.01798727297237179
exact_dose_reference,0.01,-0.02,570,-3.1936725859406323,51.651322521143285,True,0,0.1670712569415722,0.1475516251912858,0.07299482437878917,0.07339108166817827,0.9815460495464515,0.4369083330971572,0.49739256733386794
exact_dose_reference,0.01,-0.02,571,-0.6853253159382455,113.81468194985455,True,0,0.1297793891367399,0.09207674428002859,0.03950157357545732,0.02082226831980522,1.006978874233941,0.30437478430289994,0.2261403623968225
exact_dose_reference,0.01,-0.02,572,-1.5424955512068128,76.77714997502662,True,0,0.14402082798118462,0.11124787106750328,0.05167625698979227,0.04002731975260967,0.9982877888401315,0.35881099778528863,0.35980301796806324
exact_dose_reference,0.01,-0.02,573,-1.1987268111374516,41.539595296701506,True,0,0.114386352903002,0.0795488774356462,0.023459278514955575,0.008775586050859012,1.0017733548954308,0.20508808891606772,0.11031690620597787
exact_dose_reference,0.01,-0.02,574,-2.065695682897317,28.993891144122486,True,0,0.10487743969465019,0.07843046487086523,0.014299497829371417,0.006106792357836101,0.9929829184241052,0.1363448409019546,0.07786250365710387
exact_dose_reference,0.01,-0.02,575,-1.7800534202531915,46.62933121413963,True,0,0.11170940030370449,0.08215069942601023,0.020241653214212358,0.009004145511983875,0.995879124095483,0.18119919325662254,0.10960522034378466
exact_dose_reference,0.01,-0.02,576,-2.0500815746574363,86.04087247065576,True,0,0.11933805029881968,0.09226851531526956,0.029917668368788664,0.022528135506250536,0.9931412341733898,0.2506968087200648,0.24415842640661137
exact_dose_reference,0.01,-0.02,577,-0.3955212315232992,100.38499190684352,True,0,0.10807125149368836,0.06884931009695337,0.019879591455979385,2.416566648121989e-16,1.009917277763942,0.18394893351577782,3.5099358943742325e-15
exact_dose_reference,0.01,-0.02,578,-1.2423758162674048,46.33580194442178,True,0,0.10534507474767633,0.07049174562269563,0.015215402185946976,3.0132097317922596e-19,1.001330785595506,0.1444339208301012,4.2745568366548184e-18
exact_dose_reference,0.01,-0.02,579,-0.5582999570662217,41.86607726052688,True,0,0.11666540798131182,0.07725664668876703,0.02712572617142138,0.00515138729436263,1.0082668193768216,0.23250873280078482,0.06667888803296497
exact_dose_reference,0.01,-0.02,580,-0.37685760006911373,30.627958043887972,True,0,0.13582113721080957,0.0914636020167714,0.04295380077348757,0.019350554393601938,1.0101065134700513,0.3162526956818104,0.21156562793201264
exact_dose_reference,0.01,-0.02,581,-0.005249642594429282,71.48572948023252,True,0,0.11267010660976357,0.0684815352364036,0.023220752176976632,2.082248783966561e-14,1.0138743490277333,0.20609505818080417,3.0405988662176977e-13
exact_dose_reference,0.01,-0.02,582,-1.0116104534812376,63.09608287413021,True,0,0.1132443287532786,0.07494498839773808,0.01904203040768755,2.8500489466652207e-18,1.0036705792460399,0.16814996933907167,3.802854610557573e-17
exact_dose_reference,0.01,-0.02,583,-1.062813790328665,56.344491311544715,True,0,0.10539998536632142,0.07044539882224612,0.015952457179680093,2.5659292204763517e-19,1.0031514144936036,0.15135160715854712,3.642436927571273e-18
exact_dose_reference,0.01,-0.02,584,-1.6531421292434234,38.37542277601439,True,0,0.14435246656460204,0.11456530871004136,0.05297691679871871,0.040841846519649935,0.9971659126728523,0.36699696277797894,0.3564940118392947
exact_dose_reference,0.01,-0.02,585,-1.319937935391935,43.834495012218724,True,0,0.10746808162467882,0.07386757497336738,0.014234801303374177,1.2576236147679032e-15,1.0005443618807057,0.1324560845245917,1.7025381098829002e-14
exact_dose_reference,0.01,-0.02,586,-1.4405890940994648,59.80573342424551,True,0,0.1324408513593543,0.09896983934430462,0.03922035158511515,0.02500854399448792,0.9993210465110807,0.2961348495012149,0.25268853784319173
exact_dose_reference,0.01,-0.02,587,-2.3935355220545795,41.49108373770092,True,0,0.13593650996901588,0.11179384721925999,0.043505287534952586,0.03961423437826619,0.9896588598878031,0.3200412276648031,0.3543507568942613
exact_dose_reference,0.01,-0.02,588,-1.9572265210714979,55.640017161537045,True,0,0.09912677324159186,0.07050005747311243,0.008597828876380291,1.3793979645296431e-16,0.9940827171679659,0.08673568800051279,1.956591262433684e-15
exact_dose_reference,0.01,-0.02,589,-0.7392906513951303,53.534392368234506,True,0,0.11978471828651063,0.07939461162307744,0.026880824086566817,0.005868985090245755,1.006431704815938,0.22440946116574836,0.07392170539366719
exact_dose_reference,0.01,-0.02,590,-2.3556994063006487,41.272868840788334,True,0,0.15866517502960925,0.13318355519305844,0.06621670893099825,0.061797744109635455,0.9900424906993472,0.41733612255267255,0.4640043135960405
exact_dose_reference,0.01,-0.02,591,-2.558374156329435,52.65728031844143,True,0,0.13835361639248345,0.11613172514766942,0.04864183094707465,0.0445544410331289,0.9879875155179968,0.35157614390856856,0.38365434575672486
exact_dose_reference,0.01,-0.02,592,-1.0472337256503428,49.64321842116439,True,0,0.11375338283261942,0.07891963909292017,0.024706472329506627,0.008733691574603379,1.0033093850658295,0.21719329759063577,0.11066562993680584
exact_dose_reference,0.01,-0.02,593,-0.7928649414824851,112.01760321568553,True,0,0.11235848304314293,0.07423641678301686,0.018912272384050542,1.2000110125346229e-19,1.0058885003147737,0.16832082342005888,1.6164721635772035e-18
exact_dose_reference,0.01,-0.02,594,-2.0842204924356733,79.09704442170761,True,0,0.12210561341576835,0.0958806546672766,0.03239035807530417,0.025264262788086432,0.9927950902716829,0.2652651026371354,0.2634969783608387
exact_dose_reference,0.01,-0.02,595,-1.8165826316954736,101.5688261088137,True,0,0.11747963898980937,0.08906388416416765,0.027683702223130952,0.017365903514564553,0.9955087443471545,0.23564681047013042,0.19498255300155926
exact_dose_reference,0.01,-0.02,596,-1.7518188111301902,50.892980121193744,True,0,0.11810135170442891,0.08886341612283909,0.029078551583933618,0.019315342914361374,0.9961654025835268,0.24621692439819168,0.2173598963116732
exact_dose_reference,0.01,-0.02,597,-1.1140624523813925,44.660379633466846,True,0,0.1335178047578147,0.09556153369807889,0.03951998572911255,0.02271090332981136,1.0026317901764115,0.29599037971600173,0.23765737583874635
exact_dose_reference,0.01,-0.02,598,0.18893628182292677,46.36011363454364,True,0,0.15540452183433084,0.10696886015573348,0.06228620314085541,0.032428523348492465,1.0158432536652797,0.4008004555186347,0.3031585388615017
exact_dose_reference,0.01,-0.02,599,-1.3726606015679987,124.39287176660955,True,0,0.1272889422904606,0.09603620793474732,0.03888897360101968,0.02651886810658014,1.000009792229227,0.3055172971135147,0.27613406106786964
exact_dose_reference,0.01,-0.02,600,-3.0848250250392395,50.17491975543969,True,0,0.12459673897082671,0.10516973580744289,0.03253859247507911,0.03236497464069124,0.9826496849828891,0.2611512367325902,0.30774038170019596
exact_dose_reference,0.01,-0.02,601,-1.9140771069013351,71.61016622307005,True,0,0.11058188756157185,0.08338304292220786,0.020937021840202685,0.012347777339349733,0.9945202209773792,0.18933500143542928,0.1480849931426655
exact_dose_reference,0.01,-0.02,602,-1.0183562957234438,78.58441936064935,True,0,0.10772500372201539,0.0711221736075672,0.01730075245305179,7.374284787872125e-19,1.003602181291272,0.16060108475555424,1.0368474997068314e-17
exact_dose_reference,0.01,-0.02,603,-1.4728712971265212,110.35777552391845,True,0,0.1395635966403965,0.10493976713216883,0.045179611103813674,0.032450115613329854,0.9989937283522548,0.32372059900566147,0.30922610655748645
exact_dose_reference,0.01,-0.02,604,-1.6881734469315068,34.464291887579165,True,0,0.12850926617854663,0.09593839201901154,0.03680656911486621,0.026137060261141695,0.9968107204823657,0.2864117912223415,0.2724358800589681
exact_dose_reference,0.01,-0.02,605,-1.1878409827811076,45.4742367637989,True,0,0.1307384718808397,0.096455568970949,0.04109039189840709,0.024843535200603967,1.0018837293110774,0.3142945707355255,0.25756454983005156
exact_dose_reference,0.01,-0.02,606,-0.8998851270274777,60.0082799270172,True,0,0.12387928737587843,0.08781944018591423,0.03464403152154574,0.016995445674670945,1.0048033931410028,0.2796595964943496,0.1935271465940969
exact_dose_reference,0.01,-0.02,607,-1.4001381018642678,50.615342732235106,True,0,0.13323318960592767,0.0981659405045293,0.040542092731423764,0.02396642150690271,0.9997311902763623,0.30429424418448364,0.24414192319378752
exact_dose_reference,0.01,-0.02,608,-1.7355648408635571,166.9396440080161,True,0,0.1033931898449037,0.07292690904284317,0.012203784031587363,4.1534490458585834e-21,0.9963302060703528,0.11803276453597968,5.695358682236911e-20
exact_dose_reference,0.01,-0.02,609,-0.7161358771126558,39.19044524905707,True,0,0.1577441669129112,0.11788195394041982,0.06583093660748451,0.044710342030355656,1.006666477457688,0.4173272324156939,0.3792806323260748
exact_dose_reference,0.01,-0.02,610,-1.846888192970919,49.8992389982446,True,0,0.14766365010396218,0.11602710555678666,0.054557503815108106,0.04214874064810698,0.9952014679041389,0.3694714560875141,0.36326632855180807
exact_dose_reference,0.01,-0.02,611,-2.3208401065886286,70.6545743302653,True,0,0.12956699938613608,0.10299834130923906,0.035754796793540725,0.028356723299695026,0.9903959387521376,0.27595604562072273,0.27531242677547274
exact_dose_reference,0.01,-0.02,612,-2.5190679155777884,49.77857438718892,True,0,0.12418659270063533,0.10128916672199256,0.03265852379669771,0.029377199419867262,0.9883860523323033,0.2629794657095108,0.2900329854672276
exact_dose_reference,0.01,-0.02,613,-2.247866644330765,46.2683470248746,True,0,0.14684093670865617,0.11938175508637947,0.05395175654140997,0.04775155427139993,0.9911358368095711,0.3674163196633269,0.3999903857741828
exact_dose_reference,0.01,-0.02,614,0.030150116259197723,301.92176156943594,True,0,0.11094425088622605,0.06803574611017718,0.024988707090281333,1.5531697236398366e-15,1.0142332769448008,0.22523661109675158,2.282873066644454e-14
exact_dose_reference,0.01,-0.02,615,-1.7964119760479513,99.73145168263407,True,0,0.11080518796913019,0.0827330736762173,0.02264659936792461,0.013793408769365799,0.9957132601871461,0.20438212129773065,0.16672182183569587
exact_dose_reference,0.01,-0.02,616,-1.6513006090920324,52.90117496788105,True,0,0.16213417496367977,0.1306596827002533,0.06969341523269855,0.05698636555410074,0.9971845843534959,0.42985024747750317,0.436143455857254
exact_dose_reference,0.01,-0.02,617,-1.8301069287815164,111.5101426327139,True,0,0.09396805378196149,0.06734999992014092,0.008126979012754732,4.363771702555435e-16,0.9953716177694576,0.08648661630911443,6.479245297297255e-15
exact_dose_reference,0.01,-0.02,618,-0.7587839911347927,57.139346234071276,True,0,0.1096985129704204,0.07013415035954736,0.018704822023820813,1.6067690415902364e-22,1.0062340564687169,0.17051117209642092,2.290993807372056e-21
exact_dose_reference,0.01,-0.02,619,-0.7056925554437488,37.526705941020424,True,0,0.10907396440909989,0.07106136938292197,0.020125508566396264,1.3767540671038119e-14,1.006772365176002,0.18451248815814766,1.937415615627982e-13
exact_dose_reference,0.01,-0.02,620,-2.105406262240428,55.496851233043685,True,0,0.10253141981114668,0.07684800649493752,0.01210078291117147,0.004620298284312879,0.9925802819093171,0.11802024134123945,0.06012255223064567
exact_dose_reference,0.01,-0.02,621,-0.9067375918159426,40.7966194533734,True,0,0.10919874105157511,0.07195880794341945,0.019063983581069286,4.051641295337198e-16,1.0047339141108356,0.1745806169328021,5.630500853381238e-15
exact_dose_reference,0.01,-0.02,622,-1.8200996649973988,109.22334054493754,True,0,0.09851221023402894,0.07248849379533641,0.011150694759710011,0.0033800770633092263,0.995473084176628,0.11319099158591654,0.046629152936361405
exact_dose_reference,0.01,-0.02,623,-0.21834382747709657,147.60456702166687,True,0,0.11671347312485607,0.07043196760745873,0.02418779914111946,1.8008634943958454e-19,1.0117137283230735,0.20724084798028572,2.5568836929740044e-18
exact_dose_reference,0.01,-0.02,624,-0.6249824925530945,112.95440915501655,True,0,0.1048717408002085,0.06703305066005079,0.018909100833378826,1.6400317497784457e-20,1.007590706760743,0.18030692242825086,2.4466016892109667e-19
exact_dose_reference,0.01,-0.02,625,-1.5708152012974597,33.21536947806885,True,0,0.11790825510730293,0.08627742608664939,0.028210501308008253,0.01675799069352271,0.9980006480982653,0.23925806791335485,0.19423378111317868
exact_dose_reference,0.01,-0.02,626,-1.5923311956655861,105.73960877698467,True,0,0.1355972100890075,0.10475196548639328,0.04474426980945575,0.03337369014036419,0.9977824914979868,0.3299792804002761,0.3185972691338117
exact_dose_reference,0.01,-0.02,627,-1.8977798142829627,80.46725460566444,True,0,0.1039931539147872,0.0746851538305605,0.01274642813530438,0.0037456872877091245,0.9946854637214764,0.12256987749163664,0.05015303705749914
exact_dose_reference,0.01,-0.02,628,-1.014838066013557,169.30189601820047,True,0,0.10477317182435276,0.0715760165736927,0.016838632307490817,0.0026645897169552232,1.0036378535925088,0.16071511451156584,0.03722741002514208
exact_dose_reference,0.01,-0.02,629,-0.7865497750184636,37.15419941006655,True,0,0.11385762257089527,0.07694145913232657,0.02456551920582582,0.005871156273296221,1.0059525315290607,0.21575647419240382,0.07630679661531768
exact_dose_reference,0.01,-0.02,630,-2.1216231990285106,55.99046643791307,True,0,0.1008344150070217,0.07459009056912938,0.010787569641577162,0.001955284791434869,0.9924158539151426,0.10698301409123025,0.026213733976133594
exact_dose_reference,0.01,-0.02,631,-2.032531247573355,58.92628362228969,True,0,0.14114418179882282,0.11124201277856,0.04676857765981035,0.03645288771695204,0.9933191817794791,0.33135320963120574,0.3276899330248159
exact_dose_reference,0.01,-0.02,632,-2.939655904684668,72.79610666900047,True,0,0.10849681808849404,0.08973680473379937,0.020079784971563756,0.021429963496079077,0.9841215947268741,0.18507257010234104,0.23880907682918065
exact_dose_reference,0.01,-0.02,633,-2.034420154013261,56.26439929690763,True,0,0.10415518000410084,0.07785150766869732,0.014431033606416836,0.006066964683595199,0.9933000296361887,0.1385532011547448,0.07792995749566729
exact_dose_reference,0.01,-0.02,634,-0.9315244719334648,74.14612604070291,True,0,0.11246702166670926,0.07366421723201867,0.018898811370108768,2.4614254806791638e-21,1.0044825930979449,0.16803869338795607,3.341412660269588e-20
exact_dose_reference,0.01,-0.02,635,-1.8832588945694617,57.466078401031425,True,0,0.10351689407563935,0.07438503968512007,0.013067744819806488,0.0040178927083743664,0.9948326953308277,0.12623779853999428,0.054014795520477527
exact_dose_reference,0.01,-0.02,636,-1.3714263052568398,36.870908608233826,True,0,0.11740507129929861,0.08467057157030697,0.027157657333478552,0.012885229708205504,1.0000223070999028,0.23131587956917152,0.1521807337453266
exact_dose_reference,0.01,-0.02,637,-1.305313540028663,50.37999382034834,True,0,0.10413717442014221,0.07085274589102118,0.014357452067900098,3.684438914047059e-18,1.0006926426582052,0.13787057453637883,5.2001356725314577e-17
exact_dose_reference,0.01,-0.02,638,-2.695904040131225,47.85300125290796,True,0,0.1328319775875981,0.11092543496969025,0.04151743453739344,0.03981007810324222,0.9865930621000623,0.31255602221245354,0.3588904394571011
exact_dose_reference,0.01,-0.02,639,-2.8614788140312153,82.18708721367815,True,0,0.14383083043630943,0.12469471128105632,0.052134639614186545,0.053230579710864416,0.9849142538075943,0.36247193634380487,0.42688722852796107
exact_dose_reference,0.01,-0.02,640,-0.917429613605858,84.04858758661703,True,0,0.11982583079160011,0.08354255490033757,0.029316908148864042,0.015041481361075608,1.0046255047534114,0.24466267377567125,0.1800457429033551
exact_dose_reference,0.01,-0.02,641,-1.115340109855678,42.24332285951163,True,0,0.1427363657133857,0.10557784033547456,0.050144854383,0.032814837920512305,1.0026188356549453,0.35131099304917685,0.31081179361353534
exact_dose_reference,0.01,-0.02,642,-2.0359053777644687,37.22724760951807,True,0,0.12994940788494996,0.10077767923674834,0.0362355220851801,0.027688293175781767,0.9932849705430009,0.2788433027510293,0.2747462869306212
exact_dose_reference,0.01,-0.02,643,-1.544594280090461,50.497968731467736,True,0,0.1248854501797019,0.09189705821217714,0.03248883658751979,0.01837904499667832,0.9982665092492221,0.2601490929549479,0.19999601025577704
exact_dose_reference,0.01,-0.02,644,-1.430025614830377,56.381220267128946,True,0,0.11393148924301089,0.08009460200291292,0.021441462276004918,0.007947367935743056,0.9994281525404385,0.188196102925252,0.09922476342980045
exact_dose_reference,0.01,-0.02,645,-0.6492400682397759,133.08245988749476,True,0,0.13013956891035616,0.09057686488579912,0.03909779548578687,0.020065139246305645,1.0073447525114407,0.30042972950616226,0.22152609578178842
exact_dose_reference,0.01,-0.02,646,-1.9550748611009472,35.07973124792187,True,0,0.127677425860588,0.0996276164610492,0.035886273900827124,0.027594397892672713,0.994104533441762,0.2810698418999427,0.27697538968485835
exact_dose_reference,0.01,-0.02,647,-1.2683450913234418,132.0604460153457,True,0,0.14247105374317162,0.10857193390184355,0.05076935156501163,0.03642576088733005,1.0010674759542693,0.3563485369914653,0.3354988676932054
exact_dose_reference,0.01,-0.02,648,-1.7239317728861558,40.128082813572966,True,0,0.1536844115636651,0.12320784744523165,0.06226028502784399,0.050729355185590616,0.9964481569545804,0.4051177630468535,0.41173802024372536
exact_dose_reference,0.01,-0.02,649,-2.3372739265591025,228.11900347415795,True,0,0.09019520445432688,0.0679894312037661,0.0032693605916607254,1.2511818887519538e-14,0.9902293117195679,0.03624760996374554,1.8402593853184753e-13
exact_dose_reference,0.01,-0.02,650,-0.545902538512899,46.580023207378936,True,0,0.11675351719017146,0.07328435138463482,0.023368186260294757,1.1893191581087489e-15,1.0083925202223205,0.20014974128986615,1.6228828332894377e-14
exact_dose_reference,0.01,-0.02,651,-1.8428323758565401,48.868091315548725,True,0,0.11382923327539252,0.08286521757600374,0.020237740749516005,0.009428376740103309,0.9952425909523182,0.17779036339947815,0.11377966553283504
exact_dose_reference,0.01,-0.02,652,-2.271459588205038,61.56274537424967,True,0,0.11428698021066643,0.08889100959079307,0.022734915110494306,0.016474485577849116,0.9908966214454977,0.19892830371917072,0.18533354108237587
exact_dose_reference,0.01,-0.02,653,-2.6754564943279324,68.11575371629587,True,0,0.14004326104278197,0.11913411948920985,0.048509160029403905,0.046354246951060454,0.9868003854057,0.3463869640580905,0.3890929580023364
exact_dose_reference,0.01,-0.02,654,-2.8265894207815,87.75110863019299,True,0,0.12026371846407861,0.1006898989875326,0.03040712056142507,0.03051011160558524,0.9852680069870623,0.25283702308362704,0.30301064865864047
exact_dose_reference,0.01,-0.02,655,-2.073334029118057,55.950228795396804,True,0,0.1179428176995455,0.0916099520705129,0.028644292141944302,0.02110874139130546,0.9929054711253769,0.24286593029271578,0.23041974058733158
exact_dose_reference,0.01,-0.02,656,-1.259515273456835,130.70710205144348,True,0,0.14930673527235658,0.1153135264629914,0.0580475882837284,0.043539306036103675,1.0011570039125826,0.3887807752131302,0.3775732767142208
exact_dose_reference,0.01,-0.02,657,-1.4571534852211077,65.8782331317558,True,0,0.10348089989437832,0.07126133963773242,0.011679000500982722,3.500259473392067e-20,0.9991530955816021,0.11286141223069508,4.911863138114095e-19
exact_dose_reference,0.01,-0.02,658,-1.6238412700540383,51.519105324365256,True,0,0.13309404693913846,0.10197349412932633,0.041918230432614,0.030243829650148525,0.9974630021643546,0.3149519561290556,0.29658520489444296
exact_dose_reference,0.01,-0.02,659,-1.0009236138489697,40.14915274764499,True,0,0.1401466276988616,0.10152044567101386,0.04559796952160728,0.027579253081186413,1.0037789360601386,0.32535902055085747,0.2716620568290201
exact_dose_reference,0.01,-0.02,660,-0.9914870502997553,54.2639620964123,True,0,0.1336146709008728,0.0964324742851234,0.041585704828913196,0.026033061410035304,1.0038746159802476,0.311236068229103,0.2699615622540488
exact_dose_reference,0.01,-0.02,661,-1.6060192499413706,53.560869462702065,True,0,0.11705608305154094,0.08748309048231956,0.028672147829709494,0.01818501956251998,0.9976437045409845,0.24494368068923736,0.20786896601686922
exact_dose_reference,0.01,-0.02,662,-1.4993629886282611,77.39800591320358,True,0,0.13503923627972855,0.1033774687637705,0.0445450421810374,0.03329097130373149,0.9987251217866104,0.329867403046949,0.3220331441835282
exact_dose_reference,0.01,-0.02,663,-1.717268242864911,96.66754077594757,True,0,0.14187044005260496,0.11107740229959803,0.050646897292134466,0.03932485968344022,0.996515720323041,0.356994009980901,0.3540311428725456
exact_dose_reference,0.01,-0.02,664,-2.49124494345776,47.35430321734619,True,0,0.1426540392738571,0.11884467484982097,0.05107964514392899,0.04589805107189907,0.9886681571192584,0.35806658825741283,0.3862019996259699
exact_dose_reference,0.01,-0.02,665,-1.3698949856481235,90.99552468750686,True,0,0.12999231830420485,0.096975315263928,0.03925447252343359,0.027200448699940365,1.0000378335717015,0.301975324661656,0.2804883760976866
exact_dose_reference,0.01,-0.02,666,-1.2511302469524366,45.0907188273941,True,0,0.13184034513053403,0.09707732393240455,0.03984441382810203,0.025600503932950647,1.001242022008616,0.302217153547743,0.2637125014980472
exact_dose_reference,0.01,-0.02,667,-0.6071509104032202,124.38184168394719,True,0,0.11418707524493493,0.073721152042887,0.022991720314041973,6.197947350110075e-20,1.007771506089505,0.20135133739719663,8.407284989936731e-19
exact_dose_reference,0.01,-0.02,668,-1.464678768488259,57.60330014519772,True,0,0.13319111277072881,0.10072482355686264,0.04296810794605863,0.030526781986162457,0.9990767946593391,0.3226049174919249,0.30307108921296877
exact_dose_reference,0.01,-0.02,669,-1.601525494011602,177.2115135821618,True,0,0.09688754922531748,0.06739078521019463,0.010172143257742185,6.02295961255048e-21,0.9976892679715815,0.10498916877426934,8.937363756431419e-20
exact_dose_reference,0.01,-0.02,670,-1.5097035183750829,41.12628445985385,True,0,0.13179503903955989,0.10130157664084412,0.04151285307333313,0.03025584776916565,0.9986202763039407,0.31498039209861717,0.2986710451352116
exact_dose_reference,0.01,-0.02,671,-0.6535653979569234,106.60063770889418,True,0,0.1116556740722411,0.0743734443785833,0.023583619900615874,0.005356451044055881,1.0073008968006596,0.2112173886063085,0.07202101622172999
exact_dose_reference,0.01,-0.02,672,-3.1760401816324,48.840269030289235,True,0,0.1448357076467376,0.12672474773599846,0.0522177883458142,0.05410823629263873,0.9817248293561506,0.36053117835538395,0.426974503870078
exact_dose_reference,0.01,-0.02,673,-1.1922966465389262,40.81706663561797,True,0,0.10615359538946995,0.07113556632950115,0.015157891498309399,4.032877942361388e-17,1.0018385521075162,0.14279206881967757,5.669284930805259e-16
exact_dose_reference,0.01,-0.02,674,-0.9482439289028033,54.77137750743157,True,0,0.11573199949232506,0.07913355318050101,0.023923460395875035,0.006412979540522317,1.0043130699130747,0.20671430979174912,0.08103995439070609
exact_dose_reference,0.01,-0.02,675,-4.123621393770593,81.27500015588427,True,0,0.12618581956801947,0.11930574357127625,0.03709313068530673,0.048394213968925806,0.972117042135585,0.29395641136452716,0.4056318876216876
exact_dose_reference,0.01,-0.02,676,-1.8149742914233324,56.223100166915124,True,0,0.13079299860965207,0.1027743146878175,0.041246676151133116,0.03137975909984186,0.9955250517526993,0.3153584411213985,0.30532686299256345
exact_dose_reference,0.01,-0.02,677,-0.9855820621771705,67.54341596461333,True,0,0.13787033246546396,0.10256773132818935,0.046113728309628677,0.030876180469280784,1.0039344882832175,0.33447172778218986,0.3010321089240558
exact_dose_reference,0.01,-0.02,678,-3.039351801467549,52.55132627710741,True,0,0.12551857982629488,0.10846014432871903,0.03530159347601199,0.03823864272610496,0.9831107505366522,0.28124595995960006,0.3525593937088261
exact_dose_reference,0.01,-0.02,679,-1.9325336034388685,27.667716894946153,True,0,0.12084479774168569,0.09486075408628805,0.031582186787994126,0.023697943405251668,0.9943330854693107,0.26134502583638963,0.24981820599586782
exact_dose_reference,0.01,-0.02,680,-2.1613113427739306,54.3270153799818,True,0,0.1457110574626614,0.1179597356348515,0.053008912393412745,0.04603696691908784,0.9920134448810666,0.3637947134313834,0.39027695909388
exact_dose_reference,0.01,-0.02,681,-2.2393735481737065,52.36411243930253,True,0,0.14899032451578348,0.12335221097204012,0.057975502252360055,0.05231186023979935,0.9912219506536148,0.389122598670616,0.4240853068426696
exact_dose_reference,0.01,-0.02,682,-1.9680053316414647,67.00513364848486,True,0,0.15843337702040147,0.13042168240305765,0.06544656132054197,0.058473920921033117,0.9939734278351673,0.41308569287211755,0.44834508989329086
exact_dose_reference,0.01,-0.02,683,-2.679850762268765,35.10273671555421,True,0,0.13722099310860833,0.11413032373679906,0.0458063032721103,0.04294735715615805,0.9867558307112582,0.3338141069701726,0.3763010193084253
exact_dose_reference,0.01,-0.02,684,-0.041026416178413516,40.06823390059461,True,0,0.12779773528113442,0.08141054446636181,0.03509363294889267,0.010460314366925792,1.013511598454347,0.2746029330777446,0.12848844625093878
exact_dose_reference,0.01,-0.02,685,0.9336258215055127,52.934195584737736,True,0,0.12350091723895754,0.07068596709365405,0.033809647178963044,3.1231210477139457e-19,1.0233938662681896,0.2737602921081627,4.4183041926497595e-18
exact_dose_reference,0.01,-0.02,686,-1.75158168718752,48.35116833784521,True,0,0.10067802551920035,0.07105753987910346,0.009933624498287837,1.5189516730030582e-23,0.9961678068485722,0.09866725580939596,2.1376361686421827e-22
exact_dose_reference,0.01,-0.02,687,-1.192053013280836,90.95094062114993,True,0,0.11712902421723374,0.0827722718352419,0.027269376455492572,0.012922950560600263,1.0018410223723058,0.2328148521490056,0.15612656598725935
exact_dose_reference,0.01,-0.02,688,-1.0740418884263025,79.59454069468521,True,0,0.11280979201469186,0.07395575795498516,0.017870509872582256,2.9163918199496246e-16,1.0030375697106637,0.15841275436670318,3.943427666206534e-15
exact_dose_reference,0.01,-0.02,689,-2.3237791320675383,44.08566050301346,True,0,0.12388827012818865,0.09910253803620872,0.03489455469326474,0.02922010414293808,0.9903661391623236,0.2816614894788581,0.2948471827458348
exact_dose_reference,0.01,-0.02,690,-1.279109496700992,55.62096272229613,True,0,0.1250751215556607,0.09021860406638874,0.032050082128577594,0.014880785182581534,1.0009583326796891,0.25624665984685635,0.16494142573555318
exact_dose_reference,0.01,-0.02,691,-0.47573119167855227,42.24023726233804,True,0,0.12370318385141792,0.083643777505553,0.033070425568679784,0.012309279716606869,1.0091040068587467,0.26733689901143737,0.1471631253835908
exact_dose_reference,0.01,-0.02,692,0.6562768103961725,43.3513754592486,True,0,0.14310764193058598,0.08897069556248362,0.05084602739233811,0.016918693232753457,1.02058174816112,0.3552991769440297,0.19016028958514272
exact_dose_reference,0.01,-0.02,693,-2.6766086020177604,102.78254229845581,True,0,0.14119547416759148,0.11953236011258933,0.04944123949321146,0.04852083690426867,0.9867887038681208,0.35016164494428026,0.4059221859132219
exact_dose_reference,0.01,-0.02,694,-1.7834967045524897,149.61377624635668,True,0,0.11652974843053357,0.08933916867348317,0.026980731040023766,0.01924452071775338,0.9958442116864316,0.23153513504843518,0.21540966860894195
exact_dose_reference,0.01,-0.02,695,-1.3484766565378559,95.10953619099,True,0,0.11358761814370898,0.07940753550377021,0.022739583905825766,0.006529446603503738,1.0002549999169978,0.20019421374833354,0.08222704006717
exact_dose_reference,0.01,-0.02,696,-0.8311542888048584,70.62323567205513,True,0,0.1137637470651652,0.07730475296474895,0.024136965112564208,0.005027112496502868,1.0055002740633714,0.21216745874886023,0.06502979834623152
exact_dose_reference,0.01,-0.02,697,-2.9697295767442844,60.05343422790301,True,0,0.1393742593434736,0.1184964079945747,0.047180923172924855,0.046871258645602085,0.983816669472565,0.33851963336108065,0.39555003766652624
exact_dose_reference,0.01,-0.02,698,-0.8321832073555746,67.61547020034703,True,0,0.1387731299124455,0.10305241807014717,0.04849112312668178,0.03102654702651549,1.0054898415744449,0.3494273218257433,0.3010753906365972
exact_dose_reference,0.01,-0.02,699,-1.3889902789264719,26.810554775495,True,0,0.1307915982610484,0.09831305057538661,0.03857155938262449,0.026566995566821665,0.9998442211273193,0.2949085407278157,0.270228575060338
exact_dose_reference,0.01,-0.02,700,-2.361357776815387,47.78669710195553,True,0,0.12391159208243935,0.09847095298638,0.032081951577222545,0.026179283074865122,0.9899851189203119,0.2589100102585896,0.2658579233866672
exact_dose_reference,0.01,-0.02,701,0.6806193269962346,41.51849986324551,True,0,0.1380258668976984,0.08753029656738055,0.04741877007352319,0.016230661747897845,1.020828563649767,0.34354988046312285,0.18542907295422598
exact_dose_reference,0.01,-0.02,702,-2.284979529327147,30.89115036385514,True,0,0.12040599037743963,0.09456577813676799,0.029172761676705843,0.022970029445927086,0.9907595390341203,0.24228663030184186,0.24290002047787457
exact_dose_reference,0.01,-0.02,703,-2.743654759868608,74.59639408489463,True,0,0.15809723851653756,0.1350632717879747,0.06583180762683008,0.06218934833016671,0.9861089043846192,0.4164007432675292,0.4604460376747938
exact_dose_reference,0.01,-0.02,704,-2.6357477363037396,79.86252141279309,True,0,0.1312270150270734,0.10970268808683403,0.04031696872196949,0.03803282510206437,0.9872030034536334,0.307230707896935,0.34669000154271407
exact_dose_reference,0.01,-0.02,705,0.2723289357895231,60.3998870491877,True,0,0.1171498779697706,0.06951292381111902,0.026536558653439967,5.349023009849764e-25,1.016688794780707,0.22651802215523836,7.695005067524083e-24
exact_dose_reference,0.01,-0.02,706,-1.795001713838018,32.72008257756511,True,0,0.10667811164679832,0.07675970067258404,0.014191660368093939,0.002494587330466867,0.995727559224595,0.13303254199963022,0.032498658913580794
exact_dose_reference,0.01,-0.02,707,-2.1480192422364097,50.16067022185834,True,0,0.11780446763985326,0.09061022996424642,0.02666673424116105,0.017966660218884125,0.9921482171539261,0.2263643711941846,0.19828511886542532
exact_dose_reference,0.01,-0.02,708,-1.6408043043198095,223.1391694074248,True,0,0.12333086778764543,0.09315736542768228,0.031696504978021,0.022653185031303872,0.9972910092821056,0.25700382675160394,0.24317116448392323
exact_dose_reference,0.01,-0.02,709,-0.668953736775113,59.70570053106895,True,0,0.10820620726436636,0.06952973803000469,0.019196232753480272,4.0853814423188817e-16,1.0071448701898011,0.1774041733722408,5.875732539875077e-15
exact_dose_reference,0.01,-0.02,710,0.5645397846168798,76.80491133263345,True,0,0.11996758231431948,0.06927540526427985,0.029717795699443484,7.284211309007142e-16,1.0196516011587895,0.24771521711241765,1.0514859178691901e-14
exact_dose_reference,0.01,-0.02,711,-2.994797259234483,44.83804713434888,True,0,0.12890772565366773,0.11032605869343111,0.0370438398665893,0.038566304713395845,0.9835625013269819,0.28736710448304553,0.3495665953277828
exact_dose_reference,0.01,-0.02,712,-1.40940096882054,62.37148740609486,True,0,0.14395853900194397,0.11128216242847772,0.05238542926260795,0.04058256485842539,0.9996372715139088,0.3638924764435165,0.36468167020485653
exact_dose_reference,0.01,-0.02,713,-1.7709719101115629,18.36323175774347,True,0,0.10061266092776591,0.07159180769925637,0.01042959208407313,0.0006454802559245601,0.9959712040311808,0.1036608314291675,0.00901611897601609
exact_dose_reference,0.01,-0.02,714,-0.577281476569047,83.92398168846208,True,0,0.13535406384704401,0.09511676958215516,0.043504268179109025,0.025020772764111437,1.0080743605161244,0.321410875614867,0.2630532226233804
exact_dose_reference,0.01,-0.02,715,-2.6331363954669618,58.67995941409514,True,0,0.12290172406619705,0.1000804018502578,0.0320525878548496,0.029222877701558944,0.9872294805584966,0.2607985209189214,0.2919940084301697
exact_dose_reference,0.01,-0.02,716,-0.8277597883543097,97.94249499442711,True,0,0.13766169476888088,0.10067090030699033,0.04701832326665749,0.02896186506776676,1.0055346918395274,0.34154979237758315,0.28768854733045157
exact_dose_reference,0.01,-0.02,717,-1.2062973773087848,82.45336920553837,True,0,0.10207019300437056,0.07001685520227952,0.015390225452996606,0.00235303818525536,1.0016965948373149,0.1507808009370337,0.03360673909814151
exact_dose_reference,0.01,-0.02,718,-2.721194154442208,41.253628176795246,True,0,0.12006406245786276,0.0997399633813209,0.03076547393768296,0.029213461223017326,0.9863366386569091,0.2562421536292785,0.29289624973422
exact_dose_reference,0.01,-0.02,719,-1.7349666333266511,61.14206040054739,True,0,0.1366229961844137,0.10641507085199205,0.04550274418196467,0.03540681487798571,0.9963362714615348,0.3330533325483879,0.33272368842596983
exact_dose_reference,0.01,-0.02,720,-0.1564030329552213,61.626733855098124,True,0,0.12247272316016683,0.08029470555358635,0.033402509189169795,0.009808251774453713,1.012341763119897,0.27273427361851676,0.12215315700868934
exact_dose_reference,0.01,-0.02,721,-0.9249006810356786,53.30072191952464,True,0,0.15303481529442467,0.11512349239167204,0.06089808272761328,0.04231590828868661,1.004549753540474,0.3979361337513367,0.36756970631780206
exact_dose_reference,0.01,-0.02,722,-2.6982146627899106,58.48710057501645,True,0,0.1383150631918206,0.11612805068952828,0.04677878389275984,0.04478506344145315,0.9865696340597346,0.338204551357398,0.3856524170993563
exact_dose_reference,0.01,-0.02,723,-2.055708871368611,79.67087853287133,True,0,0.15244098116210303,0.12381170633177188,0.05967830881702434,0.0508102452610749,0.993084177460218,0.3914846805765668,0.41038320823171026
exact_dose_reference,0.01,-0.02,724,-0.8481214328661113,64.51417866442367,True,0,0.1518005721134224,0.11170075684088394,0.05699855159420895,0.03812698708058802,1.0053282395107725,0.37548311446165533,0.3413315017632275
exact_dose_reference,0.01,-0.02,725,-1.882558418780822,57.59883604224723,True,0,0.09424119169965325,0.06762835380245273,0.006004498943200122,1.5250115933946054e-16,0.9948397976480162,0.06371416611895639,2.2549884887768722e-15
exact_dose_reference,0.01,-0.02,726,-1.548736363232206,36.513746426975295,True,0,0.1026532692917122,0.07053221886856903,0.010847811714874088,1.907473608116075e-13,0.9982245115260021,0.10567429356826043,2.7044003984483953e-12
exact_dose_reference,0.01,-0.02,727,-2.302212190247299,84.69547388447724,True,0,0.10339075029241188,0.0783435984010582,0.013542560478574524,0.0069973026741248535,0.9905848123328687,0.13098425575085945,0.08931556396355596
exact_dose_reference,0.01,-0.02,728,-2.748177160531362,54.99996191386077,True,0,0.14528921921636273,0.12317073624583783,0.05299589059105182,0.048962780015307364,0.986063050517175,0.3647613420795597,0.39751958547671595
exact_dose_reference,0.01,-0.02,729,-2.431705504961601,31.080302894476922,True,0,0.09371749355274203,0.07044456831096192,0.003952178183793188,1.2492035695789479e-18,0.9892718439051247,0.042171189539645486,1.7733142519443312e-17
exact_dose_reference,0.01,-0.02,730,-1.1256413929881193,75.72243741841669,True,0,0.12051102725508486,0.08709715625848732,0.030717289307487298,0.01647005252990039,1.0025143881045215,0.25489193816652334,0.18909977360248703
exact_dose_reference,0.01,-0.02,731,-1.6332685518153367,151.13681882793412,True,0,0.10574903077304339,0.07423543790816348,0.013929319759676574,4.157541244865996e-18,0.9973674163548528,0.13172054304281447,5.600480527924254e-17
exact_dose_reference,0.01,-0.02,732,-0.6694636758874939,100.40985651930751,True,0,0.1264514555835545,0.08478279752963061,0.03328616569808754,0.009684432700859556,1.0071396997765167,0.2632327603069247,0.1142263876994028
exact_dose_reference,0.01,-0.02,733,-1.477143074568943,59.11352165594211,True,0,0.13460124113095603,0.10015794298598207,0.04101295712513655,0.02614977947755526,0.998950415622755,0.3046996950439282,0.26108542865357304
exact_dose_reference,0.01,-0.02,734,-1.1670085407964215,108.21209487000239,True,0,0.10554251077570406,0.07109864888687702,0.015215735286653395,6.2519941351135014e-21,1.0020949551852396,0.14416688758702587,8.79340779746865e-20
exact_dose_reference,0.01,-0.02,735,-1.5805122547103867,50.116844406592726,True,0,0.12414304910905838,0.09219000814937811,0.03348921636037605,0.022905788758808835,0.9979023269995939,0.2697631208571019,0.24846281303819748
exact_dose_reference,0.01,-0.02,736,-1.7244842113183445,66.07162574576859,True,0,0.12386968568688031,0.09344099105271925,0.03358018914362769,0.021304541698308067,0.9964425556289728,0.27109287439795565,0.22799995439140924
exact_dose_reference,0.01,-0.02,737,-1.5748124926383111,43.88252197551406,True,0,0.09801239515962366,0.06858778524285038,0.01046377989299602,1.4657823845939073e-15,0.9979601184590433,0.10675976110934374,2.137089540657972e-14
exact_dose_reference,0.01,-0.02,738,-1.4425030456678312,61.686556501753145,True,0,0.1312444322128923,0.09928638080003269,0.04085533614632287,0.029222587340074723,0.9993016404283261,0.31129195698032514,0.2943262419740161
exact_dose_reference,0.01,-0.02,739,-0.5215531687673636,41.0172008936824,True,0,0.14177036124264444,0.10146465350191919,0.05106604586438705,0.027907812383527936,1.0086394051968992,0.360202551624919,0.2750496002334455
exact_dose_reference,0.01,-0.02,740,-1.2148323497444546,95.59600231540783,True,0,0.12658781076954706,0.08971863054180267,0.03365258581636794,0.017631236632962677,1.0016100563981343,0.2658438092245108,0.1965170057377073
exact_dose_reference,0.01,-0.02,741,-1.4052659693795988,54.92933632276973,True,0,0.1265291072323264,0.09298201306341841,0.036035152778948754,0.023373952265200806,0.9996791974135327,0.2847973368908927,0.25138143921726663
exact_dose_reference,0.01,-0.02,742,-0.19075698620878434,120.77678641471971,True,0,0.14243674713437596,0.0995587682185907,0.05149398815678044,0.02744582350142314,1.0119934389142062,0.3615217926045489,0.2756745989581072
exact_dose_reference,0.01,-0.02,743,-0.7360115412934798,220.89151119201668,True,0,0.10609245661852182,0.06966643842390115,0.017985907229267125,1.5278515223841801e-15,1.0064649526175258,0.1695305001178294,2.1930954946880204e-14
exact_dose_reference,0.01,-0.02,744,-1.5213091225113717,52.730263473599265,True,0,0.1486367973062212,0.11442524728993371,0.054748935512945775,0.04139503264122802,0.9985026038831716,0.3683403874758694,0.3617648519154186
exact_dose_reference,0.01,-0.02,745,-1.525903549016805,50.5918293979813,True,0,0.10309877615582358,0.0713851588181477,0.014662685490998148,0.0010436723977349952,0.9984560197258463,0.14221978220999396,0.014620299443386126
exact_dose_reference,0.01,-0.02,746,-1.533698234062908,70.14143861025418,True,0,0.11157653705306535,0.08265411940813057,0.023075777420107694,0.013708683649109215,0.9983769872646546,0.20681568033548978,0.1658560244458997
exact_dose_reference,0.01,-0.02,747,-1.0492777508589568,38.50756332035569,True,0,0.11197402358352536,0.07584881604235442,0.020657292005269598,0.0031363207999828458,1.0032886601305666,0.18448289473013887,0.041349634228061066
exact_dose_reference,0.01,-0.02,748,-1.8098808748963857,56.314563247990726,True,0,0.12385500883820731,0.09200655369012892,0.029058149898682425,0.01677889946192432,0.9955766953074573,0.2346142491228699,0.18236635097141426
exact_dose_reference,0.01,-0.02,749,-1.6446156141541435,64.03491047499222,True,0,0.10007027283399875,0.07064670227997664,0.010973039004986926,1.4545654555506268e-20,0.9972523653606655,0.10965333354481323,2.058929020899102e-19
exact_dose_reference,0.01,-0.02,750,-1.2849628249442357,42.61725219156493,True,0,0.12422095819884237,0.09023100451277244,0.03413323216732593,0.02077738259860736,1.0008989841704818,0.2747783680165174,0.23026877192380435
exact_dose_reference,0.01,-0.02,751,-0.6231461890267909,43.660948544262354,True,0,0.11240673974696468,0.07322006373386031,0.021679119876879906,0.001575662403707159,1.0076093255485863,0.19286316750829266,0.02151954428002636
exact_dose_reference,0.01,-0.02,752,-1.6236885009053847,56.214090666750266,True,0,0.1268563257701332,0.09592374192553195,0.03491537688593332,0.022106505938954753,0.9974645511328813,0.2752355995963563,0.23045916991141357
exact_dose_reference,0.01,-0.02,753,0.4452168856897476,121.16069057740944,True,0,0.12576023370137432,0.07507629845254864,0.031226605910946576,1.1571584473404126e-16,1.0184417533813668,0.24830270262614285,1.5413099356140809e-15
exact_dose_reference,0.01,-0.02,754,-0.9352219292404595,62.5513007329273,True,0,0.11016116669981921,0.07271209344779653,0.018679454585690786,1.6107397638185016e-18,1.0044451035586761,0.16956478535299901,2.215229527086754e-17
exact_dose_reference,0.01,-0.02,755,-0.9047890045300044,99.84194983744459,True,0,0.11567832260573166,0.07915071717534937,0.02722827288264997,0.010345215223103287,1.0047536713746819,0.2353792159958313,0.13070273513990588
exact_dose_reference,0.01,-0.02,756,-1.6360985911743842,248.83734090953985,True,0,0.11661436191105268,0.0867767317639226,0.026727546043535243,0.016941527137952505,0.9973387218053628,0.2291960064397695,0.1952312191710813
exact_dose_reference,0.01,-0.02,757,-1.5998780162396864,150.867301016308,True,0,0.09553224340359363,0.06699317030689289,0.008817443168842663,1.1914373782037332e-13,0.9977059722030294,0.09229808549132196,1.778446030760761e-12
exact_dose_reference,0.01,-0.02,758,-1.213937349435723,36.97107914013303,True,0,0.15925100489271513,0.12369437144442123,0.06625650513784126,0.0506845430742124,1.001619131053075,0.41605078211266056,0.40975626038882573
exact_dose_reference,0.01,-0.02,759,0.2836307587601228,39.74363203175997,True,0,0.1191018195636439,0.07217887056995538,0.028603699898793005,3.703429681423459e-15,1.0168033870804647,0.24016173727310838,5.130905557512312e-14
exact_dose_reference,0.01,-0.02,760,-2.6190542485163393,39.404053475332574,True,0,0.13374294716875298,0.11109081453317736,0.04050302726182251,0.03626287647273067,0.9873722633298064,0.3028423413663598,0.32642551614292764
exact_dose_reference,0.01,-0.02,761,-1.6264393606113203,42.503222787327324,True,0,0.12359740685706634,0.09175277138960734,0.031152003581174346,0.019684837768891617,0.9974366594077292,0.25204415184211704,0.21454216009786142
exact_dose_reference,0.01,-0.02,762,-1.2323398622631876,52.6941747717492,True,0,0.1029167693000149,0.07035713175429203,0.014348964023237617,2.0144934662596395e-14,1.0014325429007298,0.1394229931704195,2.8632398962692906e-13
exact_dose_reference,0.01,-0.02,763,-3.0531496002174974,70.77747932949725,True,0,0.11268913237106327,0.09430145444245104,0.02406080616085725,0.024954621486578808,0.9829708508501624,0.21351487632036886,0.2646260509354897
exact_dose_reference,0.01,-0.02,764,-1.8785471596355685,66.91453628530192,True,0,0.09707661140741641,0.06986966574931958,0.008851257530480723,7.258084814694879e-16,0.9948804689106588,0.0911780644395722,1.0388034259009692e-14
exact_dose_reference,0.01,-0.02,765,-1.4933155062531345,52.318259481022,True,0,0.12343293726875446,0.09039865194282856,0.030273953825746935,0.016384785020261822,0.9987864388781019,0.24526641345194997,0.1812503247351981
exact_dose_reference,0.01,-0.02,766,-1.7902379460212225,56.67034443360413,True,0,0.10070131055681389,0.07248576614356951,0.012158874690460803,0.0011996395018403158,0.9957758603801748,0.12074197071746134,0.01655000099556429
exact_dose_reference,0.01,-0.02,767,-1.9383607515180312,67.73828849418413,True,0,0.09767315523582669,0.06944837116123215,0.008450979816117492,1.9534897577882708e-19,0.9942740024080066,0.0865230553442555,2.812866198478617e-18
exact_dose_reference,0.01,-0.02,768,-0.5037321596046529,148.8087490607713,True,0,0.10872339281409636,0.06968980984276937,0.02079103399279978,1.112240667838495e-12,1.0088200973232286,0.1912287085112391,1.595987520051893e-11
exact_dose_reference,0.01,-0.02,769,-2.0864645843648444,72.39494253315642,True,0,0.12999903235132673,0.10345007971940233,0.040357271624616296,0.03314382870389946,0.9927723368047687,0.31044286172491975,0.3203847574965498
exact_dose_reference,0.01,-0.02,770,-1.3197457180952554,36.95379590778581,True,0,0.13067309384311346,0.09781558914404247,0.04031243345508098,0.026425510363281876,1.0005463108248838,0.3084983470543693,0.2701564300182037
exact_dose_reference,0.01,-0.02,771,-1.8357430494419402,25.634247903492152,True,0,0.09995998072565197,0.07082574959921667,0.008689908194401208,2.965800651475349e-21,0.995314471587831,0.08693387224884871,4.187461012778537e-20
exact_dose_reference,0.01,-0.02,772,-1.6884139750418248,119.26681308658698,True,0,0.13695624778429089,0.10672244695174654,0.04491750618723384,0.035355267710668714,0.9968082817015258,0.32796974883526236,0.33128239391525793
exact_dose_reference,0.01,-0.02,773,-1.2320314868778937,80.82419792945706,True,0,0.10782702523156534,0.0735389298513413,0.01623471597184577,2.932385010925521e-20,1.0014356696038007,0.15056258796883892,3.9875274454677645e-19
exact_dose_reference,0.01,-0.02,774,-2.7499577941631936,44.88810632981057,True,0,0.15318846923674648,0.12850311282370316,0.05787866940246988,0.05439696048706125,0.9860449961817437,0.37782654067141813,0.4233123952545016
exact_dose_reference,0.01,-0.02,775,0.43505215584531687,88.75409342458767,True,0,0.12722167693975944,0.07529593993348774,0.030554895450113927,1.0519045032931576e-14,1.018338690382387,0.24017051327331532,1.3970268572546566e-13
exact_dose_reference,0.01,-0.02,776,-2.203558211165657,55.32134963449866,True,0,0.13879515847260127,0.11294249918381516,0.047721794755879066,0.041251244781582125,0.9915850922321923,0.34382895830836596,0.3652411189736936
exact_dose_reference,0.01,-0.02,777,-1.3853445502036599,109.8197351865868,True,0,0.14903017094109874,0.1142338429743413,0.054643574153339876,0.03845989969285735,0.999881186176208,0.36666115195517474,0.33667693120939685
exact_dose_reference,0.01,-0.02,778,-2.22983254792114,83.09905517485646,True,0,0.12578701291732972,0.09999690774814168,0.033236872971252586,0.027376746427034984,0.9913186894862592,0.2642313558482915,0.27377593011163637
exact_dose_reference,0.01,-0.02,779,-1.153587823550828,79.31150824242437,True,0,0.1063102116826317,0.07216942838763735,0.015167500655429936,1.671095440982778e-13,1.0022310315383705,0.14267209532711247,2.315517080178284e-12
exact_dose_reference,0.01,-0.02,780,-1.8450947421601027,72.98588091193491,True,0,0.09363697679352517,0.0683393413935338,0.006704103254554038,1.0651692833397173e-14,0.9952196521964826,0.07159675038779781,1.5586472763995683e-13
exact_dose_reference,0.01,-0.02,781,-0.7865724581084588,93.89303106447171,True,0,0.12220896556615904,0.08240942063217281,0.02839247217701919,0.008403368510867405,1.005952301538956,0.23232724412227057,0.10197096941592515
exact_dose_reference,0.01,-0.02,782,-0.6798027443559063,52.324624569571554,True,0,0.12747090667717467,0.08606492940174627,0.033087530067626804,0.0111303986396268,1.0070348691101518,0.25956926902090954,0.1293256000672553
exact_dose_reference,0.01,-0.02,783,-2.4278393411207078,62.534160445184085,True,0,0.10951914430165655,0.08770953781868053,0.022967900864003132,0.019386472923138602,0.9893110440064642,0.20971585388524377,0.2210303851243147
exact_dose_reference,0.01,-0.02,784,-0.8027098928639398,61.33789299810674,True,0,0.1322674225653082,0.0935686372150572,0.040613877210819806,0.020857291517189295,1.0057886796378142,0.3070588087612151,0.22290900175505504
exact_dose_reference,0.01,-0.02,785,-3.898294962490323,61.40267342798136,True,0,0.142290963361666,0.1322564826717707,0.05207995369302791,0.05958392629256748,0.9744016889597081,0.36601026841496914,0.4505180017560325
exact_dose_reference,0.01,-0.02,786,-2.0969390544153255,79.67905752558758,True,0,0.11890782642740107,0.09248347590603581,0.028296324269094262,0.023903957358071874,0.992666133264424,0.23796856034846894,0.25846733293587004
exact_dose_reference,0.01,-0.02,787,-2.110337797391626,93.57223753263368,True,0,0.1610729922060264,0.132665045569938,0.06743866043433959,0.06026540915235775,0.9925302797144693,0.41868384954368804,0.45426742887286914
exact_dose_reference,0.01,-0.02,788,-0.14334811918383927,113.27949285786484,True,0,0.12823211975567225,0.08611061798964735,0.0386018413992822,0.014895703845409378,1.0124741304907265,0.3010309856285026,0.17298335783863744
exact_dose_reference,0.01,-0.02,789,0.9245650344912093,85.3242733438128,True,0,0.13110745521629508,0.07834423975884376,0.04096139880432532,0.006449250457531973,1.0233019964499945,0.3124261601809682,0.08231939549587576
exact_dose_reference,0.01,-0.02,790,-0.9841533828413684,99.59160314773902,True,0,0.11195096850811123,0.07400622888077465,0.020086964071750802,3.023621019771474e-17,1.0039489740569845,0.1794264430172878,4.0856304469216786e-16
exact_dose_reference,0.01,-0.02,791,-1.9160406618008552,33.401103895860885,True,0,0.10950152836270079,0.08160131326187964,0.018774499392355308,0.010931348670006304,0.9945003119527713,0.17145422235723257,0.1339604503045777
exact_dose_reference,0.01,-0.02,792,-0.710725499723841,45.74100788404533,True,0,0.1543029474143613,0.11223210833708276,0.058752955608050286,0.0376450140490898,1.0067213347660313,0.38076366389992905,0.3354210716243977
exact_dose_reference,0.01,-0.02,793,-1.8217894442845273,120.3596573451502,True,0,0.11776034612669532,0.09006326277010755,0.02900968595701637,0.019630718200622423,0.9954559510384522,0.2463451145583896,0.21796587861502567
exact_dose_reference,0.01,-0.02,794,-2.1024257379680167,44.13673422662794,True,0,0.10360895415052558,0.07657033622998781,0.013158022614687884,0.005558620939775158,0.9926105022668424,0.12699696394552532,0.0725949657982329
exact_dose_reference,0.01,-0.02,795,-0.4829128387310644,285.09279081092524,True,0,0.1075398714910399,0.06952218203943587,0.018714041890369137,1.317410819312612e-13,1.0090311901588271,0.17401956716982286,1.894950331917548e-12
exact_dose_reference,0.01,-0.02,796,-1.6022063039112577,32.93698390163671,True,0,0.11421754943493642,0.0806574742305074,0.021070387407239786,0.007226004036617022,0.9976823650522647,0.18447591908144073,0.08958877159934549
exact_dose_reference,0.01,-0.02,797,-1.8297318764426973,42.26305355002428,True,0,0.11211850285891976,0.08258191193636782,0.02066620985071574,0.009576011360893037,0.9953754205285475,0.18432470398503548,0.11595773379855481
exact_dose_reference,0.01,-0.02,798,-1.5173777420318668,29.820636906045543,True,0,0.1544970105747871,0.12120456347317454,0.06092405744271699,0.049457309351694935,0.9985424652339945,0.3943380989448051,0.40804824450888777
exact_dose_reference,0.01,-0.02,799,-2.1037134618482556,54.222867291959346,True,0,0.09565280312919129,0.06987570072683941,0.006399376661439937,7.984093397371322e-18,0.9925974456793102,0.06690213409424879,1.1426137146850272e-16
exact_dose_reference,0.01,-0.02,800,0.016606200669677662,100.13255191643573,True,0,0.12029085127599805,0.07419120322912975,0.02814768764608139,9.46134071789233e-22,1.014095951449687,0.23399691121562272,1.2752644931060394e-20
exact_dose_reference,0.01,-0.02,801,-1.974413387974261,47.443742697765586,True,0,0.14906789688845035,0.12019826560626487,0.05681210998359698,0.04714737988850944,0.993908454784885,0.381115660510796,0.39224675706179296
exact_dose_reference,0.01,-0.02,802,-1.323473037068723,50.962365452139586,True,0,0.13240940354811317,0.09964141016169634,0.0431642590989008,0.026912377821445243,1.0005085185099438,0.32599088842822516,0.2700923017626136
exact_dose_reference,0.01,-0.02,803,-1.4031924414330432,75.73199394307684,True,0,0.10399536330910562,0.07156818146430625,0.01390327714709877,1.8018817557810476e-14,0.9997002214851914,0.13369131761936376,2.517713485118682e-13
exact_dose_reference,0.01,-0.02,804,-0.7066046646392876,66.63074348919037,True,0,0.10844006680307333,0.07091313302463957,0.0192361012335102,7.773110914123772e-16,1.0067631170493399,0.17738924182371513,1.0961454645393986e-14
exact_dose_reference,0.01,-0.02,805,-1.4140195612489137,79.21494361189303,True,0,0.14773339617429246,0.11305564312295771,0.05481059213001438,0.03962678258095133,0.9995904423316266,0.37101016797413977,0.3505068963063949
exact_dose_reference,0.01,-0.02,806,-3.1277203628840566,55.73255869924121,True,0,0.1349941804038186,0.11666445376020036,0.044348694729829115,0.04649638498893093,0.982214757323404,0.32852301185995875,0.3985480023289922
exact_dose_reference,0.01,-0.02,807,-2.202731816160597,40.159588311229264,True,0,0.13701691332669946,0.10981792857649358,0.043620510862720036,0.03707692800847709,0.9915934712790402,0.31835858656888916,0.33762181174862704
exact_dose_reference,0.01,-0.02,808,-1.6098419956890542,35.7473024207488,True,0,0.1188497947456531,0.08813560656841272,0.02755680966364304,0.016007138066858002,0.9976049446676654,0.23186249267503192,0.18161942363706232
exact_dose_reference,0.01,-0.02,809,-0.4743645663300322,40.366460039441016,True,0,0.1181130232439843,0.07529940678052618,0.024365776309396823,1.7450644873293358e-20,1.0091178634500242,0.2062920382544506,2.3175009763564854e-19
exact_dose_reference,0.01,-0.02,810,-0.8917907046260054,109.69147064894167,True,0,0.10348861553885726,0.06864082491801667,0.01535946120905715,4.567854938521868e-13,1.0048854647218979,0.14841691647995886,6.654720341688245e-12
exact_dose_reference,0.01,-0.02,811,-1.8555043576150232,48.78837557642193,True,0,0.15330443295534302,0.12374121577516765,0.06050919399499729,0.051103883803187526,0.9951141062347669,0.3946995714900389,0.4129899927283811
exact_dose_reference,0.01,-0.02,812,-1.0642461407046166,40.69396229254939,True,0,0.10427691204429594,0.06937455367874472,0.015080238344030569,3.644786672264544e-20,1.0031368914981482,0.1446172316420783,5.253780354598879e-19
exact_dose_reference,0.01,-0.02,813,-1.3200875694930225,50.26295613190402,True,0,0.12506497124231816,0.0916557944799535,0.03406568768024941,0.019211143614034795,1.0005428446992908,0.2723839244663147,0.2096009720175036
exact_dose_reference,0.01,-0.02,814,-0.5501686590074439,199.78116427242185,True,0,0.10679614268403538,0.06850138636585805,0.017205850359493836,3.1519387419219735e-18,1.0083492648501753,0.16110928660034726,4.601277301291145e-17
exact_dose_reference,0.01,-0.02,815,-1.9437662944885248,49.41560640910588,True,0,0.15772100206908446,0.1267130702029068,0.0636792631974663,0.05444598757171587,0.9942191941171638,0.4037462504173902,0.42967933366724526
exact_dose_reference,0.01,-0.02,816,0.23497927217972503,46.60161202899915,True,0,0.11647245168925745,0.0692882582644195,0.02634596985907531,2.4852098020643875e-19,1.0163100962415994,0.2261991524774031,3.586769049064952e-18
exact_dose_reference,0.01,-0.02,817,-2.500966168492913,45.247068394600404,True,0,0.13524844306653502,0.11231474222396563,0.04498778077534134,0.04065939290682057,0.9885695909378435,0.33263067400494767,0.3620129655441145
exact_dose_reference,0.01,-0.02,818,-2.764324897695314,42.133860050275175,True,0,0.1577790588648611,0.1354523016214336,0.06400720691564747,0.06312732974423914,0.9858993241570726,0.40567618653670706,0.4660484095771913
exact_dose_reference,0.01,-0.02,819,0.19679445413509633,43.820268846483074,True,0,0.11451292755783055,0.07049309891649884,0.02632265682662829,5.844948394250917e-16,1.01592292984137,0.22986624644047285,8.291518579959765e-15
exact_dose_reference,0.01,-0.02,820,-3.754803766734771,28.224498578727857,True,0,0.15039945026627521,0.13743038102339797,0.05778293257018433,0.06490927102539205,0.9758565857634692,0.3841964346803286,0.4723065638182364
exact_dose_reference,0.01,-0.02,821,-1.9432836276416454,54.643463150718055,True,0,0.12309984069059818,0.09449598513418678,0.03136217546304694,0.021751465162252258,0.9942240880094273,0.2547702359897712,0.2301840139701661
exact_dose_reference,0.01,-0.02,822,-0.8164196947038294,69.87826282022698,True,0,0.13726192367926462,0.09896755309769305,0.04625074651326246,0.027786806132157567,1.005649672176262,0.3369524867022485,0.2807668297581188
exact_dose_reference,0.01,-0.02,823,-2.0569853087601397,49.268139075424045,True,0,0.14455911158134277,0.11761304395812841,0.05379273966027403,0.04607883343726268,0.9930712353095072,0.37211587060705675,0.3917833591116583
exact_dose_reference,0.01,-0.02,824,-2.374445475305076,70.84560047653522,True,0,0.14780513773141574,0.12086347301216763,0.052475517510759045,0.044306646477731804,0.9898524191361825,0.35503175543271703,0.36658425720789395
exact_dose_reference,0.01,-0.02,825,-0.9993203709572462,42.83193766693286,True,0,0.10723897497799494,0.07089911558273591,0.015800368932492464,1.3258524790485655e-19,1.0037951917819377,0.1473379332069767,1.870055032634869e-18
exact_dose_reference,0.01,-0.02,826,-2.861723932185656,99.79333279540943,True,0,0.14345664748156842,0.12348430007322453,0.05235247988448805,0.05177690629007824,0.9849117684870312,0.3649358938993357,0.419299508191529
exact_dose_reference,0.01,-0.02,827,-1.9189287157426405,53.33846499505043,True,0,0.1518194053430168,0.12346194588242212,0.0588917604840422,0.05031680514280613,0.9944710291774284,0.3879066733991198,0.40754910173475545
exact_dose_reference,0.01,-0.02,828,-1.4448747369832593,64.70974644050216,True,0,0.1215757018305622,0.08763039470714586,0.029868346562120212,0.015929791033269074,0.9992775931960471,0.2456769412998921,0.1817838557786397
exact_dose_reference,0.01,-0.02,829,-0.09908420618893743,89.20224286966882,True,0,0.11843373632308905,0.07369010690223353,0.025919284136015443,2.4768248067430535e-17,1.0129229345110649,0.21885051456374927,3.3611361292081143e-16
exact_dose_reference,0.01,-0.02,830,-0.8120223963613782,86.563983498131,True,0,0.11112551637766871,0.0729697360505833,0.019200321986197224,1.2326308903858303e-12,1.0056942575967815,0.1727804973336946,1.6892357806137044e-11
exact_dose_reference,0.01,-0.02,831,-1.5696402390671604,48.80682241234673,True,0,0.1445560487454201,0.11240274569924394,0.05334360683959479,0.03964192261661764,0.998012561364333,0.3690167744799046,0.3526775290942407
exact_dose_reference,0.01,-0.02,832,0.7096235570069442,173.8062553421886,True,0,0.11769408794564529,0.06894444973432932,0.030116390591749406,1.341679534950199e-13,1.0211226455362263,0.25588702981969724,1.946029796626457e-12
exact_dose_reference,0.01,-0.02,833,-1.0564457037634312,29.08326012162562,True,0,0.10116904854784808,0.06854583660247152,0.014691983584955791,2.495806261830886e-15,1.0032159822793902,0.1452221187788199,3.641076373909041e-14
exact_dose_reference,0.01,-0.02,834,-2.1294496600930413,102.94078834522057,True,0,0.11013288801558753,0.08674759198483947,0.020875717257310977,0.01568037958874022,0.9923364992681374,0.1895502572706198,0.18075867271889942
exact_dose_reference,0.01,-0.02,835,-2.0824781963757144,57.03191098676682,True,0,0.13493435999999728,0.10592267722941277,0.04216191399747147,0.031876223830213574,0.9928127558919009,0.31246240021794536,0.3009386154503479
exact_dose_reference,0.01,-0.02,836,0.6794198787579697,47.720927848428154,True,0,0.12027581525652166,0.07039135550121979,0.03183096393241564,4.0735811843044203e-14,1.020816402113312,0.2646497457907664,5.787047507891548e-13
exact_dose_reference,0.01,-0.02,837,-1.5466766762326944,105.54594250222358,True,0,0.11231163874943773,0.07943669503101698,0.01978166143754873,0.006209550024951026,0.9982453952604818,0.1761318920978505,0.07816979322372909
exact_dose_reference,0.01,-0.02,838,-0.873737337859537,169.2138624377592,True,0,0.1480879292475096,0.11083114931180642,0.05605080405478802,0.03799031248015612,1.0050685127860481,0.37849677782384566,0.3427764912306035
exact_dose_reference,0.01,-0.02,839,-1.9469435125531787,116.53420787318463,True,0,0.14178861329732914,0.11462874403392923,0.050648650054554975,0.04182849438105233,0.9941869794270374,0.35721239439972036,0.36490406253314106
exact_dose_reference,0.01,-0.02,840,-0.9450434515998696,149.65184998620498,True,0,0.10256493987376333,0.06804089956312799,0.015578627565539153,1.2415212165691527e-15,1.004345520435032,0.15189037876601194,1.8246690219274302e-14
exact_dose_reference,0.01,-0.02,841,-1.6542629924337304,61.377535888748916,True,0,0.1032812791546011,0.07124784825411051,0.010436183415370193,4.353152895119903e-18,0.9971545479318698,0.10104622542240531,6.109872791658316e-17
exact_dose_reference,0.01,-0.02,842,-0.8480393041033873,40.789414051763124,True,0,0.11225721291522314,0.07400931049266041,0.02062515129427753,0.002993090468656865,1.0053290722369461,0.1837311898154258,0.04044208017521921
exact_dose_reference,0.01,-0.02,843,-1.4421140821412326,127.28150332894326,True,0,0.09862491258752223,0.06756932004744115,0.011345009178525763,2.2178488013045595e-13,0.9993055842367853,0.11503188069705933,3.282331093086898e-12
exact_dose_reference,0.01,-0.02,844,-2.3575844689930348,41.87539784938005,True,0,0.14138766047347173,0.11679691215514942,0.04992342800788085,0.04543569898159575,0.9900233775288728,0.35309607529185955,0.3890145564913597
exact_dose_reference,0.01,-0.02,845,-1.3451564013345019,85.19054932121561,True,0,0.10769753300708457,0.07253191359533386,0.014648918671239417,4.0134398836149394e-16,1.0002886649001181,0.13601907362423782,5.533343441076858e-15
exact_dose_reference,0.01,-0.02,846,-2.531994801392512,57.81128846171776,True,0,0.14540717152564167,0.12171184317487496,0.05324655699910276,0.04951115175492021,0.9882549830722319,0.3661893456865231,0.4067899266284452
exact_dose_reference,0.01,-0.02,847,-1.2400344902226301,89.57806777768121,True,0,0.16830903377972298,0.1319546586600373,0.07385331674254299,0.058819065941153055,1.0013545249459321,0.4387959165590579,0.44575209801945787
exact_dose_reference,0.01,-0.02,848,-0.46258785989461426,65.67402998688351,True,0,0.10867579940602891,0.07017856080356852,0.020581994195986535,1.6851494443012289e-16,1.0092372707241883,0.18938893763356782,2.4012311238727205e-15
exact_dose_reference,0.01,-0.02,849,-0.9106524992509857,67.06093437045052,True,0,0.12559550679362885,0.08580210428737055,0.03116669094630622,0.011677292701568795,1.0046942197847533,0.2481513211895191,0.136095644722872
exact_dose_reference,0.01,-0.02,850,-1.0686653275392644,89.5121831526518,True,0,0.11052482601354556,0.07287054184764076,0.017852628294415616,6.371767201494598e-13,1.0030920841441702,0.1615259570028878,8.743954744863598e-12
exact_dose_reference,0.01,-0.02,851,-1.3193228346070174,95.47679889812434,True,0,0.10557903190231559,0.07091779630068272,0.015339616889313998,6.850575010852752e-18,1.0005505985571879,0.14529037265189743,9.659881395365357e-17
exact_dose_reference,0.01,-0.02,852,-0.5884840411613412,42.39478585319672,True,0,0.10972475823409007,0.06997505791695828,0.01935686966375118,1.123211790453655e-17,1.0079607746244366,0.1764129625371756,1.6051602154965098e-16
exact_dose_reference,0.01,-0.02,853,-1.933762164866104,47.64751260248285,True,0,0.15415633568142867,0.12546170629225298,0.06104555389156504,0.05192287953883594,0.9943206287462044,0.39599769689465475,0.413854402855687
exact_dose_reference,0.01,-0.02,854,-0.9919094743911838,45.66332055794462,True,0,0.14672391140526136,0.10980084516706651,0.05495520255227391,0.03776469150554725,1.0038703329058944,0.37454837473957414,0.34393807668863313
exact_dose_reference,0.01,-0.02,855,-2.0135139662972867,42.09126423033686,True,0,0.14384858558367578,0.11572142135824073,0.04999760705388647,0.04291832354618476,0.9935120032386571,0.3475710717002719,0.37087622189950287
exact_dose_reference,0.01,-0.02,856,-0.3106334416392187,39.473745994490784,True,0,0.1176295217774154,0.0752984175351236,0.02643370502174316,0.0032842750489065833,1.0107779784747444,0.2247199905459309,0.043616787130680464
exact_dose_reference,0.01,-0.02,857,-2.1001770433544342,79.21909608883139,True,0,0.103828710979111,0.07815217369222013,0.014101784687036325,0.0068047351327569375,0.992633302401643,0.1358177767407073,0.08707032461509555
exact_dose_reference,0.01,-0.02,858,-1.1844423332311282,48.26368972957257,True,0,0.12439656658639804,0.08832616132175228,0.03242258545224355,0.01582852796534115,1.0019181891560967,0.26063890943263984,0.17920543277864634
exact_dose_reference,0.01,-0.02,859,-1.1817897941475364,68.63061142314601,True,0,0.13613078906313897,0.10018651488028925,0.043917393381819596,0.027043696155712702,1.0019450839813453,0.3226117595002716,0.2699334954212814
exact_dose_reference,0.01,-0.02,860,-1.8410570726445252,64.87170449109472,True,0,0.15776557993497914,0.12632978068593076,0.0639493598501598,0.05373815851253571,0.9952605912411531,0.4053441813893476,0.4253799715376256
exact_dose_reference,0.01,-0.02,861,-1.232173201281761,49.59746976130382,True,0,0.11479969325977829,0.08041541371317398,0.025174957089270346,0.00863877591833082,1.00143423272238,0.21929463724526127,0.10742686655998115
exact_dose_reference,0.01,-0.02,862,0.7477787656802626,186.7598471242661,True,0,0.13371029506425086,0.07656821997468297,0.03652629507564061,4.778288675333293e-20,1.021509511718875,0.2731748894734612,6.240563874820675e-19
exact_dose_reference,0.01,-0.02,863,-1.79182315759564,67.15274840848969,True,0,0.1423453788258833,0.11248101348123282,0.05098108432998114,0.04032507537679883,0.9957597874828743,0.35815061051150204,0.3585056191152382
exact_dose_reference,0.01,-0.02,864,-1.1530650232279838,38.94667713872637,True,0,0.13881381734787465,0.10220162337945542,0.04586887840729441,0.029882966544737297,1.0022363323550143,0.3304345293836608,0.2923922884648071
exact_dose_reference,0.01,-0.02,865,-1.6728187400487982,394.961431140826,True,0,0.09450767056776033,0.06729109879060503,0.008378315593253824,7.720348343323065e-18,0.996966406089756,0.08865222836327047,1.1473060303781153e-16
exact_dose_reference,0.01,-0.02,866,-1.6896545801741714,35.94237245257548,True,0,0.10410883146502356,0.07280314570450172,0.011851194274663118,0.0002487545227341042,0.9967957028639722,0.11383466808620024,0.00341681008872564
exact_dose_reference,0.01,-0.02,867,-1.4572613704851745,68.65222160919993,True,0,0.13619128345241024,0.1017596436895142,0.04292473504082234,0.02854407699816687,0.9991520017031587,0.31517975271759346,0.28050488350037517
exact_dose_reference,0.01,-0.02,868,-0.5088288626315052,35.12449549130873,True,0,0.11005805480760382,0.07052300873902233,0.021199544294295852,5.232851135939911e-17,1.0087684204457419,0.19262146992653548,7.420062231469188e-16
exact_dose_reference,0.01,-0.02,869,-1.5819794842405033,63.860775045596355,True,0,0.10963304496706594,0.07906941167829007,0.019060854867350936,0.00781411436845364,0.997887450354776,0.17386048953649758,0.0988260087256871
exact_dose_reference,0.01,-0.02,870,-1.9744740697211993,49.69912636325877,True,0,0.17333755124787245,0.14294903477936063,0.07930491046960711,0.06897318950495382,0.9939078395159188,0.45751719635291954,0.4825019603064319
exact_dose_reference,0.01,-0.02,871,0.3600264516880891,44.32624671245713,True,0,0.13675389462779625,0.0881836232965937,0.044649748317866424,0.01572312223672712,1.0175779840783974,0.32649708762876456,0.17829979818185202
exact_dose_reference,0.01,-0.02,872,-1.3953831505527536,73.89360454369927,True,0,0.10790405983133411,0.072748078413363,0.016293942850616742,1.2466115958761082e-12,0.9997794020389638,0.1510039833170871,1.7136007205478566e-11
exact_dose_reference,0.01,-0.02,873,-1.1541710775648029,101.26931706704916,True,0,0.11577399061374993,0.07699251705761243,0.022095581511413314,0.0038390868027902898,1.0022251177650812,0.19085099679365397,0.049863115917064445
exact_dose_reference,0.01,-0.02,874,-0.4701770375369563,114.4083815879166,True,0,0.15636391268474006,0.11556830567273776,0.06430578787118982,0.04302167246038577,1.0091603219592353,0.4112572189264843,0.3722618602907705
exact_dose_reference,0.01,-0.02,875,-2.0591664754538885,34.79070999925105,True,0,0.14895695379006843,0.11978286648241473,0.0564963834468466,0.04535615880262097,0.9930491198589076,0.3792799329561306,0.37865314242817594
exact_dose_reference,0.01,-0.02,876,-1.2389551775866536,65.4049095495406,True,0,0.11510677500328804,0.07831682017299543,0.020484352354449845,0.0029463782260622916,1.001365468394386,0.17795957148364816,0.037621269856896435
exact_dose_reference,0.01,-0.02,877,-2.952258542775832,63.56128546537102,True,0,0.1308890500229387,0.1133140287597272,0.040336667942650395,0.04172984595595009,0.9839938131038886,0.30817450302818505,0.3682672517489842
exact_dose_reference,0.01,-0.02,878,-0.8781423533169352,60.137564019135226,True,0,0.10886796273375847,0.07282316947456287,0.017558497784275172,0.001111513007293893,1.005023849119572,0.16128250537042998,0.015263178124678364
exact_dose_reference,0.01,-0.02,879,-1.8462386470099235,44.472213895866496,True,0,0.12704052759199588,0.09835400072426267,0.03642174813565081,0.028252793216109493,0.9952080538297601,0.2866939300868075,0.2872561665825546
exact_dose_reference,0.01,-0.02,880,-0.5116874023100348,193.8548145567525,True,0,0.11638715268081118,0.07379736530076139,0.023054880664547323,4.512137958969291e-20,1.008739436923653,0.19808784847391833,6.114226355615893e-19
exact_dose_reference,0.01,-0.02,881,-2.1001213601698265,35.53384972794112,True,0,0.15447374552510806,0.1263286135145992,0.061398652824990664,0.05310837383175438,0.9926338669888073,0.39746982645028806,0.4203986124300881
exact_dose_reference,0.01,-0.02,882,-0.22646599293021374,96.18142858931196,True,0,0.11674565420410755,0.07286744020138115,0.02610872469015615,2.0492259593642494e-16,1.011631375447727,0.2236376580194584,2.812265606834653e-15
exact_dose_reference,0.01,-0.02,883,-2.4383309087171567,63.947517623871704,True,0,0.10699180368362206,0.08372968099503875,0.016491788662137668,0.012183445640971765,0.9892046671093859,0.15414067334451503,0.1455092805345057
exact_dose_reference,0.01,-0.02,884,-2.594222763257026,98.2256709632367,True,0,0.0936305560363837,0.07232214450889467,0.0037605022892514984,6.261043901281572e-15,0.9876240366065304,0.04016319509829903,8.65716018765393e-14
exact_dose_reference,0.01,-0.02,885,-0.3043398849937984,53.044378639216056,True,0,0.12292738316263091,0.07934607523034644,0.032693937894563034,0.00841709596397117,1.0108417905811213,0.2659613916234554,0.10608081041861028
exact_dose_reference,0.01,-0.02,886,-1.6925816571133678,40.80958718348898,True,0,0.15580012762500414,0.1236242509629311,0.06201431745874546,0.05037004375995118,0.9967660244236973,0.39803765506539207,0.40744468312333565
exact_dose_reference,0.01,-0.02,887,-1.3722271298323818,44.97891580459562,True,0,0.15002685683160474,0.11581455400149669,0.05795331420871193,0.04248448971783882,1.0000141873186912,0.3862862652235706,0.36683204528240715
exact_dose_reference,0.01,-0.02,888,-0.6708406438663883,70.07160469065568,True,0,0.10836996591362517,0.07151443027680082,0.019898312312379426,0.0014494111313743503,1.0071257383184578,0.18361464031684857,0.020267393947827297
exact_dose_reference,0.01,-0.02,889,-0.8203413589287889,60.34085770258781,True,0,0.1125033617060136,0.07518645487735826,0.022098388449608018,0.0028273440175115294,1.0056099093412234,0.19642425003578182,0.03760443316716292
exact_dose_reference,0.01,-0.02,890,-1.6389862039264624,41.93423358931898,True,0,0.10308440069067586,0.07436088905525245,0.015391823336033688,0.004105213902161295,0.997309443503364,0.1493128274783277,0.05520662749353351
exact_dose_reference,0.01,-0.02,891,-1.0182273955231858,64.14135098522175,True,0,0.1403293880657289,0.1039767345191126,0.049375177820109396,0.031762991399984584,1.0036034882459488,0.35185201404129657,0.3054817171061093
exact_dose_reference,0.01,-0.02,892,-0.8314328937907622,60.30784659583953,True,0,0.1126963590918627,0.07597050455834314,0.023652429543512155,0.0066372836696555575,1.0054974492105895,0.20987749501500969,0.08736658665414439
exact_dose_reference,0.01,-0.02,893,-2.0417374304919855,39.98968151531321,True,0,0.1388288844000394,0.1092175058199009,0.046471613354101285,0.036825712990146094,0.9932258377521147,0.33474023474965053,0.33717775107290493
exact_dose_reference,0.01,-0.02,894,-0.9404801930783191,43.40869599519512,True,0,0.10686180211275492,0.07022608885736023,0.017756817376188443,4.176880082766271e-19,1.0043917885715736,0.16616617935614064,5.947761224820799e-18
exact_dose_reference,0.01,-0.02,895,-1.487226505233774,98.90036368112006,True,0,0.14383753836055632,0.11184279372559919,0.05152352540204939,0.03900589400566967,0.9988481769385767,0.3582063902741147,0.34875643487025837
exact_dose_reference,0.01,-0.02,896,-1.5601251617427536,45.088012993383046,True,0,0.1425632072874626,0.11197872096634642,0.051781700609305474,0.038816263249688725,0.9981090373572601,0.3632192456563742,0.34663963755537436
exact_dose_reference,0.01,-0.02,897,-1.4071151994405784,87.9457462767734,True,0,0.12325868184410303,0.0922633750556174,0.03427348036816916,0.021137661113402356,0.9996604475599897,0.2780613897162886,0.22910132108933082
exact_dose_reference,0.01,-0.02,898,-2.45626459402839,119.393971541603,True,0,0.1439651556320527,0.12001268124501933,0.052739403966858917,0.0481977702068714,0.9890228325285144,0.3663345045911714,0.40160564456076314
exact_dose_reference,0.01,-0.02,899,-1.2100284999118527,60.620408535418015,True,0,0.0998557969431503,0.06815743843489559,0.012413688637268949,9.610313040413063e-17,1.0016587639563255,0.12431615406701209,1.4100167584192434e-15
exact_dose_reference,0.01,-0.02,900,-2.4886933722059412,127.4851992351814,True,0,0.14041906819304237,0.11936079586906612,0.04930524714949704,0.04662814678773441,0.9886940282038172,0.35112928595790294,0.39064875906896235
exact_dose_reference,0.01,-0.02,901,-2.737588214343367,106.13861135700031,True,0,0.1439300910797745,0.12247729228980936,0.05210017319891802,0.051180036691120034,0.9861704147626467,0.3619824930843756,0.4178736787388827
exact_dose_reference,0.01,-0.02,902,0.3047203982075031,109.47221213670286,True,0,0.12321221991849148,0.07323809280498117,0.029365934098978246,2.7290693064519076e-14,1.0170172207506276,0.2383362146904315,3.726297616349581e-13
exact_dose_reference,0.01,-0.02,903,-0.8668266545602599,42.600064174248686,True,0,0.13498597568357823,0.09509497967233331,0.040645181848695956,0.020456063483277834,1.0051385821097512,0.30110670121741145,0.2151119181450256
exact_dose_reference,0.01,-0.02,904,-2.101831292403722,107.39836176662678,True,0,0.14647743784439043,0.12062622500094418,0.05484943572707503,0.04957647518850068,0.9926165295143466,0.3744565479452477,0.4109925116873435
exact_dose_reference,0.01,-0.02,905,-2.3114724531311914,68.9031507002178,True,0,0.1320985874638166,0.10747010935168544,0.04076255119414772,0.036210874760245794,0.990490919973823,0.3085767378497751,0.33693903336181824
exact_dose_reference,0.01,-0.02,906,-1.7976566028840124,49.66379604141578,True,0,0.15157260857273822,0.120465007514761,0.0581911070886652,0.0483304756714223,0.9957006405724296,0.38391571957897563,0.40119929154945844
exact_dose_reference,0.01,-0.02,907,0.0595939026170722,69.9435593977956,True,0,0.12790846284782448,0.07957662837275811,0.03312803018515372,0.0061981345930105574,1.0145318156142789,0.25899795406475074,0.07788888169497261
exact_dose_reference,0.01,-0.02,908,-2.0137178689581647,137.02867410687983,True,0,0.09690906393154927,0.07005790270357196,0.006551896277242208,6.552629286215379e-18,0.993509935813349,0.06760870460858102,9.353162217745477e-17
exact_dose_reference,0.01,-0.02,909,-2.0297855932558617,51.65561990685585,True,0,0.1355411575931063,0.10879304837725041,0.0451922234928069,0.03702061641041304,0.9933470207257623,0.3334206693768521,0.34028476049352413
exact_dose_reference,0.01,-0.02,910,-0.9557343918833561,31.92061886100803,True,0,0.12610749170210017,0.08849490602325785,0.03394692218073324,0.017671385920411464,1.0042371220432997,0.26919036864935036,0.19968817093005495
exact_dose_reference,0.01,-0.02,911,-0.9632041970445759,109.90410807975613,True,0,0.11250945202591003,0.07445489010437314,0.018205698515821555,4.848018586962006e-19,1.0041613836288517,0.16181483589155626,6.511350134512193e-18
exact_dose_reference,0.01,-0.02,912,-0.5917056858243508,44.11226411293319,True,0,0.13629520219929958,0.09572308009609268,0.045521836052568106,0.024212097591946077,1.0079281094807782,0.3339944129948401,0.25293897320939207
exact_dose_reference,0.01,-0.02,913,-1.6748388988622631,108.24218926123203,True,0,0.10559178360751066,0.0736921866552864,0.013436468937383872,1.6314333577625088e-20,0.996945923142455,0.12724919002531315,2.213848484906474e-19
exact_dose_reference,0.01,-0.02,914,-1.1662195722157764,35.1576969489992,True,0,0.15035180839565213,0.1141998668334602,0.058310647991987125,0.04161099730843342,1.0021029547552496,0.3878280455300021,0.3643699284616112
exact_dose_reference,0.01,-0.02,915,-0.7081992926113001,157.73472687400366,True,0,0.10372090999161164,0.06854688771848878,0.016438723096488753,3.518815950147404e-15,1.0067469486765874,0.15848996212835217,5.133443789014352e-14
exact_dose_reference,0.01,-0.02,916,-1.0332365346272576,28.451375161942096,True,0,0.12311097485688889,0.08407871712660073,0.030620884257071133,0.011554691276499987,1.0034513064455621,0.24872586942526098,0.13742706443893074
exact_dose_reference,0.01,-0.02,917,-2.5468883908589146,61.0431715706283,True,0,0.14121612275634385,0.11992477860444015,0.05061612869611728,0.047575252198124154,0.9881039728614862,0.35843023946671454,0.3967091100918047
exact_dose_reference,0.01,-0.02,918,-1.3787278693112026,37.32716319694706,True,0,0.12770182649943884,0.09457569094852222,0.03559891087460025,0.02009520356759682,0.9999482745284324,0.2787658708605603,0.21247747033151138
exact_dose_reference,0.01,-0.02,919,-0.4633514115732096,113.7032999374212,True,0,0.11840376207583228,0.0760937620745461,0.025302369088384093,5.602448971602551e-20,1.0092295288631574,0.21369565159744724,7.362560108559292e-19
exact_dose_reference,0.01,-0.02,920,-2.048108853787445,47.45725457755283,True,0,0.12549740250905714,0.09666001781155853,0.03349307295490253,0.024027331631066868,0.9931612361343,0.2668825990441144,0.24857570042981825
exact_dose_reference,0.01,-0.02,921,-0.641774368635728,49.62314767379661,True,0,0.11116858753201855,0.07194405239631482,0.01956524828321469,3.6673270498692685e-21,1.0074204492985124,0.1759961938670809,5.097470781416699e-20
exact_dose_reference,0.01,-0.02,922,-2.6517142229039004,54.55839235689778,True,0,0.13105405217912205,0.10941841020417638,0.040168112604650294,0.03731112066665013,0.98704111484298,0.30650034803768844,0.3409949075025585
exact_dose_reference,0.01,-0.02,923,-2.5939691888126504,56.81825948620916,True,0,0.12411346622013444,0.10114899518627696,0.03146021280096169,0.027801687191834245,0.9876266076677492,0.25347944714687226,0.2748587580196362
exact_dose_reference,0.01,-0.02,924,-1.1141127694627384,86.88027290867703,True,0,0.12021424207996215,0.08136664643850652,0.026509927040429787,0.007964282453701805,1.002631279997648,0.22052234894760928,0.09788141458823515
exact_dose_reference,0.01,-0.02,925,-1.8944386055873785,49.572563977904046,True,0,0.12208988770001428,0.09415502695570145,0.03134496841662331,0.022599264003530517,0.9947193411578327,0.25673681094408646,0.24002185262145523
exact_dose_reference,0.01,-0.02,926,-0.8850946934817361,81.14061278364183,True,0,0.11181943741739599,0.07430513990842362,0.020186709966303246,8.389682929518487e-16,1.004953357425422,0.18052952538967754,1.1290851399860414e-14
exact_dose_reference,0.01,-0.02,927,-0.1283697875543388,52.0759792529124,True,0,0.14475213833632727,0.09895581037083354,0.0505357735784642,0.02558639840358481,1.0126259999256328,0.34911935781595044,0.2585638812688275
exact_dose_reference,0.01,-0.02,928,-2.5058594643619814,59.25269672311636,True,0,0.10256162829963235,0.07994853925383838,0.012525837979724574,0.008827545817718642,0.9885199764616223,0.12212986657281333,0.11041534842420309
exact_dose_reference,0.01,-0.02,929,-1.7157366160018395,27.828025620192882,True,0,0.1533867261355629,0.12203456992634983,0.05987682824513053,0.04869106030154484,0.9965312499101764,0.3903651231998491,0.3989939926934705
exact_dose_reference,0.01,-0.02,930,-1.2023821247393318,72.49262442253134,True,0,0.15650571392663232,0.120673375936968,0.06397435816220019,0.04801690751238564,1.0017362926628102,0.40876691692030154,0.3979080483955846
exact_dose_reference,0.01,-0.02,931,-0.8064194605696406,112.66216742627137,True,0,0.11521063850781377,0.07538939723302478,0.021672528038611073,5.945807349771958e-16,1.0057510673078733,0.18811221185221716,7.886795183404599e-15
exact_dose_reference,0.01,-0.02,932,-0.6312459780542734,43.383029831792754,True,0,0.11080631274824917,0.07179695867322287,0.01931596109711354,4.222300347452482e-15,1.00752719955399,0.17432184699620146,5.880890257023122e-14
exact_dose_reference,0.01,-0.02,933,-1.274968013567357,156.68996267383358,True,0,0.10881118034923551,0.0739699889557919,0.01701569598405138,4.178719502025474e-18,1.0010003243192613,0.15637819504795886,5.649209309092748e-17
exact_dose_reference,0.01,-0.02,934,-1.5998866283715385,37.055971086984414,True,0,0.14587099340962364,0.11318564151822817,0.05319355027858385,0.04081723769749064,0.9977058848822496,0.36466160293575184,0.3606220466658499
exact_dose_reference,0.01,-0.02,935,-1.8249580249997344,44.387865030671165,True,0,0.15766733516979659,0.1270202390786193,0.06412270322308218,0.05267709276088701,0.9954238239247938,0.4066961818947885,0.41471416793887833
exact_dose_reference,0.01,-0.02,936,-1.2484946176359424,43.569148571406046,True,0,0.1283339152885061,0.09324633936202338,0.035943253068205554,0.021367337040599524,1.001268745381073,0.2800760265702321,0.22914933912463958
exact_dose_reference,0.01,-0.02,937,-2.0871295629027675,32.11695508462919,True,0,0.15017421271725476,0.12173515484931062,0.05832581091398328,0.050008315361919256,0.9927655944039943,0.38838765896377986,0.41079600567167185
exact_dose_reference,0.01,-0.02,938,-3.250540211293429,63.596293903728416,True,0,0.15790812113238312,0.1401098497781944,0.06456507778027554,0.06727466213537459,0.980969453010841,0.4088774998858169,0.4801565503201666
exact_dose_reference,0.01,-0.02,939,-0.39587177029790643,160.69501765995636,True,0,0.1302869546142994,0.09072054911036634,0.041121111506341824,0.02003724862156926,1.0099137235546396,0.31561956166737093,0.22086780578447435
exact_dose_reference,0.01,-0.02,940,-1.9698786121069567,33.20518365333162,True,0,0.11263122583455097,0.08491021348266879,0.021521807677424572,0.01417316591237792,0.9939544341279406,0.19108206909724054,0.1669194473909883
exact_dose_reference,0.01,-0.02,941,-2.3463127574264275,68.90093405440857,True,0,0.15993497621604746,0.13438397486309417,0.06706947559293215,0.06143579891585406,0.9901376645208017,0.4193546476183649,0.45716610911712324
exact_dose_reference,0.01,-0.02,942,-1.3703918705945228,37.379134361320375,True,0,0.12998481626245423,0.09533526324388236,0.03606395420816455,0.023030877561471208,1.000032795518206,0.2774474376710838,0.24157774130811027
exact_dose_reference,0.01,-0.02,943,-0.9473162285726144,138.18663364753016,True,0,0.11107684190127974,0.07297630701537842,0.01906876980998954,1.3643738268414102e-17,1.0043224761225507,0.17167187582571922,1.8696120462137025e-16
exact_dose_reference,0.01,-0.02,944,-0.4633903273761453,76.2153062046696,True,0,0.11640096574069318,0.07385924295968278,0.02331429990311143,5.884992238723882e-17,1.0092291342850999,0.2002930109278369,7.967848034857731e-16
exact_dose_reference,0.01,-0.02,945,-2.9378578236895936,45.48125577868219,True,0,0.1476757602183617,0.12740443789280312,0.0560314600308715,0.0549126228154859,0.9841398259659329,0.3794221878256812,0.43101028287326115
exact_dose_reference,0.01,-0.02,946,-2.0952174322662165,175.55192848297793,True,0,0.1319000906474305,0.10643672367487439,0.04048026345776585,0.03488967671581021,0.9926835892661587,0.30690095252451166,0.327797357069967
exact_dose_reference,0.01,-0.02,947,-0.561467676259042,68.27284589225859,True,0,0.11239521554217405,0.07265147554286217,0.022202578491028645,9.767850199417008e-17,1.0082347009983763,0.19754024567618336,1.3444806353112914e-15
exact_dose_reference,0.01,-0.02,948,-2.422638083239137,50.35920496355989,True,0,0.09201090263056426,0.06882240223198419,0.003700180219138353,1.6925541134751022e-15,0.9893637809944555,0.040214584504132705,2.4593069387056543e-14
exact_dose_reference,0.01,-0.02,949,-1.4347252687805567,71.1478374642136,True,0,0.14849722640225055,0.11385842834044774,0.05376770317920455,0.03896631800265019,0.9993805014530328,0.36207883798151314,0.3422348136243118
exact_dose_reference,0.01,-0.02,950,-3.8068577109935053,83.31018152579978,True,0,0.1540418580026616,0.1406790247454202,0.06007680154861113,0.06794401577048453,0.975328796467921,0.3900030960907593,0.48297189928235157
exact_dose_reference,0.01,-0.02,951,-3.018776390382716,48.253381699217314,True,0,0.09643685911931364,0.078806930089642,0.006964936639947427,0.00884791616941194,0.9833193703036405,0.07222276527411854,0.11227332620808265
exact_dose_reference,0.01,-0.02,952,-1.1179381722859594,70.54362767578249,True,0,0.10106049904101444,0.06785078970997457,0.014355652578030662,1.1785862936840893e-17,1.0025924931835073,0.14205008598072089,1.737026641431748e-16
exact_dose_reference,0.01,-0.02,953,-1.5772402612476477,59.62553611564982,True,0,0.10564179495916096,0.073116931737504,0.01493738808587017,0.0015566849716918817,0.9979355026436172,0.1413965759635632,0.021290348688050985
exact_dose_reference,0.01,-0.02,954,-3.97598534591459,106.59275397023134,True,0,0.12412976081067197,0.11451568491780793,0.03292812459756085,0.042854014369894756,0.9736139647378019,0.2652717960826835,0.3742196049445335
exact_dose_reference,0.01,-0.02,955,-1.1352304031092109,33.879111091398656,True,0,0.12493364080607075,0.09088633920637852,0.034445818122312934,0.0198452345271638,1.0024171624865807,0.27571291367216083,0.21835222653319317
exact_dose_reference,0.01,-0.02,956,-2.3423637955043763,71.47728876227953,True,0,0.16314388318513015,0.13781422314890618,0.06951311678743198,0.0637419145307191,0.9901777041347188,0.42608472613435866,0.462520580781034
exact_dose_reference,0.01,-0.02,957,-1.8194318578734325,75.41655176626087,True,0,0.15602342779134115,0.12756973470728084,0.06327520711756988,0.05371795985944167,0.9954798552572165,0.4055493973776256,0.4210870233657059
exact_dose_reference,0.01,-0.02,958,-0.832243401164412,38.79075647655717,True,0,0.14717195672802527,0.10841438352254353,0.05467228663867357,0.03708238233712854,1.0054892312528176,0.37148576300924174,0.3420430124884461
exact_dose_reference,0.01,-0.02,959,-2.8741108960490203,50.523141669003934,True,0,0.11794211950815586,0.09853321514654725,0.028344901140536935,0.028618420867839237,0.9847861736445169,0.24032891098397502,0.29044440319211556
exact_dose_reference,0.01,-0.02,960,-2.617271861261372,82.27552220916981,True,0,0.11437086426366033,0.09310694356371245,0.024533427410316028,0.023197662710642154,0.9873903354457064,0.21450766826207474,0.24915072735437988
exact_dose_reference,0.01,-0.02,961,-2.5584873970657895,52.31558801706103,True,0,0.14448349351134362,0.12095228484980573,0.054838548127204664,0.04995540488340991,0.987986367338943,0.37954887990647324,0.41301745515136623
exact_dose_reference,0.01,-0.02,962,-1.5709145080241682,63.74228084338751,True,0,0.1320278261038408,0.0987096845864471,0.03764164114245681,0.02399886490126292,0.9979996411999779,0.2851038470697184,0.24312573788284578
exact_dose_reference,0.01,-0.02,963,-0.4983761998894165,38.772212542064615,True,0,0.13941718776318296,0.09987305202501906,0.04695578944783751,0.026421508836001733,1.008874402875773,0.33680057818694226,0.26455093040896477
exact_dose_reference,0.01,-0.02,964,-1.003783669838143,70.22532501929663,True,0,0.1126431129940824,0.07774140697842614,0.023557176860887468,0.005820054496747908,1.0037499371637582,0.20913108875218162,0.07486428047749405
exact_dose_reference,0.01,-0.02,965,-1.379618652011294,45.14350804653021,True,0,0.13563647092952938,0.1023699085520574,0.04381204045606618,0.03097195501273367,0.9999392426369885,0.3230107666162219,0.30254940588311396
exact_dose_reference,0.01,-0.02,966,-0.34449131231278907,107.67216573953692,True,0,0.1349016341299009,0.09093441226335004,0.04014456551086433,0.01622756141953114,1.010434684187135,0.2975839823571589,0.17845347009595677
exact_dose_reference,0.01,-0.02,967,-0.9729989645866577,38.76260662945573,True,0,0.12080169080697557,0.08429957456328965,0.03107362662160409,0.012204072370634521,1.0040620717796784,0.25722840809617026,0.14477027237512405
exact_dose_reference,0.01,-0.02,968,-1.1560793804651581,62.40123199423028,True,0,0.12162911277015534,0.08501526994085763,0.029410899056558214,0.012468803402272723,1.0022057689557293,0.24180805390019167,0.14666545681672086
exact_dose_reference,0.01,-0.02,969,-1.1179070359163101,56.07956336597307,True,0,0.1703788125066015,0.13334628869630685,0.07676399886206485,0.061114363478896844,1.0025928088837455,0.4505489722150197,0.4583131939883488
exact_dose_reference,0.01,-0.02,970,-1.3593602742086208,28.90951314433626,True,0,0.1263428116780977,0.09247299112498748,0.03479906252470565,0.019538569790723163,1.000144647916102,0.2754336559595364,0.21128947547846294
exact_dose_reference,0.01,-0.02,971,-2.8650175439379644,33.598309758815276,True,0,0.15172276847239652,0.1309456926068858,0.05907795374644306,0.058240805649126356,0.9848783736492084,0.38938093696327014,0.44477068691348276
exact_dose_reference,0.01,-0.02,972,-2.8381954919753483,37.51582311143666,True,0,0.12706458506469032,0.10707553240375411,0.036958402484806814,0.03604005154538298,0.9851503298306677,0.29086312654301577,0.33658531259490054
exact_dose_reference,0.01,-0.02,973,-1.5539982179176959,43.40038832661036,True,0,0.1025625770592603,0.07176594284495533,0.011771790946984637,3.9186431426843094e-16,0.9981711601303053,0.11477666888365079,5.460310263254298e-15
exact_dose_reference,0.01,-0.02,974,0.438701993201307,65.46315414502212,True,0,0.12225261567292825,0.07134511358310919,0.03027161641126665,2.2183123007189173e-21,1.0183756970898405,0.24761528614041778,3.109270122802213e-20
exact_dose_reference,0.01,-0.02,975,-2.1713272079965984,33.71626093207331,True,0,0.13161895646530897,0.10448207881674505,0.04109552818247922,0.03461192665273662,0.9919118912615387,0.31223107435372227,0.33127142036907353
exact_dose_reference,0.01,-0.02,976,-1.036656202377828,68.22957700221244,True,0,0.12054819264332786,0.08245982948832521,0.027922335643327804,0.009183897052871497,1.003416633491211,0.23162799069035447,0.1113741940755743
exact_dose_reference,0.01,-0.02,977,-0.7645266043122434,30.204778043322104,True,0,0.15743490024459,0.11832863996382947,0.06473997556724835,0.04515896388037215,1.0061758305300932,0.41121743315280584,0.38164018359525026
exact_dose_reference,0.01,-0.02,978,-0.5403431998180386,60.35279395936268,True,0,0.11450946986468552,0.0724188183269491,0.022750340411388997,1.145406733543032e-16,1.0084488878904243,0.19867649757066208,1.581642396278639e-15
exact_dose_reference,0.01,-0.02,979,-1.0486550496956015,51.46407492590601,True,0,0.12773610599477916,0.09083932774901504,0.035946449319127945,0.019984101286131397,1.0032949738693817,0.2814118141396697,0.2199939363416093
exact_dose_reference,0.01,-0.02,980,-1.9586458321760092,55.6012189894102,True,0,0.17837437951223006,0.1477771615608339,0.08284618297525286,0.07400190851871202,0.9940683263812795,0.46445113475263744,0.5007668826298874
exact_dose_reference,0.01,-0.02,981,-1.9021519104491125,49.6695488864689,True,0,0.12174782126265932,0.09259323347035393,0.03129658049376288,0.02135678597752771,0.9946411338327722,0.2570607027639821,0.23065169210626635
exact_dose_reference,0.01,-0.02,982,-0.4264817803290022,133.65771383473938,True,0,0.1131716235937564,0.0741282181127294,0.025108021390213533,0.0037643771313081516,1.0096033602217338,0.22185792332839452,0.05078197246807592
exact_dose_reference,0.01,-0.02,983,0.1986007927076594,157.15336175144188,True,0,0.11520596154494292,0.07088480411681872,0.027381935368543536,2.807669663748186e-13,1.015941244806284,0.23767811145659842,3.960890770215185e-12
exact_dose_reference,0.01,-0.02,984,-1.0687517829021664,50.832876424668186,True,0,0.12178841963991204,0.08628817175123421,0.03043992364246158,0.012879480096726655,1.0030912075494043,0.2499410348903643,0.1492612467657531
exact_dose_reference,0.01,-0.02,985,-0.4854114122939235,124.10240296095094,True,0,0.11212413153505743,0.0716807132801249,0.02179367828282013,3.302639363242933e-14,1.0090058564324516,0.194370988514689,4.607430942178787e-13
exact_dose_reference,0.01,-0.02,986,0.1715139809618016,51.500049535946,True,0,0.12363211020660436,0.07322600613445962,0.03079269258720016,8.550155632828638e-22,1.0156666041523703,0.24906711157596362,1.1676392151073495e-20
exact_dose_reference,0.01,-0.02,987,-0.45507847799238776,97.46256763862247,True,0,0.11484958098044655,0.07203962695323796,0.022975795435820283,3.110659553610479e-19,1.0093134104181274,0.2000511907808525,4.317983983495162e-18
exact_dose_reference,0.01,-0.02,988,-0.6203514026050905,49.354516963333346,True,0,0.13158664246040835,0.08954110309227338,0.03803961052664316,0.014760856306474562,1.007637662658823,0.2890841335820882,0.16485006099671667
exact_dose_reference,0.01,-0.02,989,-1.9207024573280718,43.05480231961684,True,0,0.10348186486640264,0.0765673938765435,0.014659774786227328,0.006895811239433652,0.9944530447223561,0.14166515848118336,0.09006198187380374
exact_dose_reference,0.01,-0.02,990,-1.2991556759269884,64.31879121593772,True,0,0.10460021307546369,0.07082237182621309,0.013613605225832087,7.003115570461144e-17,1.0007550789404618,0.1301489244195953,9.888281611982273e-16
exact_dose_reference,0.01,-0.02,991,-1.3990506413357418,95.5173641767617,True,0,0.10677617792218816,0.07240097982534277,0.01351928436112786,1.1148730271145323e-21,0.9997422163385457,0.12661330105840532,1.5398590320241624e-20
exact_dose_reference,0.01,-0.02,992,-0.37549053617204065,48.900779117159836,True,0,0.14822049114450297,0.10365426922119424,0.054479037163184856,0.030251442758819996,1.0101203745078935,0.36755401862804654,0.2918494625075652
exact_dose_reference,0.01,-0.02,993,-1.906820852403146,50.059276021251264,True,0,0.11940622695788505,0.09025524511168712,0.02647742714922539,0.01684878160243873,0.9945937941427647,0.2217424318964878,0.1866792515115223
exact_dose_reference,0.01,-0.02,994,-2.519795866657082,47.29574990673989,True,0,0.11817111333612565,0.09488687304618698,0.028409230498605866,0.02574777315779457,0.9883786714355661,0.24040757251561737,0.2713523202019907
exact_dose_reference,0.01,-0.02,995,-1.133389498168036,30.519102723492708,True,0,0.12039684751712766,0.0829248982853402,0.0290096958730621,0.011907762512904558,1.0024358279294383,0.24095062679224372,0.14359695048320198
exact_dose_reference,0.01,-0.02,996,-0.0868680194531235,158.53183552218502,True,0,0.10974118931115204,0.06746816436077345,0.02254136060174527,7.903827415474606e-15,1.0130467977971884,0.2054047413121537,1.1714899153340472e-13
exact_dose_reference,0.01,-0.02,997,-1.2338538720159886,56.81557390888016,True,0,0.1264211078618391,0.09260245870946604,0.03556560987862638,0.02252122553548967,1.0014171919383337,0.28132651643501416,0.24320332148143597
exact_dose_reference,0.01,-0.02,998,-1.3399201794932036,30.74262702639892,True,0,0.1396135805045155,0.10540432063837346,0.046844687474562045,0.03280569913850401,1.0003417563973391,0.3355310228795898,0.3112367589850086
exact_dose_reference,0.01,-0.02,999,-2.081711062962155,36.04343645342342,True,0,0.13133348149502816,0.10488194445127084,0.03869721155404471,0.03246920015666108,0.9928205340691303,0.29464848653623527,0.309578548782022
