rep,alpha1,alpha2,beta,kD,GammaC,GammaF,qFLASH,R_Lambda,Delta_percent,SSE,success
0,4.552220046730877e-23,0.13256079712106023,0.8971297153187436,0.02837574845527077,0.16226759218661108,0.05284366497308895,0.9594168512403413,1.3311898583321307,-5.376195166131181,4.520084643365694,True
1,1.0353391692008359e-16,0.20131021957300568,0.9007463834480505,0.017586218394784605,0.11418312344222364,0.12711046790481642,1.0147701989942641,1.2761168634675026,0.08310479091779843,6.249611663135475,True
2,0.2264575436384149,8.067677898329649e-17,9.999999999999993,0.0010346885568504596,0.25351208430607747,0.4821394107399486,0.8949920109497145,1.435695691029045,-11.730183535453985,4.179146027239696,True
3,0.14893120857108608,6.7887584501926404e-18,1.4300031030171985,0.012351544678406198,0.2702027208526911,0.31888139828485423,0.9932120818598955,1.4548121201967548,-2.0430941242575607,3.7787291265856373,True
4,3.777243643156815e-18,0.0027887821207750146,0.6617054440279164,0.08598899669242202,0.01901836495062056,0.04051812364400409,1.0112675077248745,1.1671209986371696,-0.26235294691484556,5.133368959275936,True
5,2.875204197232103e-20,0.19988055625946174,9.999999999999998,0.0016282549107696806,0.09808006972863482,0.09538098606723802,0.9346482726531635,1.2576734155594538,-7.819030252064363,6.675022101654772,True
6,1.0033501145907287e-24,0.1010674435293995,0.9361503253811654,0.028829098642481205,0.12823525594570157,0.10634600045210213,0.9585427037235394,1.2922113122866226,-5.462409165727844,10.286772890730692,True
7,0.2652420317806395,9.221149760504585e-34,9.999999999999998,0.0008660379526013087,0.45415169350640344,0.419472902455353,0.8762793377934136,1.66549596657894,-13.575746629715525,6.588446261547224,True
8,7.297594484551916e-24,0.18187717444686716,9.999999999999995,0.0015541391610510362,0.13038152787843948,0.09493042444599291,1.005021307357592,1.2946695202322716,-0.8783930380836469,6.242604825276635,True
9,0.20081017284016547,2.457786392827062e-20,0.40303648901920563,0.04527707286962506,0.32483317314910676,0.27001671943612365,0.9002250492498126,1.5173824822562085,-11.214067944867379,3.8200155025075553,True
10,0.11687149191483993,1.3038721921488603e-17,0.5218089287288536,0.059472554500630784,0.1808487903416876,0.13594067511988284,0.955993505705006,1.3524716205579557,-5.713827321951337,1.7610172199724736,True
11,4.581004020567245e-19,0.24833101859235818,0.6600551424225191,0.018351243980444985,0.14308017722303523,0.08293679267555545,0.9973143028481687,1.3092137726365214,-1.6385069443701772,6.090085516358971,True
12,6.127383197006455e-17,0.01004108852098292,0.622991579661649,0.07173810397180465,0.0794874528985796,0.05313383687846189,1.0266541024781148,1.2363785750851863,1.2551710960558404,7.313320417770394,True
13,0.2159855413895186,1.7661745967437526e-32,0.24360371121776045,0.09546802081836735,0.1926549943182309,0.18461103143092383,1.031594711282746,1.3659937208940818,1.742445425963135,1.6141630153817854,True
14,0.18528473200571693,4.776170299701751e-28,9.999999999999998,0.0012448053814195258,0.3420284345573503,0.3442017767802763,0.9840716481932826,1.5370768777223676,-2.9445819501680015,7.654116592089996,True
15,0.001634017869101458,0.19896069385615112,9.999999999999998,0.0013349466959976803,0.19228431314310784,1.159639741431731e-43,1.0128937935448563,1.3655691654609647,-0.10195827401004998,10.620001179539345,True
16,0.05998762849394291,0.16937236894472954,9.99999999998368,0.0013241870548816501,0.1770271155882252,0.12118013426011078,0.9348940034428302,1.3480945092043801,-7.794794715391196,3.05734466334652,True
17,3.4632213390011114e-26,0.06367449565316773,0.832293876808871,0.037295490073753754,0.16980001811227757,0.05761571107571369,1.047808205189474,1.3398170359875112,3.3415235337970195,3.385724059859464,True
18,5.929720866092403e-26,0.1381143093563857,9.999999999999998,0.00203531808369984,0.13112616184708029,0.061228912663498745,0.9686363273319869,1.295522378209116,-4.466911672477114,9.998063852890915,True
19,1.5099074992479903e-31,0.2232256257591683,9.999999999999993,0.0012371887779940398,0.15117157425473596,0.03400091742757034,1.0339824008885201,1.3184811614381609,1.9779345931260295,8.486685477603041,True
20,0.19429370111633754,6.962301445219683e-17,9.99999999961437,0.0010842943557106044,0.40151198378909075,0.24246245617435078,1.0314087603887372,1.6052056787034925,1.7241057636144586,6.962605702389905,True
21,0.027794188746644913,8.61314456722872e-21,0.5761151049956847,0.0951236735087425,0.08402480729122361,0.1005341786811513,1.0001522539055496,1.2415753819063962,-1.3586101230515624,3.7109905123576374,True
22,8.513934250066122e-20,0.21820376769973313,0.87821544295795,0.019487422860763683,0.07298111793034921,0.10626729727064471,0.9584467578774392,1.228926618941141,-5.471871956593222,6.665556755178564,True
23,2.360438727841314e-20,0.21600380203222405,9.999999999999998,0.0013847935533655138,0.07210815155886267,0.17432412883638534,0.9647430805681527,1.227926776918357,-4.850888482426696,6.400177377527028,True
24,0.06035965379608353,0.08650131146234522,6.276140929897521,0.002789765784170162,0.21124305831167142,0.1933176911559542,0.9635899185634281,1.3872833468291423,-4.964620669156405,4.833409930186105,True
25,0.003323893247548715,0.18644349716598924,9.999999999999998,0.0015711456726755402,0.13672096036893025,8.458898810341475e-44,1.0109350909205743,1.301930316537403,-0.29513801085544467,7.461493076128469,True
26,0.07355487320673249,0.09228754817978266,9.999999999999961,0.0016390865308078817,0.2031453853248316,0.10208763885255077,0.9552997177553374,1.378008769934254,-5.782253111492819,3.702473332533076,True
27,1.1549681113193196e-17,0.149973056414912,9.999999999999998,0.0018335929693673993,0.12375070428024107,0.07141424098010225,0.968793157862178,1.2870749824634735,-4.451444046010467,5.498420558111379,True
28,6.055910122030359e-25,4.605138892929616e-25,0.67362745611168,0.08014613386919732,0.07302922326674291,0.06846049576475316,0.9708787231967493,1.2289817158365284,-4.245752300100825,5.999800858372534,True
29,1.0562842800532092e-22,0.043710939327210444,0.5843564855630247,0.07355811040487603,0.08933378676711351,0.08557579387345193,1.052104564549602,1.247655960668041,3.765257877282191,6.054464163065049,True
30,0.0823707745370737,0.10891981746283037,0.43528812534330097,0.048899207214792455,0.161133519044823,0.2458798992026924,0.943391287145449,1.3298909606642408,-6.95673843812743,4.260821748097737,True
31,6.900394190888051e-24,0.15194084975190494,1.5762693256744171,0.01340045305486942,0.12339350248403945,0.10699581660206404,0.9553014603097942,1.2866658654824288,-5.782081249665905,3.7567191617725504,True
32,0.0872639657760425,7.345678680689064e-17,1.2049658422653318,0.023081119130337942,0.14372129283429416,0.22678049112655133,0.869743087836648,1.309948067049842,-14.220393260066865,9.43838993993672,True
33,2.373198524983632e-21,0.18465369264109338,0.6645893745817216,0.03406131953453536,0.0765394172666808,0.040560490989985064,0.9699555200303883,1.2330020762809806,-4.336804480519396,6.273114032683993,True
34,1.3925332981569796e-35,0.2108873215090402,9.999999999999998,0.0014564119736028933,0.07147916192063489,0.05670487931266982,0.9573286712867428,1.2272063708491925,-5.582144782433884,13.717709575736327,True
35,0.16409681579551674,5.506925196792003e-34,0.284139907744953,0.11084405212847656,0.2754952147534436,0.19513567560012302,1.0270502965054231,1.4608738173939653,1.2942462762216778,7.274874311541454,True
36,0.09872319504781145,5.957374448953325e-21,0.8447058628962905,0.03170557350387136,0.14003679901898194,0.09131294246409552,1.0022480759436985,1.3057280743106454,-1.151906795662705,8.258368331781462,True
37,2.0817600013051136e-24,0.13789157460703905,1.5599068449747626,0.011667123730371489,0.23947627610101785,0.0800518385132285,1.0624061776724423,1.4196199390579187,4.781268622089763,5.010479271616864,True
38,1.1435150175283789e-23,0.17474540823663232,0.7462480297068554,0.029180311154770978,0.13484111545836117,0.07159752257373886,0.9827313967469998,1.2997772577263258,-3.0767660900623772,11.098581437170559,True
39,0.12328747085344247,3.5112504973021866e-32,0.4315433720854611,0.08548299250626969,0.20025829582308427,0.12374008341059253,0.9690154965396397,1.3747020750813135,-4.429515588535537,4.277709102149894,True
40,2.801631492266864e-17,0.113547623448793,9.999999999999998,0.002051400346728231,0.08551721475617799,0.12451795365110224,0.9821403327671078,1.2432846936821025,-3.1350605869803094,5.064362385077032,True
41,0.08901975126258276,9.036721516677757e-25,0.5639153257044345,0.05758892611141914,0.1457488094276797,0.19735540896652637,1.0038720330867688,1.3122702599293987,-0.9917417917170379,5.674875912788775,True
42,1.4700872076874202e-17,0.11948228335202384,0.646382291137885,0.046771989033503616,0.026898472934948913,0.12624255961824532,0.9594334267809094,1.1761463899513718,-5.374560380674054,5.963415816620077,True
43,9.0745698641005e-18,0.10380689745178544,0.673980769051399,0.045952093697308974,0.14932572164662108,0.047194772299844076,1.024164715738704,1.3163670353208907,1.0096519093941492,5.333303797484967,True
44,0.20151013934525353,6.480647174934265e-17,9.999999999993987,0.0014079266327326483,0.0746513940174635,0.5299373784512195,0.8115991895612652,1.2308396505035182,-19.95491509546863,8.98525845523677,True
45,0.10008608712795974,8.897766178191276e-25,0.4349114703857864,0.09392890794307701,0.08029157497946456,0.05078968815113567,1.0209878836805637,1.237299567089206,0.6963324838797691,2.821261236113601,True
46,9.810022903971382e-26,0.21648805351964465,9.999999999999478,0.0014255266195351576,0.08406165788010067,0.09556439447616354,0.9607867838087844,1.24161758830578,-5.241083684792969,7.9782153176638095,True
47,0.1173299838567135,0.020922988427012332,9.999999999999998,0.0015863436822725946,0.27150436174127845,0.250130587880322,1.0274827551846628,1.4563029396618472,1.33689810749833,7.9145744258172295,True
48,0.05753986932618866,0.1464497786479669,9.999999999840504,0.0013430178078707293,0.16167863816721662,0.17301521349298507,0.963505794611506,1.3305153065998856,-4.972917509469599,6.372165121417196,True
49,0.2535429750028316,3.589476417440759e-24,9.999999999999952,0.000954243007976299,0.2883525979239579,0.17613363460312498,0.8811507027523728,1.4755998737654406,-13.095301569202789,5.198127323037066,True
50,1.9356378117741833e-19,0.06332401629093087,0.4940878785143894,0.10247651094722009,0.10008392189436699,5.845360348476774e-23,1.0713031255874583,1.2599685046581708,5.658742331290534,7.8818480928890775,True
51,5.681953588544108e-16,0.28830921390955694,9.999999999999659,0.0008540959657873455,0.24120550152385614,0.1952907364313081,0.9364122391599972,1.4216004875659622,-7.645056632296987,10.264375846417954,True
52,2.5018907776551322e-20,0.17907557524806977,9.999999999999998,0.001597065770543035,0.191090256199751,0.17039688037960915,0.9503347873137336,1.3642015660338163,-6.271926196255395,3.0700011164481245,True
53,4.645531929252235e-18,0.09232837848154886,0.45329004338430745,0.1153984547829934,4.4204962667731256e-17,2.8421251075625914e-16,1.076985549863571,1.1453385324353067,6.219179231049998,9.318968201735336,True
54,0.14424171506462077,0.05333224563272866,9.999999999017394,0.0012178630277574246,0.3523232698726122,0.11188901682977045,0.9651967112518856,1.548867949294013,-4.806148533124476,7.681866692871477,True
55,6.30388651550614e-18,0.24406242353734167,9.999999999999998,0.001116624484494892,0.12922349136717773,0.16419880233987727,1.014513531490945,1.2933431763939565,0.057790605837704234,6.325920320177899,True
56,0.07855594304587006,0.1073618354106431,9.999999999999998,0.0015786348768249197,0.10242637505353701,0.20954603427787502,0.9350653433706371,1.262651406521793,-7.777896079654201,5.399379504428521,True
57,0.17390433453566084,1.909341973740214e-22,0.508702890725911,0.03949153243081267,0.2157695302723993,0.33158489322829515,0.904844529244651,1.3924676895817518,-10.7584653849369,7.068641628209141,True
58,0.1732320589505593,3.2676101161110446e-23,9.999999999999998,0.0012631289433622528,0.481413259866428,0.349490100976136,0.9521121554408943,1.6967196889856182,-6.096630823274429,7.921021586580387,True
59,1.883938226989385e-18,0.0942532646790916,1.0629749011530376,0.027175958733139,0.10196201528257653,0.1047109838371831,0.9685752304221322,1.2621195573831991,-4.47293743913586,7.6192408153109366,True
60,0.14917563154957436,0.015560222114696905,9.999999999999998,0.0014879309422686211,0.25780106065033176,0.26962531245850563,0.9865971050884063,1.4406080209008232,-2.6955052948522407,5.434953607472533,True
61,0.06815536771060704,0.06900575089971851,0.7737242494861635,0.028876046749722394,0.18718744793781358,0.13789776341001622,0.9854709300745408,1.3597315293467125,-2.806575852538429,5.477159889673235,True
62,3.879898518164621e-18,0.19362208925976881,9.999999999999998,0.0017926107048653734,0.11906653797984663,0.019611247884739898,0.945497110981872,1.281710026307297,-6.7490486696450525,7.114240516612107,True
63,3.766565365835317e-20,0.05761656329964713,0.8249307025461694,0.04019856929967035,0.16212139682186522,0.05278096642619515,1.0511403375733954,1.3310224151476238,3.670159667266204,6.380199875444946,True
64,4.911026232409119e-22,0.17844628469719942,9.999999999999998,0.0014771801130496975,0.1404700310354143,0.1097458357252868,1.0098997569561092,1.30622427163255,-0.397249245262854,4.400959200349947,True
65,2.7880312685243783e-21,1.5278771807083857e-20,0.9409080529983578,0.04519683687676909,0.10055782161104725,0.08437253643816671,0.983918106917824,1.260511280264195,-2.9597251693684545,10.228378292804782,True
66,8.147170299876461e-20,0.07243147550216233,0.48040798168535725,0.10330527508822938,0.07656999238618824,0.0070060573623110835,1.0462075511584088,1.2330370951434861,3.183656831282633,4.054637009528338,True
67,0.18068312674242992,2.3270961303287264e-18,0.4318333231241801,0.04336648244759476,0.1689449812250592,0.19027509949507748,1.0061944930352698,1.3388377292939264,-0.7626859891038951,9.547120501039688,True
68,3.7004182849402318e-22,5.541385058891853e-21,0.6769612942294859,0.07725397453209422,0.026778800442081155,0.05665127229734518,0.9812326623008184,1.176009324434018,-3.224580833518187,6.148520617058429,True
69,0.16148347670913843,4.2351739719768946e-29,9.999999999999982,0.001496920345174321,0.24651554930893677,0.35535770034420133,0.9950079338170992,1.427682289903288,-1.8659757581487413,5.0162372493420735,True
70,0.06031989624508592,0.11132828066455802,9.999999999999998,0.001686574835581443,0.033807555048479904,0.11572280281173486,0.9549074167599017,1.1840596279197586,-5.8209443360426665,7.184401979183793,True
71,0.14488729134973385,1.3605889202557063e-36,9.999999999999932,0.001693361811791873,0.2327254459094477,0.24788421028842156,0.9856467255731256,1.4118879531135857,-2.789237780013165,7.665664293681661,True
72,0.19419970878599796,0.013074919683780804,9.999999999989718,0.001122592491546808,0.33086907286802186,0.1797128822328109,0.9689115131192109,1.5242956307821975,-4.439771096209699,3.304464942415842,True
73,6.045421792400673e-23,0.10797163515369325,1.3229086366214127,0.016085448757505907,0.1311721895914652,0.1625505796888017,1.046969466394636,1.2955750955583214,3.2588017680424075,2.6293250645814643,True
74,0.1519945458564422,1.3536949252842597e-21,0.8529134386257978,0.025055116077891678,0.15224467618629473,0.32863368080779354,0.9521540784237121,1.3197102264296061,-6.092496111507517,9.008829817392938,True
75,7.404073275261123e-25,0.05819265201210205,0.5966628609555202,0.07254970073605825,0.12006384697931742,0.049232871298466305,1.020872081655241,1.2828522827331352,0.6849113500636106,12.221527218347628,True
76,7.31892380832132e-17,0.15451618402211037,9.999999999999998,0.0019468477168398056,0.12308908755401655,0.21063310970401947,0.9190629647206779,1.286317207333225,-9.35615265529578,3.893752293875867,True
77,0.24505522837714833,1.6374593093901338e-27,9.999999999999998,0.001052681420952183,0.13532435046590016,0.4061475106386884,0.9297749841551252,1.3003307254006817,-8.299665024261005,6.688992391591565,True
78,2.30517521931571e-17,0.26307666371021843,9.999999999999991,0.0009132661114163787,0.22230794502872092,0.08491321800444887,1.0084391884540578,1.3999563879432106,-0.5412998200530983,7.2916187909553605,True
79,0.28960984517047395,1.5415135692834575e-40,1.8224700989366815,0.0031321776855614096,0.3752409684373505,0.7796491720963432,0.7872649398167976,1.5751164725349451,-22.354913902683982,5.542941788034584,True
80,0.031216313752348,1.5644813421342467e-24,0.6755314352954033,0.05396644670218964,0.1201810633892769,0.09548828017441613,1.0346045660633139,1.2829865352040957,2.039296488112541,7.069445200227992,True
81,7.461419832229074e-19,0.14993589353886724,0.606791239075742,0.041537785031811277,0.13700023757127436,0.10930746009876265,1.0380411411765444,1.3022501834784785,2.3782334292251184,7.171469898778514,True
82,0.24174806357478776,4.663097903067871e-28,0.7748498133628682,0.016259604304837444,0.3476899770354794,0.08607251420250162,1.004069233903212,1.5435612604755882,-0.9722925903150825,5.224392982971351,True
83,3.483833886008395e-31,0.20259551162075817,9.999999999999568,0.0012958112423852707,0.22990085143559033,0.11480554205706883,1.0376582840366726,1.408652836224173,2.3404736179025942,7.126435093786371,True
84,0.2433282226395888,9.375492806844597e-18,9.999999999999364,0.0010135369910973355,0.391733828846444,0.5196073403047664,0.8253963803662849,1.5940063810715566,-18.594148200138385,6.0039271799494855,True
85,1.4798080972140622e-18,0.16264089905826604,9.999999999999998,0.0016824195658802906,0.17028680569382051,0.18132337016367875,0.9404157556922911,1.3403745725617633,-7.250204314963604,6.1366963185955,True
86,2.4573408134451977e-53,0.2008283889522577,9.999999999991202,0.0014396564342246088,0.19170310573159433,0.12176020008232366,1.021373757867858,1.3649034862172214,0.7343898556486206,7.801503303645429,True
87,1.6576597347263302e-20,0.11875267355004816,0.7228695892869147,0.04216063645996299,0.06984408047956142,0.021467125098148798,0.9738573685238232,1.2253336490710611,-3.9519793131723824,6.598253378820852,True
88,0.16075264652377264,1.1600920327031489e-36,9.999999999999998,0.0014355374726214359,0.2906443169923504,0.3951000863221687,0.9556699317720768,1.4782246679199875,-5.7457402455561635,8.721611077149038,True
89,0.1424437736253082,3.850506485263182e-23,0.3900824650323001,0.08403628869028708,0.18050057688007232,0.09272434335370007,1.0203626979089655,1.3520727982628549,0.6346726783842405,7.269575891813464,True
90,5.027526065950646e-26,0.17089551644540724,1.1373241771473948,0.016330135539814942,0.1641694016739859,0.13576361507234372,0.9553633946447643,1.333368074019372,-5.775972890804848,4.219738238330278,True
91,1.0552550830719125e-20,0.08678545334166067,0.5938981151358133,0.06675091114511675,0.08135483688179435,0.011344925452577703,0.9760652669278961,1.2385173619160146,-3.7342223002432173,7.2244526761254475,True
92,0.20013222237972053,1.9703927249884678e-23,9.999999999948491,0.0011880915566794066,0.31607785959406964,0.32258559870568637,0.9557531939655178,1.5073546842780714,-5.737528397356895,4.249281257355504,True
93,0.21894960230125074,1.2641811317009797e-27,9.999999999999998,0.00120280776034358,0.28962938544260836,0.43512607798414893,0.8100953666091744,1.4770622277082837,-20.103231699809456,11.014899237674687,True
94,2.283076458185617e-21,0.14428394690765703,0.564566859682806,0.058855389408985846,0.09033482651181832,0.0020518942990149108,0.9710801198688805,1.2488024900601506,-4.225889276668104,5.5818172826670285,True
95,1.8843947300580505e-22,0.019489529860226496,0.9149858648525746,0.04933555037309106,0.09423811027464074,0.11778628602552912,0.9507989849726198,1.2532730713567404,-6.226144064513594,7.942040665639867,True
96,7.721427141388758e-20,0.15572838630501173,0.5956478944668525,0.03453346401664009,0.20831626203188788,0.0274778569355226,1.0947754006990906,1.383931174273318,7.973727706311418,4.509251089821112,True
97,3.6667257003681814e-18,1.423808478831884e-16,0.5792020715756262,0.0982284230926179,0.04557669924587752,0.06124778781612108,1.0173349893039203,1.1975392822628255,0.3360607582712616,7.945609654684522,True
98,0.006330515583228976,0.14154198432438347,9.999999999939334,0.001647883548174308,0.19657629209768837,0.017566501374265065,1.0535144785489585,1.3704849343380472,3.9043125821637714,9.121684316773338,True
99,0.23850241737512523,9.058516614412584e-25,9.999999999999993,0.0009269187693935376,0.2974784679574986,0.5569960611066183,0.9622594532090418,1.4860520843568517,-5.0958396422950525,9.194459052966213,True
100,0.08250749249043157,0.1500764341106706,9.999986840168761,0.0008492981363676283,0.35041847438770696,0.1265870247539185,1.0930252837446088,1.546686313628742,7.801120017668839,3.942195798037275,True
101,0.0031387183746723088,0.16510869152374152,9.99999999963185,0.0016604409198765222,0.16098243756035047,0.1315202532915815,0.9783223987370895,1.3297179212185368,-3.511609575105734,7.908764978039471,True
102,3.3238932344415644e-15,6.000619052394622e-15,0.6753300834588283,0.07343664011244651,0.0861799883348396,0.0343777090394543,1.0240543064892866,1.2440437938000237,0.9987626455093102,11.097616374062484,True
103,0.19757942042352555,5.3954175082784185e-30,1.2887279740888955,0.011708814488056852,0.21944628116158263,0.5209926982046141,0.8332469527131935,1.3966788140492996,-17.8198747186713,5.195998714754109,True
104,0.026422537398404673,0.10158692882495243,9.999999999999998,0.001846169352654662,0.10546380738594047,0.1783241541990281,1.0108731631318533,1.2661302948117596,-0.30124572408369854,9.388722498838465,True
105,5.5840898746754175e-40,0.1624888594515415,9.999999999999838,0.001802263281416785,0.09627537198513315,0.0678810504835785,0.976879023444788,1.2556064256944224,-3.653964445967328,4.341591921681051,True
106,0.06131856950914747,0.16932756722199555,9.999999999999998,0.0011958803999813964,0.22016367944718346,0.13969443395346015,1.0406408198422332,1.397500477948901,2.6346303086158596,9.258193238999162,True
107,8.166910939250982e-18,0.16066443363072858,3.254746428225565,0.005137580804616453,0.20915603961511645,0.12984436421804096,1.0406123919879302,1.384893003898065,2.631826572435969,2.7554802463471946,True
108,1.0959496317754057e-19,1.090142177492124e-18,0.6543356699229941,0.07969772572685738,0.04583165386653508,0.02659471289867963,1.0319062103823595,1.197831291613887,1.7731674525458985,5.589168521238346,True
109,0.15051709178028197,1.244018230540875e-19,1.1649257781843898,0.01596578501881741,0.1634058020710011,0.25214177292344025,0.94689810781124,1.3324934939707214,-6.610873432902431,8.845256673278659,True
110,1.9788385891517265e-25,0.1701775875630044,0.8515928824431411,0.02744959007102454,0.06526504585290001,0.04397234736282906,0.95608906517923,1.2200891042717903,-5.704402637542982,6.015749063089311,True
111,0.08509885969310549,0.18932159909752852,9.999944891189227,0.0010839992536434849,0.16566494819602673,0.17716219285478865,0.8983874894359054,1.335080981078115,-11.395299805634608,7.1610483909773075,True
112,0.08028521585913585,2.3358448644820773e-24,0.4651619410136867,0.10629972599590433,0.1070968519797347,0.044785843175222384,0.9957110827275747,1.2680006837102171,-1.7966267309892037,7.441012599072237,True
113,0.10015199149754166,0.1098235895876047,9.999999999999998,0.0012720519662297828,0.2990158765443171,0.19730495940541046,0.9674325369646268,1.4878129376514317,-4.585637151016197,6.607300615723517,True
114,1.439782789158463e-20,0.07714957621370576,0.5486330956385648,0.061015500953448154,0.18267880835216754,0.03988427300116193,1.055936569023952,1.354567610700409,4.143194582307341,9.422470880854982,True
115,0.1874105706720722,4.4877560619627854e-23,9.999999999999996,0.0013785787142689444,0.29182309429576475,0.2333993401254113,0.9038503051117487,1.479574766986748,-10.856522105736877,6.593465318230846,True
116,0.18901659949584695,1.4082010305352335e-20,9.999999999999998,0.0014515816351560896,0.2647938598569073,0.31094819556789527,0.8673881192029911,1.4486171432816972,-14.452655276408299,7.00578491672347,True
117,4.8505673924135285e-29,0.26903404334674136,9.999999999999998,0.001017740846458996,0.02334480614417062,0.020263988253709123,0.9924107860674979,1.1720762384444576,-2.1221230224638066,5.70314181551463,True
118,0.1379766929992095,7.653497232306453e-15,9.99999999999999,0.0016357310715950232,0.2257888178623724,0.18758388882553778,0.9772644345238269,1.403943165726099,-3.6159527488862975,5.898284441951979,True
119,6.992643800015614e-18,0.07679267236984494,0.7802910320876024,0.042091250406874454,0.11796540518039393,0.06402348445894966,1.017424563685444,1.2804488564827554,0.3448951546907608,9.792780513357847,True
120,4.7209754475709116e-18,0.1325471281182299,0.5317844851623836,0.06603693727508583,0.051264851872424695,0.08277669950353587,0.9905923951417367,1.2040541426443832,-2.3014643253067346,7.437697595713605,True
121,7.448031726230624e-27,0.11445962947921506,0.6415805981103495,0.038512730276847006,0.22812748250998602,0.06609711197148033,1.0554444370654315,1.406621728461455,4.094657391892831,5.813684637779627,True
122,0.2285703264076851,5.7537368903249015e-16,0.30194878468790987,0.04546914163613155,0.3836746308988416,0.34019313465517276,0.97479468457349,1.584775871121644,-3.8595352302519537,6.479490492058865,True
123,0.22553577788403542,8.302681349622864e-28,9.999999999999998,0.0012234067438605765,0.2905854027186827,0.286652623574247,0.8824167532068059,1.4781571911322453,-12.970435604054032,6.5139555084119865,True
124,0.1331499199569275,2.099586548115097e-24,0.3483342485637505,0.10115048241444129,0.10984077404002661,0.05128683877910746,1.0366991805296735,1.271143403375869,2.245880717074944,5.741054977557127,True
125,0.17232895867247006,0.027220593815167757,9.999999999999998,0.0012997830522098873,0.3436148169399012,0.2212604957800549,1.0127318763425939,1.5388938225922797,-0.11792758049692376,6.811167772280605,True
126,0.11176984584478296,0.11371906504679298,9.999999999999998,0.001085740614085032,0.26495102803630577,0.3429480625375625,0.9903708418388086,1.4487971540536349,-2.3233153241394744,4.709467362720664,True
127,0.16929291894780615,0.006860054757065065,0.5072932982908271,0.0479662717164215,0.24552398150014448,0.28223033648583845,0.899222703542607,1.4265466090843555,-11.312925667089036,3.992894315850364,True
128,2.3638776098559758e-21,0.021051983649228743,0.6712873384505901,0.0664781407820344,0.13498751453164032,0.01905411787139196,1.0123632098125355,1.2999449342260654,-0.15428782343400727,3.4406454657766647,True
129,0.14316290554111552,3.475532587967679e-22,1.296793892626352,0.01597730181041108,0.27167897434221455,0.2828060998874767,0.9416314236518325,1.456502930201948,-7.13030739258026,4.698879891585122,True
130,9.535239157325149e-31,0.1344017370509928,0.4576798046054479,0.07400197461710514,0.15706039876928723,0.014323410918588322,1.02498542967097,1.3252258590654262,1.090595948318196,5.155991185813553,True
131,0.12549804213778326,2.219376637683572e-27,9.999999999999998,0.0018679991217859584,0.22324700276936643,0.24527854630557352,0.9539114205612383,1.4010319269577538,-5.91917582926248,8.062146241143644,True
132,0.18602435949299798,0.038656491694973066,9.999999999717433,0.00107663276230041,0.35651148349143436,0.3591027160223014,0.8952861194733693,1.55366487173372,-11.701176678313296,6.780674209115892,True
133,0.1423724471808954,3.0005970246848313e-24,0.525942756786901,0.057267783501596725,0.10472058521319225,0.08097375193895218,0.9157380505686956,1.2652790538191507,-9.6840768807248,6.509882411617527,True
134,1.484925860921533e-22,0.20211839559659336,9.99999999999969,0.001489752924700862,0.10031969496474237,0.12218047039541681,0.9665024867215246,1.2602385446405824,-4.677364633783698,7.56712186576231,True
135,2.2510208201574464e-24,0.18726398764315733,0.6089447481165429,0.036923297972301365,0.009302281890515867,0.11054555334704455,0.9464178830026696,1.1559927943240897,-6.658236264297146,6.2948146438194295,True
136,2.1678487395820156e-35,0.20811760994352269,9.999999999984972,0.0014933088158232762,0.04364496751787089,0.13931768361360214,0.9406850933791223,1.1953267954804117,-7.223640515630525,6.388174627004207,True
137,1.9441877141536018e-33,0.30613606613548144,9.999999999964652,0.0006652062348779974,0.2718752192844656,0.056794600058600195,1.0534549100095998,1.4567276970961036,3.8984375531445847,12.514936066481361,True
138,2.273783366544933e-22,0.13453890226012477,0.6238279690950986,0.04288568524325849,0.12295231547038347,0.12239125698036685,0.9860930678544041,1.2861605569956787,-2.74521665941454,6.911987708409717,True
139,2.288776780330979e-22,0.23782916975033258,9.999999999999998,0.0011812217414727928,0.0875775190907487,0.11406475408528904,0.9991759598848674,1.2456444396250297,-1.4548984619045635,8.428992122517212,True
140,0.10474931087307132,0.06137538406407344,9.999999999999998,0.0013711153641201325,0.2995754904585206,0.2742336852266084,0.9889475540402558,1.488453885030656,-2.4636890383374133,7.086172490144101,True
141,0.15033830189075587,4.00457594750609e-24,0.5345321698489711,0.05888954970969445,0.11890242606491061,0.13871196155728985,0.9127090374466952,1.2815220626074888,-9.982817460614402,6.768555241775119,True
142,0.12414498193219976,0.05628953257608753,0.9252516836404483,0.01905546724561895,0.07853144445231815,0.20757728134543632,0.9168346360418456,1.2352836217743497,-9.575924632136656,11.29631419021895,True
143,2.975443642865893e-23,0.014341655747467071,0.5842367848593474,0.08655748502036682,0.11379290981884506,0.020318119946907676,1.0400788750347794,1.2756699367687658,2.5792077300785143,4.718552749066366,True
144,4.184046339914846e-21,1.1702593560062804e-19,0.5307330462249826,0.11666996698311614,0.05525278355309577,0.0346141167481031,1.0674585591457881,1.2086216744629752,5.27956668498295,4.614051324968656,True
145,0.08165345898786946,0.04887997660443344,1.0598799163312869,0.021090515643136437,0.18965124463539149,0.14595600645059517,0.9697099192355367,1.3625534106405353,-4.361027196275358,3.3053959140140634,True
146,5.812148241164795e-18,0.17731495730955596,9.999999999999998,0.0016424450787063923,0.19162678333158448,0.15658370591254284,0.9490312470380886,1.3648160712316022,-6.4004896465181815,8.81918658849378,True
147,0.0011267932453951645,1.5675539219577993e-28,0.6416568117976382,0.09564233046999851,0.06436655761760886,0.06973660560797112,0.9729132248839459,1.2190600310749715,-4.045096776555878,10.025336995693385,True
148,0.08413703046166747,0.14519647187204654,0.5641265869334068,0.02768072048460584,0.20195685866034177,0.17174864914919102,0.9355015883205018,1.376647504548587,-7.734870822236228,5.767019965020075,True
149,0.1986291518249406,2.526624752941572e-33,9.999999999996534,0.0010377425522655871,0.5378272861523646,0.32248081853189486,1.1410626421095225,1.7613328470607197,12.538870471790808,3.2531714309138575,True
150,0.09293386943730045,3.7698275624577044e-15,0.6522039302652718,0.051328718742544445,0.19404757743837212,0.10155275133868094,0.9849934777015478,1.3675887000011984,-2.8536652486660263,3.641509145088733,True
151,0.20109983191405167,2.6296560599512446e-36,9.999999999993818,0.001128486181699782,0.4251564989736451,0.3690073778822328,1.028594163870188,1.6322866530251143,1.4465123157685555,6.671964387892773,True
152,1.4208598738546079e-18,0.17057210653373175,9.999999999999998,0.0014773984261918062,0.26196697277825876,0.15644564354448984,1.015301383920637,1.4453794005836775,0.13549363393097202,6.361517088213384,True
153,0.09516135010201321,2.53778822920196e-21,0.5528085652280698,0.06074965849074043,0.06636549681480729,0.19365393334684936,0.9198832128257873,1.221349493161518,-9.275254559214929,8.586721214471972,True
154,0.019614920832403175,0.025252400876211466,0.7098906421904819,0.048793227293610804,0.16301745381547333,0.039732061114536275,1.0439510586836773,1.3320487037496613,2.9611071613846685,7.239078591313472,True
155,7.185074293942002e-20,0.1599443806245001,2.290012365706231,0.0077712238588172,0.22389159794909597,0.053751415335298584,1.0222924594675065,1.40177020665492,0.8249980628667108,6.74675488230593,True
156,0.17345580535332505,2.9417815706760726e-25,9.999999999554452,0.0013971705523982722,0.26879197161232754,0.23866656848982248,0.9813090827862484,1.4531963347321626,-3.2170437581694578,4.952760983271064,True
157,0.1704037923245368,1.378942348645528e-34,3.9517131714567335,0.004230561769489481,0.1680982914434525,0.3058731739507202,0.8835303464269973,1.3378679828620332,-12.86060594305164,2.452029580955585,True
158,0.08389586053900701,2.6144729636488954e-20,0.5079224011804814,0.08225714660808206,0.1189191609719072,2.648647811246433e-23,1.0133841708503433,1.281541229741309,-0.05359413866120599,4.753460921619539,True
159,1.911425952282186e-18,0.17838980991199968,3.368850269172491,0.004482986818751309,0.10622356235326706,0.16499818790910317,1.0087541609997364,1.2670004714510479,-0.5102352200809457,6.357645234745172,True
160,3.2594602091637044e-17,0.11820385156133872,0.5794640438048135,0.0543821710661925,0.141015084169894,0.0834739450513013,1.0211214312742887,1.3068485419896945,0.7095037987553843,7.43975238157649,True
161,0.23733874717788644,3.478582756741638e-31,9.999999999999998,0.0012550215990191121,0.079382144108895,0.4332924183209471,0.8148122795761837,1.2362579608705566,-19.6380196791621,11.870875000787782,True
162,0.08213254763395818,7.885278715688966e-19,0.5349585705354207,0.07696202332195558,0.10624245003502099,4.112141473241612e-20,0.9835830988185812,1.267022104240749,-2.9927658033322424,4.754565148112454,True
163,0.2224140673195919,1.8067841694272918e-33,9.999999999999863,0.001132089808724086,0.409377894996322,0.3853549771739314,0.8980043560640469,1.6142148099018492,-11.433086860716246,4.183922367261513,True
164,0.1661689833262368,1.116861134585264e-36,9.999999999999998,0.001496117854812916,0.25838579548929635,0.3184806720224012,0.964793158785721,1.4412777402431467,-4.845949449430265,6.887877191209868,True
165,1.0413222136979215e-25,0.1077393897565984,1.0618677464843205,0.02315460659409551,0.18918048500921225,0.18196016266195014,0.994703374355768,1.3620142315011574,-1.896013353373427,4.641442924427743,True
166,0.04265739749828259,2.958628050853169e-15,0.5122646264957307,0.10987959795740047,0.11124506207873064,2.67640952104402e-18,1.0391079006689665,1.2727517885772346,2.4834440494942323,7.668292623237121,True
167,0.012017581125540215,0.12919424125551968,1.23499135526237,0.015870466462181196,0.25777351016965155,0.21586791861438406,0.9735257949092591,1.440576466273713,-3.9846812163670364,5.319968766460019,True
168,0.14183533795100017,9.393746681641669e-21,0.6400900556855023,0.04441196903992698,0.13700662657960846,0.12373463463425784,0.9053327780805414,1.3022575010559074,-10.710311172825726,6.711116875164604,True
169,0.12405533294221806,1.0669683502434205e-25,0.4410946651099597,0.07939020502859873,0.14048111576251004,0.07721781796783639,1.0028133054521808,1.3062369673976144,-1.0961602589744768,7.29952797392155,True
170,2.8764365696221913e-21,0.015336818259444105,0.7340287702001275,0.06175735286616548,0.15525580678980364,0.01465254746917879,1.0113413419981205,1.323158990336,-0.25507094029525446,4.944666937515806,True
171,0.12040671869611749,0.0025478336565171286,0.768061322637586,0.033133634275187326,0.14925555670163274,0.09099194066778149,0.9311203056764704,1.3162866727057694,-8.166980841249206,4.316521400980666,True
172,0.24160890904083632,1.3471116021077714e-22,9.999999999992214,0.000917723565959887,0.3983418093192006,0.4454845888803604,0.9978570565075461,1.6015747557285847,-1.5849771191733364,6.092399932009919,True
173,0.1364232469208511,4.103239623379018e-32,9.999999999999998,0.0019054550974617677,0.15885556693383027,0.28641484215774704,0.88687485285048,1.3272819343364786,-12.530749402933438,4.986151276635653,True
174,0.13850145927772464,5.226341946298826e-16,9.999999999999998,0.001646588068637742,0.2869494744935718,0.17601799822989203,1.039156584549847,1.4739928224348569,2.488245564119529,9.31002187036186,True
175,2.0167723102010233e-20,0.08502711432258434,0.5296132729209706,0.07229771206613256,0.04962704194376248,0.06556970699097904,1.0234875320250827,1.202178295824281,0.9428637354408576,5.9290062507593335,True
176,0.17019889851627287,1.7515615175161375e-18,0.5982748219147368,0.032168489401073704,0.3277634433730644,0.23960311549013594,0.9465058204976616,1.520738633654155,-6.649563308060291,7.1071882090911656,True
177,0.06465988909482201,2.2336485893282843e-22,0.4868672161308702,0.10144974162699064,0.07256342787529563,0.07433432194568934,1.0159872760845938,1.228448222426473,0.20314069076077246,3.194059110783863,True
178,1.1186580305461958e-29,0.10623738423199004,9.999999999999996,0.0019057645808784605,0.1638946581809631,0.10934966679418652,0.9878083962555881,1.3330533997102771,-2.5760400396274363,7.577924064522309,True
179,5.945157993096158e-18,0.12670190865028122,0.694980849829467,0.042845352955243915,0.06512635486953432,0.0632438043922637,0.9727522359337534,1.21993025614444,-4.0609745329072915,4.633487615743826,True
180,1.6519128283541647e-33,0.2266969623773786,9.999999999999998,0.001280841093857606,0.13735222772222397,0.09171302919396954,0.9812414747980345,1.3026533313613986,-3.223711688875175,6.928242857380679,True
181,8.006480161164824e-18,1.3247697242423493e-19,0.5942291989432325,0.11693174149133327,0.046667734460933565,0.014321630925266723,0.9956533203793739,1.198788886934873,-1.8023236219243843,6.805087771741757,True
182,9.09297227163756e-21,5.4708468244629805e-17,0.7700319158411922,0.06382074503993135,0.02379874091005734,0.007983401926060906,1.0013004696583612,1.1725961474230397,-1.2453657672110818,10.876464044147182,True
183,0.12398653792355996,2.8823720082055056e-30,1.0490427525092365,0.023504686199309954,0.22871832763346597,0.157520895980459,0.957494207040863,1.4072984461480782,-5.565818591299509,6.369738287780131,True
184,1.166695535117268e-20,0.22034381343536966,9.999999999999936,0.0011695500730049431,0.15555514186539296,0.10229707261435957,1.0282284929565828,1.3235018303321817,1.410447519619007,10.117175633188104,True
185,0.15808141822112745,1.4692217643932368e-24,0.7162326744615559,0.029331217013228654,0.13675280248487776,0.2303003105220365,0.9769282850578027,1.3019667865397517,-3.6491059517167135,7.561428585446326,True
186,0.03255803828038819,0.15944083014228763,9.999999999908228,0.0013513027223422099,0.23215741869556297,0.12345314610022651,1.0255984687216801,1.411237369658052,1.1510577667810828,5.374342626685299,True
187,0.1841509832452098,0.03345690083194106,9.999999999678407,0.001180192457849762,0.26336684623079676,0.2880936661514337,0.896834826687591,1.4469827295894024,-11.548433301965622,4.757400177433525,True
188,2.2220694148889753e-17,0.22893074707276245,0.9105862314221131,0.018077682159278206,0.08513981499387915,0.03796355839363534,0.9322586907095259,1.2428524431922097,-8.054706053648408,6.204902650827127,True
189,0.061729630337760175,0.1338656583124421,9.999999999981677,0.0012804166554216015,0.20193881714257506,0.09718716119423998,1.0416445623946422,1.3766268409031055,2.733625796614425,3.4338933239083365,True
190,3.490359267927138e-21,0.15202054670799114,9.999999999999998,0.0018785101744490816,0.1003036612555184,0.11077379423315568,0.9603505339832229,1.2602201806155902,-5.284109423083239,5.8482079277633545,True
191,0.11383991200942095,0.06499967500249106,9.999999999999998,0.0014308402143475088,0.3646275307925607,0.15720868915293898,0.9571650532890164,1.5629604934387678,-5.598281832209651,3.6983968573242065,True
192,7.644374508569896e-31,0.2809656815057313,9.999999999999988,0.0008845026377618106,0.19480642114866137,0.08715856898168123,1.0204516900398624,1.3684578329426886,0.6434496495358655,4.018948475672349,True
193,1.144526957991252e-20,0.10332571298846979,0.8175796545350492,0.04161291944920006,0.07007029447072712,0.08386614965441794,0.9520714746890301,1.225592740671719,-6.100643018307195,6.575922101832643,True
194,0.24140462598535228,1.5504612408952012e-23,1.3502756427444014,0.00801341432993826,0.43718041172934774,0.513387123237162,0.903945502757396,1.646058103614861,-10.847133107168904,5.128267221127495,True
195,8.415278935491677e-17,0.1883412572421139,9.999999999999998,0.0016561039377211966,0.12760157091899987,0.24507521697262055,0.9406401351443681,1.2914855284081137,-7.228074583288979,4.086723573671584,True
196,0.20736965886113407,2.908181176636535e-25,9.999999999999998,0.0010958157236311524,0.42388967501390057,0.4067630839304569,1.0044026953056908,1.6308357107302065,-0.9394045014442298,8.537779341598235,True
197,2.9694262337794733e-18,0.12967977224908034,0.5508803729562598,0.0670763101994536,0.03870616415237298,0.09246461027483299,0.9740232991828764,1.1896701936817855,-3.9356141739965267,7.388752140134335,True
198,0.23924046097135146,6.353200897111496e-13,0.3929618233645159,0.04402382536722313,0.28660257002623146,0.4220360644023684,0.7207784097196175,1.4735954993813378,-28.912239261169592,7.826138805994068,True
199,1.3472734750194672e-19,0.11693134741806063,0.5543226233059749,0.06429726237246243,0.02120751354679516,0.012221867919364391,0.9796471714899513,1.1696283148775948,-3.380952042611951,4.332788976927659,True
200,0.17023984904094172,3.7533443117182104e-17,0.3954449133242351,0.05892749206045937,0.148611858771244,0.12832611302446917,1.0404122169282402,1.3155494206628462,2.612084032208295,6.492796108994632,True
201,0.04155625112431384,8.501059109312778e-18,1.0410245098183586,0.029890246767128106,0.15683351564375386,0.17766824164603606,1.0195321011106964,1.3249660010793936,0.5527539282252691,4.380036972752424,True
202,1.1390757605763208e-20,2.283496368015968e-25,0.6809568862861671,0.06121401938744384,0.09598403213929123,0.03401900681165382,1.1000902103996126,1.255272742942946,8.49790811358817,8.250738503172544,True
203,0.04503786508444262,0.18674702665284634,2.2969718914668897,0.006882794545254251,0.0795504135312033,0.16416697039786315,0.8887196763791703,1.2364506863237568,-12.3488011483181,7.184444966188359,True
204,2.3255817526733974e-21,0.11600115540323025,0.5326286607120303,0.062252152793454855,0.09898803400499877,0.05390047901285367,1.0147195180233992,1.2587133420312482,0.07810631054954165,4.848688663834211,True
205,0.2017271940260569,3.3978658378732335e-21,9.999999999999986,0.001170966290368456,0.34658163107058515,0.40686028961423815,0.90159587493351,1.5422918291347256,-11.078868378810414,4.805253030973843,True
206,0.0017162427847199268,0.1394475886960624,1.5873262912618562,0.01188909511152772,0.16831286980548335,0.15393497149693902,1.0061082209427679,1.3381137477282938,-0.7711946927325131,6.0289622304225,True
207,8.903793546871585e-20,0.14747741083610505,0.5328148117155934,0.05145928021035504,0.11738450037905514,0.03081128106774026,0.9987822177572591,1.2797835238301056,-1.4937318200945016,8.429378077340806,True
208,9.3835912367424e-25,3.556778928870083e-24,0.568346466532443,0.10515324906899523,0.049906686216942484,0.04784610263821568,1.0287130677138534,1.2024985831857289,1.4582393706795038,4.7392281441135875,True
209,1.1260807435332736e-34,0.16825977468895936,9.999999999998765,0.0018047339485756993,0.16391971013705295,0.12185717990925735,0.9703249992251403,1.3330820926808997,-4.300364087410613,6.73009496002683,True
210,0.12683991287495974,0.012686171668172784,0.35817142919064965,0.1282098234954862,0.0843881034318938,0.022417353593878923,0.9744630534823364,1.2419914789749908,-3.892242802154189,3.32676770258816,True
211,2.193997298544446e-20,0.14774674972563412,2.765154720393808,0.007811571216516448,0.0988783398755207,0.118808455079224,0.9135997429906483,1.258587705117975,-9.894970402845404,7.652966548146541,True
212,0.10132342168291901,5.671418826601838e-23,0.4500027225111973,0.10403710490477362,0.10730174905270266,0.047398168720644625,0.9530048958624401,1.2682353602230707,-6.008583072907692,4.006133669952384,True
213,0.15734522539629392,4.2814345632959514e-21,9.999999999999998,0.001659282720744656,0.13790647297793818,0.2375217895058684,0.9135673136036496,1.3032881298091878,-9.898168795684004,6.197040685576608,True
214,0.2240168714772217,1.2170543144723752e-29,9.999999999999998,0.0009537996597080495,0.3702410636688835,0.31859734006364127,0.9769589193501298,1.5693898889451128,-3.646084602555877,8.936142837997172,True
215,2.350397691514525e-31,0.1919536241968627,9.999999999999998,0.0014637505500237145,0.1686402055424231,0.02635249909797081,0.9664357907614459,1.338488657960854,-4.683942614461789,7.474858486059179,True
216,0.18585180484437872,1.584698157754321e-31,0.8623653140760056,0.018735939656741148,0.19163233111505698,0.20123713119145187,0.8749105925045961,1.3648224253217829,-13.710741013969773,6.48670190616708,True
217,0.23384114608859244,3.888057374534143e-20,9.999999999997097,0.0008720091411422528,0.4789797137506058,0.6274002126383185,0.9331920676750624,1.693932454848709,-7.9626504683111605,6.570473176839154,True
218,0.1580602764121475,2.1464328564543897e-17,9.999999999999764,0.0015612509171274978,0.16768403754503505,0.32873050994919084,0.957685066715629,1.337393521909964,-5.546994793705817,8.501324789301991,True
219,0.17189089670141722,1.3341460259783917e-33,9.999999999999876,0.0014220391932441895,0.2704201428843506,0.45326855868674615,0.9273723624023303,1.4550611420274149,-8.536626894935006,4.202128472341779,True
220,1.906392817993306e-24,0.014729098390420872,0.5729846689409617,0.11191076982855086,0.07254123358378119,0.00813109483636149,1.0101307903864376,1.2284228024492014,-0.3744632558431049,2.6702167619461075,True
221,7.02880432136166e-34,0.2441946497911525,9.99999999999987,0.0013640608164906367,0.016871322190772243,0.0344264800554714,0.9638990065338386,1.164661907833529,-4.934136443503279,6.6743029968563805,True
222,3.3076784691657863e-19,0.15231909247062475,9.999999999999998,0.001725787358661735,0.20600936512112045,0.08193517383508972,0.9930484667092102,1.38128899635106,-2.0592308932399828,8.192786319879831,True
223,0.0539116264543064,1.920442414556043e-31,9.999999999999881,0.0021590457568308173,0.2726394546723452,0.19093209541843748,1.041889570706323,1.4576030053336928,2.757790077903821,10.942090830703936,True
224,1.5929800969765668e-15,0.18059358619823956,0.48046407342305514,0.05018874781494895,0.14107142987000768,1.6674028535254112e-21,1.0348764076834749,1.3069130768911716,2.066107241309756,4.671062842003866,True
225,1.4999619871419337e-19,0.17703325625281882,0.6932002548474469,0.03310780151331742,0.1123234716279593,0.04107500009253791,0.9927672747896082,1.2739869325877125,-2.08696383256336,10.595415261366073,True
226,0.17899689405437497,1.1183239560233117e-28,0.6879306300991892,0.023827121323045812,0.3325873162845418,0.3085771353594406,0.8524608415918143,1.526263601175241,-15.924878535312814,4.141528821895979,True
227,5.644099969876834e-21,0.11709356803590916,0.9500585237056189,0.02560951803093606,0.13994028151268506,0.11883532587307039,0.9793920822730721,1.3056175290916292,-3.4061105670239344,8.07622974219213,True
228,1.760624029778532e-22,4.265572571106321e-18,0.8208186782304208,0.05986811518216102,0.04038338897220632,0.010173900754494944,0.9625650129841813,1.1915911838954976,-5.065703389746956,5.943603385887372,True
229,9.624523837305997e-48,0.22984983855728197,9.999999999999572,0.001213200741586883,0.18346163077267094,0.0937902017397841,1.0578458091203118,1.3554642073826657,4.331496009393376,4.789408974821608,True
230,1.0154392441631526e-16,0.1712183088425561,1.3988323524001929,0.014365162630013036,0.029900103306377525,0.0706699928277597,0.9721337858196063,1.1795842728758972,-4.121970024934429,5.589978070514926,True
231,0.20887687906375707,1.9948822444213728e-21,9.99999999999571,0.0011535216602962988,0.24447517719608533,0.35662031964344715,0.9639877823135355,1.4253453731019328,-4.925380810285917,5.882575824797543,True
232,0.09021329748534489,3.65159289145337e-19,0.5404925474044247,0.07080077516302828,0.11478274053571563,7.712946406496642e-24,0.9542364164874947,1.2768036280293857,-5.887122659612476,7.3288145340379005,True
233,5.67824775589114e-21,0.09897028260252785,0.7146465130804805,0.0449279376027234,0.1053255265958831,0.12432309019815958,0.9752600222526282,1.2659719164946113,-3.8136406624468377,5.205629014083024,True
234,3.6522582749306935e-26,2.8657507843946867e-25,0.7435037784318491,0.057882295609802584,0.1692692526653581,0.06134957461644986,1.0134842395250223,1.339209129869469,-0.04372472816400741,5.002768015507687,True
235,0.03608578702348753,0.05445210132129008,0.8388084177381179,0.032137636549267504,0.1729345169226308,0.10830656549686729,1.0060235838735718,1.3434070982548814,-0.7795421399416802,9.646336009523083,True
236,0.12894076999054302,1.4866289850757832e-18,0.44833873663306906,0.07697391433917408,0.16489976761755576,0.054449680865062376,0.9951957790900852,1.3342045902773212,-1.8474492600712766,7.055871755178446,True
237,7.465144881891003e-26,0.1546671920391619,0.5844913806344219,0.05108381960922722,0.0923711731946982,0.03948751537083977,0.9903689266246962,1.2511347963814499,-2.3235042147621066,6.918896648777737,True
238,0.1737525216678964,8.600248368205899e-36,3.437759272647169,0.004173532307940056,0.2754241606867041,0.3362033896392312,0.9306446508506919,1.4607924364334424,-8.213892951813628,5.12671118546864,True
239,6.3732242862049825e-25,0.0353342675718017,0.6935309703341808,0.05434597771426085,0.01252873256827259,0.04991329607475271,1.038274229757256,1.1596881726083264,2.401222110674417,10.346408564935906,True
240,0.02336983988464305,0.17330325888322287,9.999999999047276,0.0015439295700474319,0.17591761564142952,0.10246496567143297,0.9568127490491047,1.3468237561635799,-5.633028321805334,5.071337069787899,True
241,1.1272725875558125e-16,0.2537640163951388,0.838984913875139,0.016086996397723163,0.11180775866869598,0.05270447405239826,0.9274570289372306,1.273396266663792,-8.528276541630287,6.354732670748888,True
242,5.1601444605306094e-18,0.1582812490033105,0.6379093551910318,0.04562279075999491,0.05337796257426351,0.10319941851410121,0.9536064046979681,1.2064743697545002,-5.949258437755345,10.802976693332484,True
243,3.6606353847440575e-21,0.22507657974818893,0.7702703993039667,0.019680309823115114,0.06597116264237349,0.03739791167471956,0.9674158107991764,1.2208978470391738,-4.587286792059253,4.024833621667726,True
244,6.144158092816389e-28,0.1322687147617456,0.680708209896953,0.041990879072425866,0.0936709238734898,0.0364556814540839,0.9927285173122699,1.252623450916429,-2.0907863420041584,3.8197957156993914,True
245,0.12655312900934226,4.714550291707415e-28,0.687303494563665,0.04118451404269693,0.12673072590814097,0.12876945305063636,0.9444978984427365,1.290488116061398,-6.84759737886198,3.005353930354488,True
246,6.359020247680474e-19,7.6803335059902955e-19,0.6254024627887316,0.07773540572779762,0.1380800011315419,2.7880196881154644e-16,1.0502946780982247,1.3034868782899725,3.5867553399073326,7.689660093277962,True
247,0.10492072283556352,3.6575456665460696e-31,0.40743994151209456,0.09924321970677676,0.11701348718580838,0.08210758298953483,1.0047184162666152,1.279358588123838,-0.9082660879904281,3.6545627609006175,True
248,0.18039197920518865,7.5863022650684845e-34,0.2842216824489618,0.10661795821668531,0.3150751372037917,0.05723911029161827,0.9883329814127957,1.5062062276871504,-2.524302107913834,10.47846147598236,True
249,3.014741456921921e-20,0.19899321279586188,9.999999999999998,0.0014010003739979332,0.1891533937374299,0.14945251262039785,0.9918192290568943,1.3619832028236925,-2.1804661452128893,11.24982871400059,True
250,4.30343919358996e-20,0.09209005116127797,9.999999999999996,0.00226929405637539,0.18295180669470132,0.08892122066304457,1.0003003452350632,1.3548802862214038,-1.344004412256139,5.780007443911704,True
251,0.22094034850284364,5.715110303491704e-26,9.999999999999998,0.0012433432927601209,0.2438222928800307,0.445510440184462,0.8032572246617198,1.4245975995375326,-20.777652842429283,7.9417496218940125,True
252,1.0913402288017487e-22,0.20381383574890422,9.999999999999865,0.0015804252182604775,0.025655539939220134,0.09096589364760715,0.9626398905485121,1.1747228108981285,-5.058318487111036,5.989539056911375,True
253,0.08440988047752788,0.07240811739150141,0.723515131549468,0.030477432449707482,0.11513337758831549,0.19005347363215053,0.9759713654479327,1.277205226156628,-3.743483462690156,4.177992671115028,True
254,0.18176856489146725,0.04637243971807117,9.999999999999936,0.0010676702489851011,0.32077199618866226,0.27809959730307027,0.9437235270024444,1.512731059796373,-6.9239708258578165,3.0983721991871,True
255,0.07450449496355369,0.07723770734915636,0.4772871739666019,0.052571491375041385,0.12765230399710067,2.8273700650081627e-32,1.026578726312583,1.2915436349573317,1.2477370181915637,6.418251615408456,True
256,0.21651607310110993,1.0929660092970016e-33,9.999999999999948,0.0014615552324551365,0.2285339186429106,0.33670922650908464,0.8140951758949904,1.4070872354254675,-19.708745014752328,4.539492856989588,True
257,0.06500432950493552,5.937556201153827e-25,0.48441470989644103,0.11076365824722616,0.0658382889947753,0.01735251743883687,1.019710865587477,1.2207456617306343,0.5703848203033601,4.254846292398776,True
258,0.1172579942932314,0.060791943228774924,0.35420595341243044,0.06645808304615337,0.23443507376726125,0.08260001402310556,1.0244124907556147,1.4138460557752643,1.03408906078728,8.692285659610183,True
259,0.1898161775125479,1.2134713079120595e-34,9.999999999999998,0.001362095636573585,0.2852945961803482,0.30981197950453354,0.9411214387559173,1.47209742653623,-7.180605353468605,7.188131936280583,True
260,0.030815529548526923,0.17697263708611552,9.999999999169425,0.0014243705508875343,0.11506047362034433,0.16991584836123433,0.9993101041080288,1.2771217264329433,-1.4416683036312272,5.620354586117865,True
261,0.03250833205755549,1.6275186780557295e-19,0.44964836521453927,0.18382036096693133,0.15426698230926786,3.0136349531268316e-20,1.0571226637395787,1.3220264515566271,4.260174802887029,6.638801786793815,True
262,0.1536458148871462,1.5154912243105946e-25,0.4137766876246052,0.07711006649009795,0.14574166172361488,0.1775858551199165,0.9644244637576912,1.3122620733885146,-4.882312503018915,7.14736150715584,True
263,4.066946153956148e-17,0.21496992575538212,9.999999999999998,0.0013284591525398698,0.1550631327776612,0.10961450027194006,1.0035945509842035,1.3229383133656945,-1.0191088452392694,8.883380480747428,True
264,0.052606213772221716,0.08687033688239827,0.9909416622783552,0.02337325121196509,0.15961474903723555,0.15787109272152516,0.9799335666375174,1.3281514548526439,-3.352705927783317,5.274285247340871,True
265,2.237815183901142e-15,0.23750172082917664,9.999999999999645,0.0014662422685597584,0.05434584554940016,0.10280920578616896,0.9230290579545648,1.2075829234208124,-8.964991262173417,5.29978163894466,True
266,6.511191710038324e-23,0.24578856205532768,9.999999999999998,0.0012457832533214444,0.12742631111845845,0.06159550518302747,0.9525714613439423,1.2912847966053667,-6.051331147671624,9.299403685860728,True
267,0.2148695128908388,4.710639482539505e-22,9.999999999999998,0.0011923486560643053,0.22607719964660522,0.3735011130536443,0.8678876659846801,1.4042734604956333,-14.403386788873584,5.608294963092577,True
268,0.24607676454034938,0.010435341098513596,9.999999999999998,0.0007437825685659956,0.5511484114170127,0.2993463457275055,0.9499624733000259,1.7765900451217187,-6.308646177277666,6.903605378535954,True
269,0.03219768132435116,0.24960259378701663,9.999999999146276,0.0010332327667759967,0.13191851949577507,0.1289266062054684,0.9298125478392325,1.2964298959556362,-8.295960254317459,6.205538903739382,True
270,3.208204947000217e-18,0.05314742054545394,0.6310538698460741,0.06139536923303344,0.15835255629727282,0.12435369793561789,0.999354017148304,1.3267058168722043,-1.4373373197139827,4.545532880167871,True
271,1.0398601664568853e-28,0.25661044655260035,5.184549785320899,0.002252272151972688,0.137614934728926,0.009138982143887102,0.9865777690647325,1.3029542198189152,-2.69741233674754,7.830114635812603,True
272,2.4359578009461304e-21,0.16068901677386033,9.999999999999998,0.0018416703594998293,0.11524435208302625,0.20347316881252417,0.9584071127325585,1.2773323295215377,-5.475782013464691,5.867753973331631,True
273,0.1744219972645653,2.6399411759805236e-33,9.999999999999995,0.0014961025264532257,0.3240369364318817,0.2481150446305655,0.8913221517347484,1.516470521663031,-12.092128441545425,9.011772511544763,True
274,0.07431975589591604,0.13151318043210988,9.999999999009544,0.0012519293645980641,0.19828278231279825,0.15126818162597816,0.9840840177340469,1.3724394433366363,-2.9433619872190064,9.08954269637626,True
275,0.1784695571756039,0.004008637511899783,0.3819796333411716,0.04618146653906266,0.21649014436408964,0.30493041188356895,1.016703924984007,1.3932930366679808,0.27382117287322316,3.4058580445377946,True
276,0.14709216649796672,1.9734590602817854e-32,9.999999999999998,0.0017015372831462282,0.2780173797492753,0.3746090765445732,0.9689220953341025,1.4637625501488511,-4.438727410730003,4.205528550198148,True
277,1.0567312026963446e-15,0.20257059450360254,9.999999999999998,0.001305171518447102,0.13872434836881914,0.1305379602123299,1.0325104282338518,1.3042248740090943,1.8327592681188998,7.539984002202391,True
278,4.6003336403467225e-26,0.1916150387425508,1.1532530281673292,0.014017418379945927,0.13531671945496893,0.13292468135258478,1.0017731447790483,1.300321985309821,-1.1987475341542986,5.296782015732958,True
279,1.6018938933986626e-22,0.21796564825257153,0.6845280089088233,0.029092689888847046,6.855335144144144e-19,0.08430789185112514,0.9277429056776064,1.1453385324353067,-8.50008155542289,6.300664454342276,True
280,6.4864191556566206e-21,0.05191251643586267,0.8071521246207116,0.04257116211742743,0.21413776595109263,0.13208118655667495,0.997313437928026,1.3905987670287063,-1.6385922483073356,5.68703340970748,True
281,0.05737022254651566,1.136218923013402e-25,0.5948141175579567,0.08726960042702268,0.019084413463877785,0.13903416724502965,0.9239753133976074,1.167196646544413,-8.871665519301908,4.55119569292819,True
282,1.3768322428779414e-29,0.17512431731571013,9.99999999999996,0.0016243386408846588,0.11275931171879965,0.12304096138741141,0.9996595844363113,1.274486117037732,-1.4072003261989652,8.753177337437851,True
283,3.94633227958042e-24,0.12929297980481871,9.999999999999996,0.0021635526676202273,0.12297578867937572,0.20230013512312126,0.9094673213540408,1.2861874417664172,-10.302536163159159,14.375531329344101,True
284,6.246095859201626e-22,0.11486762013023256,9.999999999999998,0.0021827123204467033,0.15459784173493227,0.10776544204528161,0.9506736164441588,1.3224053976056598,-6.238508707842582,3.362317699566571,True
285,0.19387955927488296,0.005483848829859065,9.999999999999993,0.0009861279221489469,0.4661180359390688,0.6255019762173801,0.9957256773937965,1.6792014796593875,-1.7951873119854578,5.34507097483652,True
286,1.8338013666444974e-15,0.15785116434092505,2.3269784229046637,0.008328082810517608,0.14598032290229418,0.1725666976917153,0.9767578348533843,1.3125354212326525,-3.665916837262373,2.456452510458529,True
287,5.144650481095143e-26,0.06534715418191157,0.7854701797054041,0.04572110275397955,0.10204710936835515,0.09853467502185331,0.9984831430332356,1.2622170189185238,-1.5232284755682501,6.021395424304756,True
288,9.069012965347222e-21,0.1443916942106205,0.7739851872386114,0.034388096058893494,0.10103997366207713,0.15843601839157684,0.9343612144781763,1.261063507586732,-7.847341758883164,8.080745519585033,True
289,6.781092253545082e-16,0.2441399360044433,9.999999999999574,0.0011380295486152986,0.093661838927939,0.06780386400602455,0.9557593839704212,1.2526130455782245,-5.736917899620552,3.3778109907445626,True
290,0.1749853603604485,1.7657837594815135e-19,0.6749861909858225,0.027989688666931432,0.10518786750331628,0.25973148018242515,0.8982124020723299,1.2658142502315544,-11.412568037371862,6.516783955007478,True
291,0.14361268621836046,0.003692160413195736,1.2180694431450725,0.017033888238096012,0.18353763265118908,0.23733996227078763,0.903060863395663,1.35555125526267,-10.934381879383782,4.830820934384176,True
292,1.399762787380476e-20,0.15991673145941734,0.7693966176597704,0.030305454490876356,0.02777118155894043,0.09699749565352844,0.960874008102457,1.1771459367660182,-5.232481069015915,8.397959451131474,True
293,1.186951873868399e-05,0.048080515957989435,0.5212658601992773,0.10253164166683686,0.04431852003002168,4.257154676956869e-22,1.0485113317389683,1.1960982411261967,3.4108703555740583,6.8623955809861155,True
294,3.849904663753039e-18,0.1952181321321783,1.1499771808883268,0.015465707178964462,0.14622544228547205,2.5279729509637313e-24,0.9888092609312468,1.312816165907253,-2.4773283861764916,7.092887736588434,True
295,7.207928044269981e-30,2.297100129987083e-26,0.516005073386547,0.12937622172104257,0.09553987240132275,3.284174864072525e-18,1.0472959183161499,1.2547640296804943,3.2909985372246764,10.120677465094047,True
296,1.886471397334147e-33,0.096341749497576,9.999999999999998,0.0019848990903475485,0.2249886571682801,0.19534246457447962,1.00315210128753,1.4030267108510148,-1.0627460543342737,7.113022384987972,True
297,0.16721350155621764,6.156764996149105e-26,0.35319117418798324,0.07145751270340875,0.30444800307114833,0.2586943501053081,0.9294972385271338,1.4940345614756754,-8.327058068340376,5.225297523053241,True
298,0.2141667644435666,2.6895555983182635e-32,9.999999999935426,0.0013419578507436886,0.12534253579077587,0.32899646558132234,0.8521902219386179,1.2888981684296337,-15.951568770339609,7.404980222599298,True
299,0.146714519310969,3.1527293439554005e-31,0.4496858905751005,0.07077767623596495,0.13785069456747506,0.13805322982559337,0.9496332733135565,1.3032242446464064,-6.341113978140989,4.207252780515575,True
300,5.939586067398411e-25,1.921258064415788e-20,0.6159422050108814,0.08427293937154547,0.06183271814017222,2.5644638603455772e-26,1.014212671528713,1.2161579270864575,0.028117878793398887,7.40061663357625,True
301,6.635975501965506e-17,0.21857133930910372,9.999999999999998,0.001335285763814951,0.07922844553251489,0.21019022228967138,1.0248341372904173,1.236081923968648,1.0756745294669745,8.512026471111378,True
302,0.20551768056288405,4.397882609175331e-17,9.999999999996293,0.001208735072908491,0.23606676237728294,0.4290710995094377,0.8713842219149649,1.4157148916132583,-14.058534157287806,5.983057146158159,True
303,0.13877227764669586,4.554195141086879e-33,9.999999999999998,0.0017462954644777461,0.2540157390549025,0.3122408307316693,0.9129050802527537,1.4362725462199186,-9.963482469577311,6.337641249643743,True
304,0.11087507691569606,0.13948700055410235,9.999999998885368,0.0012715154567453837,0.10006627655258973,0.2282800408300112,0.876762327731161,1.2599482947683154,-13.528111083657468,6.799632217000853,True
305,1.1648042352555234e-15,0.20120619794331393,9.999999999994012,0.001315235689165053,0.21549289156176366,0.16370170717497434,1.020192971812559,1.392150844606898,0.6179332089859102,6.466530298401965,True
306,0.052023412877361744,7.263137971569089e-20,0.5102259686549643,0.10486927222545969,0.012615387642905035,0.052476066021947085,1.001571356903297,1.159787422004334,-1.2186491405814293,4.602231771995973,True
307,6.664897463132881e-20,0.17901430058038612,0.7165008178566893,0.03336171600198804,0.10800669442672403,0.08692643850213433,0.9717403743488663,1.2690427613231994,-4.160770771636535,1.935193356322661,True
308,0.17722251656172205,0.05604995150238564,0.7708731512910411,0.016231230830141306,0.2660588694770354,0.3693719368459511,0.882826348365048,1.4500660075435312,-12.930038718941695,5.3521760253111825,True
309,0.11790295556521328,1.171926676382066e-17,9.999999999999998,0.0016213609999803928,0.2686096949989565,0.3332659978611623,1.0290531300968984,1.452987566303307,1.4917784903259568,8.661250689747682,True
310,2.1176259381205158e-32,0.16486989544989455,9.999999999999762,0.001953157467894877,0.1185250285012062,0.14613018165020072,0.9221082590163677,1.2810898146357312,-9.055806322286807,7.190251286048125,True
311,0.17433280365152487,2.7679516800307767e-22,0.40041896140629346,0.05805508578178862,0.177209677520546,0.2171906223935149,0.941448406126892,1.348303604420023,-7.148357747375222,8.774695141215863,True
312,5.86084429370931e-17,0.16345616805045302,0.6277308634759827,0.035515979206379285,0.22305173590956492,0.11509567712290932,1.0277843761055054,1.4008082802991155,1.3666458851308905,4.507008660489043,True
313,0.13063909917274116,2.556936110468972e-27,0.35081193097930835,0.11225348492233332,0.11055691168337121,0.008295518030560913,1.0171823355353367,1.2719636234133187,0.3210050706554446,4.482468550664981,True
314,1.2690812183975287e-19,0.08396943055847864,9.999999999999998,0.002214941734295096,0.1161784270481684,0.09549875591266348,0.9726820162191868,1.2784021615712984,-4.06790004871207,8.34925180394698,True
315,8.130097166119554e-16,0.1097223237143325,1.232547835550166,0.01953390682000495,0.16117073530497145,0.09167427837711045,0.9913584502191458,1.329933585881022,-2.2259110910238022,6.207980590699799,True
316,0.12651608747291265,1.065817012435565e-33,9.999999999999998,0.0016500756217683878,0.316422370481359,0.3330675042366245,1.0146125122932745,1.5077492658721274,0.06755272343008656,8.714161382121073,True
317,0.004694160623761995,0.17050192308009693,1.1999483505597834,0.015618123906276865,0.14712390748166684,0.01809998949748891,0.9753931636200589,1.3138452127165068,-3.8005094121974836,2.985865142769153,True
318,2.294761679563965e-19,0.1727368019747227,9.999999999999998,0.0015265300026777496,0.14617957122493008,0.12087830133767326,0.9893104293629893,1.3127636280140904,-2.427899961177704,11.926635881306922,True
319,0.07065042841541017,1.6745913942673234e-19,0.4883709626867432,0.09756230418986787,0.1280201010003254,3.4725617786591465e-23,1.0169418877905492,1.291964887037239,0.29729058154042143,5.122253690943878,True
320,5.7027785982071485e-27,0.1507368239415989,0.6193906747951557,0.04572043157373272,0.09298031515499293,0.019081003034560146,1.0339656303679872,1.2518324701402985,1.976280577502032,5.604470968452939,True
321,0.12486698310983364,1.9172095069512344e-21,0.44726069217487574,0.08261690576072264,0.1563155597777437,0.14813376250730242,0.9941613041014279,1.3243727662679512,-1.9494757768097282,4.3033175074590035,True
322,0.07925776790725148,1.0383258738985518e-19,0.4441619252655624,0.12281703078654914,0.0674882164011224,2.5446194853844135e-21,1.0131506777901154,1.2226353871648445,-0.07662271245840735,7.028571522910549,True
323,0.14462094374905024,0.049987238427024724,9.999999999999998,0.0011849532436625104,0.37137320263069007,0.20374192641189368,0.9956746085118315,1.5706865713221412,-1.800224050618815,8.949213765256728,True
324,1.1041752737992968e-27,0.1192991699614432,0.7424026193954234,0.0357955520541636,0.1469718736582354,0.14251385657574092,0.9846775345937758,1.3136710825202975,-2.884825571657823,5.485567180283625,True
325,0.09537610510627201,0.09939027359077092,9.999999953735536,0.0016230482774582387,0.2436778856257788,0.12756498256569077,0.9212276332913873,1.4244322043448747,-9.142659244063722,5.215885260150479,True
326,0.04079499289997806,0.2070623808214842,9.999999999999998,0.0010401203721482329,0.10961684801838424,0.08438611268663265,1.0126776435854803,1.270886932274867,-0.12327636066279402,6.5109851165767845,True
327,0.11255928636590633,0.06722887137957556,0.8141186812048532,0.021052452430067578,0.2665972363427274,3.9854048307918707e-28,0.9823739058522172,1.4506826198593947,-3.112024120619239,7.907894283386832,True
328,1.1638904105660549e-27,0.2488104852468631,0.6527883478691522,0.022708002241198115,0.14567430976440726,0.1009388550457714,0.9335030637603023,1.3121849325943993,-7.9319780522119405,6.344211087093272,True
329,3.1906493949891517e-35,0.15105510461094257,9.999999999999998,0.0017468280215870607,0.13987755726641699,0.16850980831230114,1.0135870303045342,1.3055456885954604,-0.03358684633851805,4.044622358595481,True
330,0.09326799610479732,0.194669379651548,9.99999999943378,0.0009751818038848245,0.21727405180719225,0.11872778043003095,0.9079678755004509,1.3941908760684292,-10.450421070147842,5.08916199188085,True
331,0.06887930219652162,0.12039662553333944,1.1509735608071974,0.013729459605659425,0.15782492593046918,0.15226997258468,1.0506458858895793,1.3261015014822213,3.621393690757957,7.276107582641344,True
332,0.12010073394403649,6.380341190659176e-22,0.44553743717298305,0.0677270684821071,0.25722178511039984,3.7333605066823966e-25,1.0688749255713554,1.4399445543040417,5.4192577692627975,5.1563553030070315,True
333,0.04374852398011435,0.04933470699846922,0.9185572128183819,0.030594178989880077,0.0820269956426949,0.11831236783598864,0.9412799927323179,1.2392872112447881,-7.164967749752171,4.691977968423737,True
334,0.0905490609696792,0.07039442892235556,9.999999999999998,0.0018095117457985978,0.21889004263128958,0.2639299262055532,0.8908917596456708,1.3960417326273298,-12.134576452528623,3.517320885370842,True
335,0.018489415668272214,0.24930898936168921,9.999999956303052,0.0011711183058642444,0.19234223157786737,0.20765882038115027,0.8845190098783798,1.365635501676033,-12.763097652104848,7.091696149902596,True
336,0.23798726623928837,7.761413045554033e-35,9.999999999999998,0.0008596452035100084,0.4315410493262248,0.6230546020203485,0.9485677768704622,1.6395991245561974,-6.446200028435179,6.23256945183,True
337,0.08410880946920102,0.08089740424861237,9.999999999999998,0.001602732423595844,0.20576477252519984,0.18346106976164672,0.9851240013016227,1.3810088550262039,-2.8407921793179858,6.762300941872029,True
338,1.4728014368357396e-15,0.19433909004633032,9.999999999999998,0.0013349193744786423,0.19783410850462638,0.04475999837700111,0.9959519205165365,1.3719255599356428,-1.772873773231709,10.063359685009814,True
339,0.15163800106918224,3.678532724685099e-22,0.42600541290650185,0.07954323248557897,8.412499109678243e-26,0.055806161363957066,0.9890300509469042,1.1453385324353067,-2.455552667599281,7.447477198261982,True
340,2.3729530341754738e-23,0.15951674346617278,9.999999999999998,0.0017120426577009592,0.17167286249490307,0.16495672428107744,0.9935123205240424,1.3419620768241871,-2.0134826735903277,6.207646606760302,True
341,0.20216205393824532,3.3826715358737153e-34,9.999999999999849,0.0014116361624216867,0.26631971584970254,0.44637998728963074,0.8748180880244165,1.450364764945193,-13.719864395394088,5.97681936984325,True
342,0.15804117874363138,2.0751288978284668e-16,0.5689283934462581,0.04415448012813253,0.21332334412641502,0.10137479331781324,0.9617652389325275,1.3896659783312468,-5.1445822041820355,5.686772105302563,True
343,0.056051083240362704,0.16173128400596062,9.999999999944324,0.001395758548417061,0.1611871642190746,0.18038576316472882,0.9331109330006617,1.3299524025493903,-7.970652487022645,3.5035821221228383,True
344,0.21443834124417221,2.980360212830914e-34,9.999999999999478,0.0011372330044817217,0.33198304335750467,0.4980686640350081,0.7985514700531644,1.5255715041077977,-21.241764354646698,3.185382310460216,True
345,3.3424502676345947e-21,0.09052524200725895,1.803307032433324,0.014370969216252168,0.10546403243090015,0.10968423994371955,0.9771496941359863,1.2661305525644235,-3.627269177247505,3.924355781191992,True
346,2.5535716358269995e-34,0.17078537159697113,9.999999999999982,0.0017781335436936033,0.19423902641451243,0.12989690373227478,0.9757080739113186,1.367807973890567,-3.7694509521529196,6.9729743980864445,True
347,1.4098576450626293e-22,0.1840496653128741,1.5794381815163947,0.011722281075070649,0.08043614547649888,0.09862908485262747,0.9636503780343469,1.2374651492501128,-4.95865777078831,5.672653370772104,True
348,3.976583007818698e-23,0.21783230050538507,9.999999999999973,0.0012596433819612733,0.21435856590276983,0.08315158713132652,1.00661712782971,1.3908516577213221,-0.7210030519599231,6.2914365539598345,True
349,0.03909386216397948,0.17725669631287158,9.999999999996058,0.0012431308067294843,0.08561995155661269,0.23722928927414774,0.9850721255293828,1.2434023620983397,-2.84590849861307,5.020891648687268,True
350,0.1473399916047654,3.152751218444806e-16,3.2363617075006217,0.005576498339626038,0.11167539992284178,0.19505942453209477,0.9576032457017208,1.2732446710920602,-5.5550645035940205,7.969977022157696,True
351,0.0810156413537829,0.11462301269244861,9.999999999999998,0.0015295927043540887,0.24779268949563338,0.2037494655613993,0.8802295770866634,1.4291450477704333,-13.18614885326589,6.690211157575614,True
352,5.870740770511655e-23,0.0805199095124016,0.6266707165665429,0.05908137566699939,0.0980193850024628,0.05829911839414434,1.0130469629251988,1.2576039110042387,-0.08685173347627861,5.782503269046265,True
353,0.0659980663567954,2.0011536109310486e-28,0.6159603514561405,0.05922453318045517,0.22633990129137488,0.11795950266085913,1.0074651514031474,1.4045743428119222,-0.6373655621621066,3.626730626668428,True
354,1.771740016212383e-21,0.06096920419261557,0.5349011716888048,0.0627002856438726,0.133782897149489,0.008092813671496748,1.110229912163415,1.298565239521446,9.497950128204934,4.807689882193761,True
355,1.536752851111948e-16,0.14083805095588275,9.999999999999998,0.0019523548913736033,0.08192166713794119,0.12401256912937926,0.973430236271231,1.23916657444973,-3.9941058183044165,4.268012721783413,True
356,0.12081163684644491,2.96367427838444e-21,1.060552701513075,0.022647243270364135,0.19756554184290367,0.15627662456780056,0.9928908493547628,1.371617960189444,-2.0747761213297133,8.284469729842872,True
357,1.2782366767848087e-18,0.2043300514995852,0.5523955595237421,0.030580569586791177,0.1701622630546557,0.0924349452621182,1.0548869392901,1.3402319290781968,4.039673408007105,6.089018463583184,True
358,0.22766464706540382,1.5986906033282171e-21,0.6587818426539119,0.02131602858711953,0.18856313389796528,0.3247005853117153,0.831885505480625,1.3613071554854044,-17.9541493221032,6.668127914040144,True
359,1.3218912136540665e-20,0.04400134641111546,0.575779120577336,0.08221800558855255,0.11193070650077884,0.04590044586781546,1.0184505360412388,1.2735370835533557,0.4460830875837152,5.476136012084585,True
360,6.332479950157198e-21,0.14079577464253315,9.999999999999998,0.0018663575640765183,0.1649968313599611,0.08988807331389399,0.9598738671584849,1.3343157611216003,-5.331121343435141,4.549274253597775,True
361,3.396369659318028e-24,2.3807163295679823e-20,0.5393444923858065,0.12518884879552922,0.09632818443531532,0.0036494116315733765,1.0637305509320856,1.255666913828608,4.911886754016126,4.306470966764782,True
362,5.9006236290388725e-18,0.11850681968227413,1.6717590014279984,0.01456721260294132,0.056599806380407694,0.14661274360555931,0.9806272447627937,1.2101644716111652,-3.284290969823367,5.627433816461416,True
363,6.000245103549683e-22,0.13587070794849385,0.42488119423242765,0.08152574861067088,0.16686212266379527,0.051022380215997976,1.015303147255262,1.336452151126098,0.13566754523051117,7.025359883859605,True
364,1.5386000429690983e-23,0.2382137856886065,1.9564282115567275,0.0055740734652764716,0.16665785581378598,0.1483702112293146,0.9855448415413691,1.336218196431883,-2.7992862325957435,4.766112996600154,True
365,4.032189932589458e-22,0.07920378181740317,0.7781894084318317,0.04530614382520176,0.05961154822364644,0.02598993027118034,0.9884325167327928,1.2136139355939743,-2.5144853002547762,9.009968797276093,True
366,2.6970633088734852e-15,0.22895774739486946,1.4138400128785165,0.009582310785930916,0.1787341321382983,0.20467081188375766,0.9847369953212197,1.3500496210346835,-2.8789611757368494,4.6687609386123965,True
367,5.0733675372777815e-24,0.07371880944992934,0.4350131330198472,0.11573152421820386,0.07295791829252532,0.029192587820492468,1.0524962163122353,1.2289000475020027,3.803885070355073,4.6345626440901295,True
368,0.15429730763427943,2.0478387277963158e-25,0.3071617908200641,0.11422984733394216,0.18510916637178065,0.0720436336268971,0.9650151122308661,1.3573511933878848,-4.824058986021718,4.3584800500636725,True
369,1.692106483015755e-19,0.09165414348434367,0.8048322658485902,0.03993769275753872,0.07003747802576954,0.026846756081655147,1.0003865835978307,1.2255551547328116,-1.3354990352688945,13.334199242477116,True
370,0.19780068755994687,1.510386658764872e-19,9.999999999999998,0.001310245664390218,0.18201812406048293,0.5319540817566614,0.8187588249788557,1.3538109035233679,-19.24878621774473,7.71946808130188,True
371,2.7868056998879415e-17,0.18559013584402895,9.999999999999998,0.0016009803665060032,0.12345158473673488,0.12276495496654243,0.9535449321168133,1.2867323893244915,-5.955321255512091,8.042659542412899,True
372,4.565394389114826e-19,0.11800814143723248,0.6137330194324331,0.04643538032486453,0.10228106112275291,0.09889493484359313,1.0180355089304722,1.2624849728775664,0.40515046869218363,5.210770258597587,True
373,5.181698491340898e-21,0.0031248575655728546,0.5526551066191294,0.11002848869179063,0.09824405557613201,0.053711098744930054,0.990739787676209,1.2578612348693663,-2.286927534132144,9.70008994354453,True
374,0.02636411508201244,0.14516682919626817,9.999999999999998,0.0015576441028545183,0.2284899991801587,0.13959848790821625,1.0130677957467067,1.4070369327724541,-0.08479706783854901,6.001671818995812,True
375,0.04738461591862937,0.21546550935649136,9.99999999901717,0.0010314141713075736,0.0572668819288201,0.05619871353317723,0.9693994101790873,1.2109284989408073,-4.391651578491118,4.143962015520639,True
376,2.885295438194082e-22,0.0965090731547772,0.8437289527765965,0.03769671479714933,0.11688500078694489,0.02752528622495763,0.9606553452411665,1.2792114277003257,-5.2540469940717704,4.5074621481575585,True
377,1.5657746624345187e-31,0.17250952225621558,0.5399141937541336,0.054450833293088106,0.058029118118845396,0.08055756966390017,0.8939744331824865,1.2118015174200603,-11.830543540518502,7.488738433614798,True
378,3.3108710616311517e-21,0.22044516851005674,9.999999999996389,0.0013417861500168377,0.24708311135025177,0.13528114519043533,1.0096014961091426,1.4283323405787536,-0.4266656309939054,5.534711795624774,True
379,0.03624520117379695,0.1133121929598538,0.5236481786011349,0.04943172678703904,0.20219495131087656,0.11115933638815931,1.0284463614060582,1.3769202012355344,1.4319350947183729,5.019459526846317,True
380,9.724390108707721e-17,0.1909325022362962,9.999999999999998,0.0014814511403699244,0.17223941136674822,0.14653535789087396,0.9991545749505737,1.3426109670776192,-1.4570075804241855,8.936799495039702,True
381,1.914914693650569e-18,0.13014048193198297,0.6077177556907621,0.04512340468849087,0.12760414028997127,0.08670429396479902,1.00946408828135,1.2914884712076913,-0.44021766675697016,7.288186236942507,True
382,0.22277774370569334,4.089326114915465e-24,9.999999999999998,0.0008257667851783247,0.5246069656478659,0.5330404450300313,1.0041223167687863,1.746191104575773,-0.9670572197817973,3.3394426317058423,True
383,0.19574107164064905,0.06403001574307965,0.4317125708424946,0.025508279176395768,0.2470347288940007,0.22237483921432769,0.9080196928216986,1.4282769262873154,-10.445310515662143,5.907958837675369,True
384,1.8281346012174143e-22,0.16668899196501893,0.94429093833183,0.02198294241641563,0.20862914472804162,0.10002008621881228,1.0062725975169486,1.3842895308813552,-0.7549828273119341,3.8985353070601305,True
385,0.2083517628759851,2.9194319812800592e-33,3.662498125512306,0.003503518979093835,0.31151043102027676,0.41122508675375047,0.9166060440183328,1.5021234323383603,-9.598469834455637,4.080576737905261,True
386,1.0308975135488587e-17,0.0971471174556691,0.5876371073930167,0.053546414643982056,0.17186459952998356,0.12490648220068254,1.048034355799483,1.3421816806385598,3.363827948355591,6.62169626328804,True
387,3.8068293334267105e-17,0.2229647477433858,1.38534666380891,0.010565869868746436,0.16520568943052577,0.07007589606534184,0.9948338056556244,1.3345549743176282,-1.8831493872612182,3.615092363804735,True
388,0.0397236331447049,0.1367250880817588,9.999999999999998,0.0016487901160969407,0.12922969911161464,0.14356249890281883,0.9109587997346817,1.2933502863628596,-10.155437059134409,6.723462366711184,True
389,0.23283935245166854,1.4259982110420897e-34,9.999999999999998,0.001024437727869936,0.4441971933407832,0.4570820452586265,0.8973557240008428,1.6540946939681216,-11.497059088927863,4.74714616615131,True
390,0.12371848243832238,3.636115915790241e-31,0.377535597121872,0.10310147266704851,0.09815432065611725,0.06092378908911353,1.0247541053938793,1.2577584580077685,1.0677812737369896,7.076656461023268,True
391,0.22832841230745055,8.601258947952819e-23,9.999999999987311,0.0011036681761135854,0.4979539013990213,0.20877993254489635,0.9429781555508434,1.715664323084097,-6.997484109133856,7.104394311633031,True
392,0.18350282323784337,1.0302490536608873e-35,9.999999999999993,0.001484786482932267,0.3302330277196427,0.3689812470164092,0.8884305861176177,1.5235671437653904,-12.377313072465723,4.6096751478617115,True
393,0.19454790069885528,1.5657603974941243e-32,9.99999999999994,0.0014306695505022081,0.2635916148455043,0.2638165289725759,0.9199253252656631,1.4472401657447092,-9.27110116198543,5.915584092624425,True
394,0.08422560219450441,0.15882355194022177,9.999999999173271,0.0009765404335460581,0.29240523479373765,0.1008970049058122,1.0273340719111386,1.4802415149303674,1.3222340154117385,11.641117301850086,True
395,0.13216757543705585,9.202459982190462e-20,0.44712046977254394,0.06958212378663431,0.14797532085656673,0.17610119156708864,0.9968369654536738,1.3148203692618106,-1.6855850005854656,4.671602073330456,True
396,1.8070050675241966e-20,0.10828764508819798,0.6357950669951641,0.05203708528845112,0.11798369284102965,0.11972097502102755,0.9782809470001591,1.2804698020451495,-3.515697809599694,5.838607663282481,True
397,4.798528012296791e-21,0.01522461278318698,0.7144466216077405,0.0648780941844615,0.055962593732913506,0.040782630454656646,0.9935390299188556,1.2094346474126352,-2.010848422838152,2.812169697821282,True
398,0.1304109042454705,0.10903530733205412,9.999999999023997,0.0011460980350780261,0.2141943889938897,0.15071768690372114,0.8813422497312725,1.3906636195814457,-13.076409985294823,8.799773858266079,True
399,1.174362734597669e-17,0.07070660482719589,1.1180089094048158,0.027104757994326798,0.10286252809980999,0.08086726297021801,1.003904566647417,1.2631509494117286,-0.9885331246091589,10.230875040588693,True
400,2.841845415330855e-20,0.17233969901624663,9.999999999999998,0.0018774144477741587,0.08751655623953343,0.06850583862124153,0.9628507809417881,1.245574616522486,-5.037519132389578,8.45320891381391,True
401,2.505600475884797e-22,8.880763290352364e-21,0.5791540075544223,0.09433912144777715,0.12191846013461313,0.0259505025461788,1.077219754100799,1.2849764426426569,6.242277945655728,7.75124942894536,True
402,8.456319744877552e-26,2.280733119589327e-24,0.5413530338729765,0.10894720581221201,0.07412550013567178,0.014673148773064543,1.0257955036894277,1.2302373239767301,1.170490611127617,8.026838606339266,True
403,1.6183336320202497e-23,0.061071479848914,0.5384123286776823,0.08226711403933008,0.07211905740673284,0.01305773375380605,1.025352764999261,1.2279392678061516,1.12682489965239,4.320479053180036,True
404,1.7884707807642093e-17,0.061417606627441966,0.6217501488423608,0.0642507706462049,0.052360019253208274,0.02433214517141901,1.0341316944821413,1.2053084800450606,1.9926588788705235,4.609691392350024,True
405,0.04125834614661728,0.1498784251380471,9.999999999999998,0.0015442955521334366,0.06759180482768203,0.24439949854127324,0.9079295908291636,1.2227540309812976,-10.454196948442384,5.760122407745709,True
406,0.18849588302641562,0.035234963284575704,9.999999990619834,0.0010478762488610035,0.29982253544300574,0.24171569899729733,0.9356019264159429,1.4887368351706316,-7.72497483974629,10.335169787221206,True
407,1.1078982577272763e-30,0.15589887720691264,0.4844709446294689,0.066475960997648,0.09462769852935339,0.014037477247522833,0.9981450695799159,1.2537192817966472,-1.5565714342885117,7.712865270849105,True
408,9.737598748594521e-24,0.2093685548614284,9.999999999999721,0.0013526457030600346,0.11484606367235649,0.13543706485951418,1.0168756873282812,1.2768761544577754,0.29076147001454444,3.377688224565319,True
409,5.803631208532888e-22,0.12558589594950384,9.999999999999998,0.001995305951782859,0.20608909736576503,0.20636879072331654,0.9700302137529654,1.381380316763129,-4.3294377095289605,2.94940561197846,True
410,0.08783390479565803,6.003148192377361e-23,0.767966172335542,0.04135904129215319,0.2324811862787844,0.11427301334189961,0.9879529600615333,1.4116081931466686,-2.561782235689436,7.2311064059642,True
411,3.543890891038256e-18,0.18755806377794645,9.999999999999995,0.0015282218118324899,0.13257420424978086,0.14034003281838922,0.9727799001410455,1.2971808769695292,-4.0582461124628155,3.811207010108218,True
412,1.5934327160016583e-17,0.21180069844399868,9.999999999999998,0.0012754242542779308,0.24697848633436084,0.22801400866680183,0.9883819957281395,1.4282125095165972,-2.519468003735703,6.6840429410280215,True
413,0.11202590934161552,5.255036225298948e-29,0.608690437086655,0.04184792592827161,0.21272885602872546,0.2196625897309622,1.0453626728151466,1.3889850882058887,3.1003295441312195,4.89729619935098,True
414,0.09866796983956895,1.2079808281999968e-31,0.7233988908330085,0.04048981268668783,0.14313430046740183,0.04056357103594456,0.9819667259505951,1.3092757620737951,-3.1521827977297745,9.556964084228337,True
415,5.904557848148698e-18,0.0011297684223291475,0.7617490857735836,0.06180449539228089,0.09149904475666808,0.10722159645319895,0.9684631543814601,1.2501359140761414,-4.4839910925977495,5.7497669364546935,True
416,0.09011918823637166,0.1534561314632131,9.999999999999998,0.0010648606072257184,0.26806697194721824,0.24403495058473396,0.9921617793470797,1.45236596467971,-2.1466816523072474,5.461121742270914,True
417,0.0770053310859842,7.978388888745031e-23,0.48033852693812995,0.0736162172684683,0.12157215477325162,0.020799034744541905,1.0558047050368398,1.2845798057683007,4.130189315446553,6.993424828423881,True
418,1.3266527974642372e-20,0.1553132096828731,0.4307410204057137,0.056211345242355236,0.16675732785355074,0.07848469149159101,1.071881486375892,1.3363321255919258,5.7157839585014525,8.180449830025042,True
419,1.438781532384892e-22,0.1845222979569448,9.999999999999998,0.001508297423243957,0.2337162378482342,0.11388225871283669,0.9992333723068227,1.4130227452987043,-1.4492360829259976,6.319631557691595,True
420,0.2045691629223458,3.911243866503782e-20,0.3391435645413088,0.08934044285270962,0.12486871342535728,0.15211186228582502,0.9049366154990564,1.2883554814169902,-10.749383251604062,6.425657087382924,True
421,0.14018579857316094,0.0932861455821341,9.999999999436303,0.0011548003888924227,0.3041101163256044,0.2352351099687013,0.8995460728090375,1.4936475667664049,-11.28103292899877,4.672116756338963,True
422,0.17695539371438013,2.7339014020803236e-22,9.999999999991896,0.001398166339932793,0.3707029740842333,0.28828084221080513,0.9985229332911829,1.5699189327423462,-1.519304106721242,4.471882500595336,True
423,1.5158172963556724e-17,0.17563316187458547,9.999999999999998,0.0014965573426117835,0.2460659072269295,0.1090482374383125,1.0629075304491347,1.4271672975009606,4.830715228362448,7.5473170370239275,True
424,0.07100499684809314,2.8557157099126855e-17,0.5036654197018011,0.10219887717199774,0.07019913669736699,2.8862905671187436e-15,0.9909416345779892,1.2257403086384944,-2.2670201061818274,5.369959657743394,True
425,8.708724267169844e-21,0.20380664374576374,9.999999999999998,0.0016033269744353147,0.12405757779163512,0.16375978642083908,0.9814590878889958,1.2874264565206568,-3.202249298860027,11.051118903488735,True
426,8.324229053428736e-31,0.15832651506782872,9.999999999999998,0.001532193265382419,0.1445302589226262,0.13133201966730296,1.0604674739037725,1.3108746070822423,4.59006129985009,6.760586506751344,True
427,3.0534125446120536e-23,0.1285608059487939,0.6280560467513828,0.04408724210447335,0.0445079219052359,0.08458716243645126,1.0121375177170628,1.196315170391995,-0.17654701636660164,5.440095211218573,True
428,1.546167374233183e-26,0.1140971656627515,0.5865716174562887,0.061666415939939684,0.025474704869523128,0.08844464776368592,0.9789538168103499,1.174515693524789,-3.4493351002979122,2.019690546580443,True
429,0.09246546658086661,0.1065160989068347,9.999999999017238,0.0012465716100726776,0.1787715630075198,0.09379127892588798,0.9812122148448578,1.3500924920515054,-3.2265974919494678,4.240054335546993,True
430,2.3297826571829588e-22,0.21035170433197475,1.6780870095919915,0.00947227388349115,0.13012686862934855,0.10617788979501336,0.9804979661698467,1.2943778491816469,-3.297041248633248,5.336368771078154,True
431,4.448638187730665e-21,0.19011556035716715,1.0670295033807329,0.018443612449469196,0.1254723387455051,0.056039411473321615,0.96690960889115,1.2890468367553092,-4.6372116505706495,6.359522654635254,True
432,0.16692833856295505,2.109284946217514e-25,9.999999999999746,0.001580905768534764,0.24305514670779307,0.1785071379142907,0.9539059606914106,1.4237189574664586,-5.919714316424063,11.41472093851823,True
433,6.802422539699415e-18,0.17950443764443688,0.6371199989863569,0.037305299458863544,0.12430703412107173,0.05671816487470261,1.0251435838155725,1.2877121684669206,1.1061941180743107,7.862220136671498,True
434,4.352899531719041e-26,0.040066334119946645,0.6944264328612665,0.05776134161133277,0.11288397907341413,0.029637729441187716,1.0448058004186704,1.2746289033627087,3.0454072390941445,4.1405386220592915,True
435,0.13556075496618464,4.005905772279234e-21,0.4899491889972531,0.05961970731259121,0.18509314440779337,0.1356603204992575,1.0068505619531072,1.3573328428151652,-0.6979802908886112,3.1143146624556857,True
436,4.0478527980787143e-19,0.16210830376847365,1.299180804071594,0.013794782856144081,0.17554788628213983,0.1066354759109909,0.9980912472256654,1.346400290881813,-1.5618797379082672,7.483255302456047,True
437,2.8162444118255064e-19,0.06426459172105752,0.7530780036874207,0.047940783842163326,0.09468223695729013,0.07198895700519597,0.9967883695531483,1.2537817467596615,-1.6903778380274015,3.79568341085357,True
438,6.283725960583791e-29,6.535611349255471e-29,0.5765782886779198,0.12239350411615846,9.742036897057108e-22,0.044856368628725156,1.0001173920924258,1.1453385324353067,-1.3620484172580105,5.6742502231793575,True
439,0.04557538191293309,6.960329299454793e-18,0.5268726436538889,0.08139911274271856,0.11270141381826344,1.4376524407655275e-16,1.0405670085112786,1.2744198043413006,2.6273505647112616,7.830281139919306,True
440,0.005933170156795313,0.2507972857601699,0.8994094565901419,0.015640786326072884,0.15422609476671348,0.09470677498656202,0.9763923648272399,1.321979621478643,-3.7019618206101335,5.804013234736835,True
441,0.18497096775818098,6.927365266033688e-25,1.2914639030528792,0.01150516114362779,0.2842982986894079,0.2476802002270786,0.9512642858547325,1.4709563286300877,-6.180253125865665,3.3154141165024287,True
442,3.789509667875298e-17,0.1952850037131083,1.4907964114795118,0.009616862052627257,0.14067271558155223,0.04513659857159117,1.070725105409106,1.306456414053171,5.601734297216776,7.033427005533204,True
443,0.019471629535939106,0.17219359716136343,1.6926969434827068,0.009395432131642512,0.17987621236640502,0.16488309358816436,0.9978022642681789,1.3513576895270667,-1.5903810790450001,3.390849248589432,True
444,0.20821701592105035,4.694310002151787e-33,9.999999999999998,0.001074535083349267,0.4094921715439337,0.41612474555267154,0.9581810919620336,1.6143456952351827,-5.498073622425803,3.611296580555474,True
445,0.17561169016413164,2.489756037803922e-18,0.9244337960978182,0.016765660495330854,0.27487545660127116,0.24367575206505873,0.9990757211061573,1.4601639845014915,-1.4647846491454786,4.107610741584589,True
446,3.249210643152167e-15,0.20833257973280708,1.5789665830353894,0.010966823169160804,0.14267468297528876,0.05245962769530074,0.9726439232021168,1.3087493444498965,-4.071657024846176,7.9277934257399725,True
447,0.09349754379822506,2.8433769196425717e-19,0.5591400857382886,0.0589130306244157,0.19022681664457494,0.15233733286011789,0.9971062665019436,1.3632126354408443,-1.6590248147808406,10.636175860666246,True
448,5.014267992804639e-17,0.18042633631393748,9.999999999999998,0.0014051299104909949,0.2523063461517551,0.07875601430740489,1.0732135062879526,1.4343147126608724,5.847156252026098,4.014026579711665,True
449,0.09946048027716155,0.1209664587938909,9.999999999254346,0.0013649420102572407,0.14105935292320704,0.17494265152951458,0.9184891977738963,1.3068992446986465,-9.412741208563524,5.534665868557444,True
450,1.4406682587072472e-19,0.15788400916478412,9.999999999999996,0.0015717194747136855,0.12384141354866463,0.07854342127009442,1.0403163857055124,1.2871788752838482,2.6026325462304767,6.302696946819001,True
451,0.28336546572048593,8.509213271340678e-34,0.19701513402549278,0.07970032321277275,0.1980574268453625,0.24650498422320424,0.8729195705250254,1.3721813350362873,-13.907108291625237,3.476845338764861,True
452,0.11465591585056595,0.022027879267739175,9.999999999999998,0.001767523916896312,0.2542419502386765,0.16162873916785245,0.9729014901084465,1.4365316346051629,-4.046254134908711,3.564458848778316,True
453,0.0964825096698827,1.7806957015722376e-22,0.574540981496483,0.0555059958034435,0.20100448668594575,0.16350974348131014,1.0469568581400992,1.3755567162291,3.257558261619664,4.4112743204198335,True
454,1.934177983774584e-24,0.14956765296929395,0.5666988156003825,0.04466919402128974,0.15619858555486307,0.0607312248836579,1.0383822707888692,1.3242387911831843,2.41187780582528,8.335949076575222,True
455,0.06173017639274731,6.918445012240058e-24,0.4596860732342321,0.1058033607361707,0.11224703274655677,0.08965071951164955,1.0494582368864946,1.2738993841914659,3.5042601764427417,4.8019708255000015,True
456,9.081702823417816e-19,0.299517447429721,9.999999999999948,0.0008917295343967636,0.11325981682910416,0.059795919412154244,0.9871338038322037,1.2750593648262445,-2.642572644021668,9.394294294521497,True
457,0.19484267615136952,0.011246705044715267,0.8278394629754434,0.013785016291983022,0.49554477935139724,0.14734268422759458,1.0228411029026931,1.7129050627736138,0.8791087752930915,6.685444976024602,True
458,0.06174267003195974,0.0444220338103637,0.471156831610715,0.06891042802224906,0.09627239589007938,0.050704620198272245,1.0193947979098306,1.255603017058081,0.5392122114365794,5.459810115119532,True
459,2.5639217622859467e-20,0.18032014596328683,0.7356982776850302,0.02804884955303921,0.05881999160277325,0.15526144945935436,0.9551705395042968,1.212707335295484,-5.7949934939443555,2.297847262360302,True
460,0.07542600216174357,0.11501429090041736,0.6411006553823212,0.030572100384034264,0.09667014397164793,0.08893499966625149,0.9412265130502077,1.256058573262104,-7.170242256861393,5.492289307492501,True
461,0.006191815057244449,0.1470996385767576,0.6448427188742311,0.03982544952522822,0.05042430858028833,4.395219105028752e-30,1.0008573013546465,1.203091436023719,-1.2890738499126142,6.820999297878144,True
462,0.15619289158234645,0.037930241090920636,9.999999999999998,0.0013283529145860533,0.29329627636164185,0.2596998108617578,0.9225418336584009,1.4812620591720898,-9.013044427646722,6.050616493318277,True
463,3.519651688877607e-19,0.23410271610156355,0.903548099903934,0.014353577903272326,0.2200955932584911,0.15102372190932034,1.0323242003719084,1.3974224962134651,1.8143922894272357,6.40516193104757,True
464,0.20908326817940998,2.9930285758093775e-22,9.999999999999975,0.001271839929021486,0.22712072804786362,0.2934515670938991,0.8639353184383234,1.4054686537832852,-14.79319249468184,4.726605474032718,True
465,0.12094724793192797,8.475440219492954e-16,9.999999999999998,0.0021211795254633624,0.08853644270259751,0.2855860438109494,0.904775149156004,1.2467427317873423,-10.765308091482028,6.299126545901389,True
466,0.0755551701175049,0.11316019321252545,9.99999999999995,0.0016336391840716346,0.14140450126686332,0.21883968198586914,0.9370906069467665,1.3072945563960423,-7.578151677502976,5.476423863463491,True
467,0.05830779418308121,4.439423061891972e-27,0.584075816226605,0.06394304918210365,0.15398674812223534,0.047244400320854224,1.019961111374156,1.321705488544113,0.5950656547587974,6.841453793692464,True
468,1.7310910240895607e-15,0.23268237746250287,9.999999999999998,0.0015175422177896524,0.14096290131111253,0.09628681868750393,0.9100548654253794,1.3067887749507991,-10.244588822057366,8.55559746914118,True
469,4.149934193372261e-18,0.027711196892695876,0.5529912786182344,0.09009647019272457,0.13764923443861715,0.06018470544148039,1.044808150184376,1.3029935045980758,3.0456389879645496,7.392460864233636,True
470,4.477597546924095e-31,0.16271924530442997,0.7198459892932257,0.031236784926875365,0.24222143040238145,0.07516526669860776,0.9700599223192483,1.4227640700567512,-4.3265076613708375,9.416822856339651,True
471,1.026232246776662e-19,9.696456184605903e-17,0.5497531044685323,0.10266852179915552,0.08817826858320175,0.0013269854692836468,1.0853424984458837,1.2463325011670774,7.043394764305555,8.771319086463768,True
472,0.15505240994121022,3.547476766855442e-20,9.999999999999998,0.0016787953313097924,0.18983779457146807,0.26335200787781826,0.8830979643365315,1.362767073470547,-12.903250220655272,4.642306804131393,True
473,0.1981265029332012,2.391634910982873e-28,9.999999999999998,0.0011516784360284574,0.4005875186420878,0.37491380100045324,0.9484314845979679,1.6041468531487366,-6.459642041024594,8.721287531031207,True
474,0.2006070245483762,2.590777338358103e-22,0.5080617037409535,0.03362601860731559,0.2826503486586659,0.15614254239265754,0.9527984212661238,1.4690688679603507,-6.0289469135883405,4.714630417854434,True
475,0.14928437255276142,0.06829953635073636,9.999999999997138,0.0011112305783635822,0.3368393615960042,0.2149723350582092,0.9856536137187409,1.5311336325121196,-2.788558427190113,5.967931646026278,True
476,2.019731678539053e-20,0.10110023916801895,0.5665893346968635,0.07091562419652292,0.08659023695045871,0.07726429056956431,0.9691794533336623,1.2445136673473707,-4.413345124509682,3.4463498545368267,True
477,0.1441077027832243,8.976291024071436e-14,0.6787333780792844,0.03844759839772408,0.08928842217047862,0.18085748725741865,0.9021648871429269,1.2476040028475068,-11.022748768046498,2.8657100798381925,True
478,3.233588050383915e-19,0.17522155084302135,9.999999999999998,0.0016520159317273096,0.10331738289438704,0.15620094999890802,0.9536737661795208,1.2636719121346205,-5.942614819107705,8.328286348948707,True
479,4.8866292030980205e-19,0.17558896641844127,2.2887294091885972,0.007897561857300622,0.12843036592766774,0.14713461819594206,1.003657555828835,1.2924347792670312,-1.0128949058923808,5.6408996103600115,True
480,4.21665896406126e-21,0.18649049803748502,9.99999999999994,0.0016729400786821124,0.07705321271409098,0.21036242914238507,0.9254183445983178,1.2335905460046892,-8.72934458494613,7.119147462832231,True
481,0.043947929635070514,0.01601101184328992,0.8171569158095411,0.04008987238538423,0.1580726971184106,0.16934895761558383,1.0058781372013308,1.3263852833709977,-0.7938870177808366,3.769885721328004,True
482,0.18620270483040752,0.0017037986191230012,9.999999999999998,0.0013202692019364491,0.1512176541387201,0.31768662957042554,0.934278750571603,1.318533938504858,-7.855474874943546,3.6027114407291614,True
483,0.037768203031108415,0.1596134093974367,0.3417468534375903,0.10646007285805721,7.024310269958215e-31,0.02107462139166621,0.9501947696746454,1.1453385324353067,-6.285735628242383,6.470356623869745,True
484,2.73765529221947e-20,0.18612937630643347,9.999999999999998,0.001538893076095524,0.20352613930109245,0.14503322474030533,0.9682724664665451,1.378444862134644,-4.502797950140202,7.662871711002199,True
485,0.26425105021471446,3.8192482061612463e-36,9.999999999984208,0.0008903272677551278,0.49356982427334356,0.47724075773416613,0.7693851325501911,1.7106430706228901,-24.118334454527858,6.721435449099863,True
486,0.01820030112748263,0.2223901894632262,9.999999999999998,0.001166237929471988,0.19821896024211363,1.105207429682403e-43,1.0360539508730005,1.3723663454598616,2.1822440558810774,2.8469201362924146,True
487,7.799900609395824e-33,0.24640016773151008,9.99999999999995,0.001257950434789922,0.12312323769507795,0.08328743343436186,0.953104143289837,1.2863563208056707,-5.998794659051798,3.9294751487872555,True
488,1.9408755058823268e-23,0.10430755405491016,0.7709559833555804,0.037358973789637324,0.08626804335895694,0.009473091353106245,1.0214365885956795,1.2441446466121198,0.7405866224859725,5.801310040983964,True
489,0.06117946612267237,3.0260526400982875e-29,0.5433316683385782,0.08450257301014029,0.0674855802636506,0.11601553105294003,0.9711602180046921,1.2226323678950215,-4.217989487998775,6.490680061812197,True
490,4.1451121794080826e-19,0.18089159109512096,1.8386153859104788,0.009243574344020329,0.14960543663353806,0.1128482639072469,1.0254339656366664,1.3166874036735063,1.1348334240558478,6.024096534719244,True
491,0.24201881297784447,2.2378575604894978e-22,0.24586471832918458,0.08990621067722547,0.27261371044281973,0.11613937603306287,0.9077916359872933,1.4575735194756294,-10.467802934220249,3.7846973857659068,True
492,5.64363815571456e-21,1.433898155807083e-20,0.6176732304173754,0.08368593440612,0.038852217354930406,0.058201519324431086,1.0546929912987961,1.1898374740424602,4.020545020952704,6.0753407627775955,True
493,5.085801996887842e-16,0.18325397998531176,9.999999999999998,0.0012967086561575145,0.1661602675905469,0.1170815624770856,1.0233587820904766,1.3356482894665216,0.9301655962860034,7.724812876359225,True
494,0.09135273723945829,2.5547779133516626e-25,0.3860002238723383,0.11686661916245127,0.046742460189763024,9.005044492334664e-28,1.0864678653045006,1.1988744731914656,7.154385616570247,5.827954647921833,True
495,0.05732540104599607,9.242871050239296e-24,0.60145900163565,0.06125454207448196,0.08077664028845827,0.14448325005311785,1.011228031031026,1.237855131078344,-0.2662463900718892,4.972511149687489,True
496,2.5810377712998608e-20,0.14626528084161566,2.363430338040177,0.009065469744193635,0.1426882748332934,0.11940608814745388,0.9505649500272328,1.3087649117285967,-6.249226082478964,5.0443827124491545,True
497,0.0704403240273944,0.12968249764215994,9.999999999765297,0.0015433327971071575,0.11815685102488338,0.09163392608741798,0.93665976798124,1.2806681267853237,-7.620643762289792,8.618813069964315,True
498,0.08939267117123552,1.9184448892782873e-17,0.6363942938239877,0.05531348159646041,0.13070422168024978,0.15690598602948522,0.9853092057579106,1.2950391138776631,-2.82252613541486,9.911601573251511,True
499,0.08453900967944497,0.053743173775815,9.999999999304281,0.0018630392347634042,0.16815263839167485,0.23379699182527666,0.9709119533162608,1.3379302285159524,-4.242474933918238,5.1882449554626735,True
500,0.09991771755445442,2.675913540583026e-31,0.5017674698290335,0.07293766056959097,0.13570072256427415,0.045166069492791845,1.0138133351578191,1.300761798867483,-0.01126721932498409,7.011724266896673,True
501,1.0340096956383475e-16,7.453935706178653e-21,0.6003583687450629,0.0874282906801474,0.06920016919685511,0.006113607200573254,1.0666717496540683,1.2245961526675078,5.201966518079804,3.8294806192357704,True
502,1.4699494386816953e-21,0.025868922036749505,0.5815569758499578,0.10030452997262686,0.09453008570348315,9.845718487606552e-30,1.0286817207466348,1.253607482065918,1.4551477329785456,3.1017837191807947,True
503,2.388069932869335e-17,0.10629976498778676,0.6522364808504484,0.05156474772474521,0.05612620360535854,0.10903230412443886,0.9824530626823966,1.2096220361038332,-3.104217169510881,7.896911803409885,True
504,0.1724552735529563,6.78375748084087e-35,9.99999999998332,0.0013892846627903109,0.3166848844895738,0.42459105771746913,0.8670504481419394,1.5080499332810398,-14.48595854863839,5.988759760435315,True
505,0.019327294602785042,0.2524499465148766,1.958495400625489,0.005541947697180626,0.022015268642561325,0.08112959480432749,0.9788538244492909,1.170553467913547,-3.459196984259494,4.986236387804807,True
506,2.4031966159947227e-16,0.03829384364257826,1.0181748937529624,0.03657296743398035,0.04227467896842289,0.09443996453795678,0.9412343780906532,1.193757351204174,-7.169466556443815,10.427295424053028,True
507,0.08248223808565318,5.658157860382539e-20,0.6635294900001454,0.052326334825619235,0.08554107809735867,0.10407630328040852,0.9878767285033769,1.2433120252862695,-2.5693006778262917,6.435761631529905,True
508,0.24459313819445497,0.029563152854042683,9.999994554240862,0.0007414370498181737,0.37147663781129137,0.5088846251429515,0.8046790519045256,1.570805039620093,-20.637423177548165,12.609298993180799,True
509,7.660918295987517e-18,0.2460361872149206,9.999999999999998,0.0014830610964483065,0.08554751055935786,0.12425226800475013,0.9075413381464807,1.2433193926328556,-10.492488902586105,7.036612162435581,True
510,1.712012995898766e-16,0.2707092226474941,9.999999999999922,0.0010020763593652962,0.12570261867949503,0.13300388198161703,0.985329086779479,1.2893105852369544,-2.820565342353587,6.688565643247368,True
511,0.003105189469469324,0.20148024846245777,9.999999999153264,0.0013916784635155865,0.09431006276221239,0.24038726285944112,0.9859833912525969,1.2533554813132608,-2.7560336649224415,3.9574287132592856,True
512,1.092672920386892e-42,0.1605307119408773,9.999999999999998,0.0016816191076959794,0.19072319028248244,0.22093395492692505,0.9580554929022183,1.3637811512948248,-5.5104610022262746,8.805383238864586,True
513,0.1785888875440243,9.778401700374297e-24,0.345987387054686,0.0712657007632675,0.24659002593883317,0.11834729212417117,1.0137961709808423,1.427767590857274,-0.012960059856492734,7.2976506549861355,True
514,0.08029463334117382,0.009434168381516143,0.5296687203843237,0.06671077500432415,0.1568541098147577,0.03648623824289184,1.0669502896367886,1.3249895883769878,5.229437906485468,6.022469080489221,True
515,1.648734303933978e-25,0.17796862423209167,0.5586859537874674,0.04197040070155161,0.15030908070989515,0.07926166783607674,0.9877696212522643,1.3174933143472782,-2.579864277592614,6.99547456780587,True
516,3.2570461066666843e-16,0.18311883355255382,2.6378085420549766,0.00674404793726299,0.08510827861051455,0.15117438747266868,0.9502216651335204,1.2428163233571687,-6.283083026666536,5.786441362527195,True
517,3.314291993498509e-19,0.07343288572832297,0.5763024915940872,0.0649541657283756,0.13831006418866407,0.06454946780551389,1.0355510937777312,1.3037503783741844,2.1326490841223844,4.900044714276636,True
518,0.04138729978154849,2.3441583966378386e-18,0.590055613884038,0.08725875752669743,0.06719467037791407,1.8440252364264563e-18,1.0008369759750009,1.2222991775934209,-1.2910784683996424,5.493848188504292,True
519,0.19431287970050856,0.06399856487105224,9.999999999999986,0.0010709930608653953,0.2223430421705902,0.30654111191869465,0.847595898329836,1.399996586052172,-16.404690247139808,3.886746924311575,True
520,0.11965137141197177,6.846916953757867e-18,0.5122047970509866,0.07570906557910895,0.06454048564541241,0.0951603634238473,0.9109844302223552,1.2192592375470852,-10.152909217080907,4.431306411155387,True
521,2.1006952401912322e-20,0.06440476410318377,1.0532251690147254,0.028852888555316265,0.0980937201741098,0.1502478413243007,0.9711479035033473,1.2576890499406415,-4.219204022609424,6.796152376998246,True
522,0.10266439219744614,0.1001685383808219,0.6465910104313615,0.02727377059096053,0.08655944886458126,0.17208545261515037,0.9928344474488474,1.2444784045662753,-2.0803388367757636,3.0536023255548694,True
523,0.15312133906743167,0.04965147562119205,9.999999999987823,0.0012612302789146918,0.3227649846044875,0.20332143320955673,1.0210872854164745,1.5150137062237148,0.7061361166248226,3.6246845900269755,True
524,0.038276030678916516,3.15000362930237e-23,0.4562058963150545,0.13470678567727967,0.14020697582106076,1.5925656768485967e-19,1.0705278611899298,1.305922984359393,5.582280815160656,8.68709340070046,True
525,0.04319626658259286,0.2059354392618272,9.999999999214886,0.001263545214868644,0.1119616249854894,0.22644067978865368,0.9026593042223638,1.2735724956852592,-10.973986204442687,6.699172577374482,True
526,0.26827036450373165,9.192028170851463e-34,9.999999999999877,0.0007087532210810257,0.49110086952573295,0.6630847226120464,0.8022701119386781,1.707815281615613,-20.875008190663337,10.088537295687784,True
527,7.960963311328117e-22,0.01966918729723967,0.5513528134401754,0.12995416577901986,0.03453066195697997,1.1609482917163156e-24,1.0039221196309458,1.184887830125134,-0.9868019374973835,4.016133580337447,True
528,0.19773759457555015,3.7690499043009243e-34,9.999999999999327,0.0015339998831790168,0.06675067756327423,0.277645775193362,0.87977625082358,1.2217906555146896,-13.230858778663402,7.226970417021813,True
529,1.51642286209931e-19,0.03896325598449942,0.5849700048913847,0.0807748950125949,0.051056956451268114,0.0160904126812066,1.0067727813107281,1.2038160320078155,-0.7056515135847818,5.975926891111971,True
530,0.08326919200676589,8.213278621984235e-22,0.5096622337685194,0.07203432096137971,0.23427587459139593,0.08256015146912221,1.0296232843353037,1.4136637188248142,1.5480107352675798,9.569779078854177,True
531,5.277897554057229e-23,0.13829431123631278,0.5816707811837982,0.042623822760430814,0.1314234708004788,0.08639742950792287,0.9924642008934078,1.2958628976094815,-2.1168549118864233,3.8218443908463904,True
532,7.523541803525326e-24,0.03399161129763098,0.6282792634921381,0.06867147776579949,0.10919284112970441,0.05088038909639838,1.0461066642479295,1.2704013008472441,3.173706721155689,7.193081603524236,True
533,2.001670801029211e-18,0.14176898912759095,0.5927612818508191,0.0509138054014358,8.556689796894437e-21,0.0070339466130478565,0.9892924060207163,1.1453385324353067,-2.42967753806671,5.241606613227578,True
534,0.2345488284398229,0.011300790225952683,9.999999999999998,0.0011508198092541077,0.08083460125547351,0.355714412328651,0.7764999996892058,1.2379215160072439,-23.41662090977339,2.4463206679423606,True
535,0.007939252326552626,0.10604978629832001,0.5598628358250479,0.05788563399159364,0.0875336958567147,0.10957193128794691,1.028499311332471,1.245594247186475,1.4371573539442517,6.623560212477598,True
536,1.373396268901121e-20,0.20491919311151602,2.2210668418038755,0.007368305508668365,0.09349099374813087,0.13527156218978442,0.9356619751714905,1.2524173700107095,-7.719052448745856,7.901368825589113,True
537,0.017374076175335363,0.1449321256461818,9.999999999999998,0.0017041603820363038,0.1869929370681718,0.11120365957795388,0.9759464708436627,1.3595087485527342,-3.7459387272321676,5.5476874425474705,True
538,0.13481655812730758,0.00737932724585575,1.0198178207065798,0.02037430142658424,0.15215328778750836,0.26567587918452945,0.9290723304511438,1.3196055557750583,-8.368965210999836,3.78755846018201,True
539,0.00808292490441043,8.751737354746329e-18,0.6190248939653441,0.0904680537692299,0.07215796741677635,3.7459149606248536e-19,1.0240026279347478,1.227983832939952,0.9936657770808877,10.580034411803245,True
540,0.12939613688186372,1.8141094087865915e-19,0.6032177013378331,0.04686558319914208,0.23039677873054443,0.22232175494314865,0.9144243056825216,1.4092208408643705,-9.813646774718332,9.845649451723158,True
541,0.189844691607879,1.3532178715429704e-33,9.999999999999998,0.0013828839044893373,0.21586260091776427,0.2784410181340577,0.8856373026277727,1.392574286978127,-12.652804493579561,3.550225147440533,True
542,0.09113236521162721,6.779862720336847e-20,0.4278911332632493,0.1058963380790106,0.1085285896624637,0.08576862394065315,0.9908969857850828,1.2696405080465865,-2.2714236547129896,9.889200135468464,True
543,6.37886853476751e-22,0.1606796370837112,0.5628103469012514,0.03587757889634194,0.24673546298183208,0.07933717319056599,1.04786905964095,1.4279341655066642,3.347525387665118,5.097832630505395,True
544,0.07424423627345872,0.0916814818170187,9.999999999999998,0.0016774294895692088,0.1427688949460989,0.19331958939496482,0.93417599186475,1.308857249050282,-7.865609593558998,9.287714012008228,True
545,0.21792529986059817,5.951055706924916e-21,9.99999999999799,0.0012277577892487173,0.2594519265502435,0.47065373969913143,0.8235633750370662,1.4424988212278755,-18.77493086859704,5.005249618607895,True
546,0.168210730584045,2.1597502745735548e-21,0.34558074067014843,0.06399682906452632,0.2523613879421194,0.23266380653006835,1.0650347913238325,1.4343777541442708,5.040519254191178,6.7169000952491995,True
547,8.019846351733122e-28,0.2167413381388498,9.999999999999774,0.001429605796112183,0.12912671761120564,0.15067247471882456,0.9839899110803497,1.2932323376823132,-2.9526433852072653,6.742185145987917,True
548,0.20189641574861977,2.836607931859915e-28,9.999999999999998,0.001060595440930306,0.49319895447125556,0.3236667867843325,1.0215190310346451,1.7102182991480424,0.7487176212740643,5.014021197064829,True
549,0.0329955276203128,0.1670658338195381,9.99999999966515,0.0016236753072376416,0.17057655595225776,0.16354999654016178,0.9102399814482338,1.3407064346975346,-10.22633150002309,4.430493389614687,True
550,3.6616572642645396e-21,0.2032031841892562,9.999999999999998,0.0014826900812634613,0.1360074776650793,0.03339288535493068,0.9801020196221398,1.3011131373044564,-3.3360920207834655,3.668447961963371,True
551,0.04158749165947424,0.2825147351731051,9.99999999936317,0.0006397179599930091,0.2247139910090394,0.12281765134326679,0.9686616865430445,1.4027121251152805,-4.464410585452483,6.0508592777188825,True
552,5.0289213538512686e-34,0.16883634970521197,9.999999999999948,0.001845084770921494,0.18493224851425877,0.1316811843849114,0.9461775462032266,1.3571485625485893,-6.681939811275184,4.643376623768502,True
553,0.1767287434272051,4.5393448306272155e-21,0.3433039031095922,0.07192245717422188,0.12224963757730999,0.141224268734432,1.0180872694779015,1.2853557529288508,0.4102554237820355,4.234592577814195,True
554,0.11443061021950227,0.12250231221711651,0.41393387222099726,0.04820979618442184,0.17616280858852332,0.22130217234501223,0.9137453234868547,1.347104585093768,-9.880612326433836,6.142194892008403,True
555,2.0334480975354535e-17,0.1803671853037339,2.2488789273375245,0.0068106493803839424,0.23919568204877326,0.13822115066668736,1.046558226873514,1.419298563877911,3.2182427053822904,5.146655871078246,True
556,0.1228369501600765,5.053431913483496e-23,0.45842563261319674,0.05684087415379286,0.21044798391809155,0.20788495449977004,1.0347809972659312,1.3863727174900227,2.0566972578212273,7.749371472972237,True
557,3.2126032992646313e-18,0.1759302912663963,2.3520535318396356,0.0076923959839793245,0.09436201318341075,0.17688641189383647,0.9385251070450608,1.2534149821324354,-7.436672134841538,5.979642055411015,True
558,0.02752131462059792,0.14646329587569282,9.999999999931356,0.0016344670083987872,0.15443178760274398,0.16883152992959977,0.9592750161056938,1.3222152094095945,-5.390183851114272,6.201554772180319,True
559,0.14847117618124736,7.577871635525127e-05,3.5056107210359544,0.004875718048622447,0.22175423171992753,0.2532234496655044,0.9597746991502408,1.3993221987547273,-5.340901924468011,8.176244484844666,True
560,0.15817127756829844,5.372309424076919e-15,9.999999999999993,0.0014849540184145899,0.38134750392591127,0.26655803157881247,1.0104353738165697,1.5821105229296772,-0.3444232966624994,6.1884199906149,True
561,0.07593474719684741,0.07911103926173733,2.986268316923347,0.005806416701724219,0.21333255689543323,0.27900492712580544,0.980162387264143,1.3896765300705938,-3.3301381791683182,7.187963758517506,True
562,0.07975230332190482,3.719577397076989e-22,0.8560333736240516,0.03562746009329312,0.12761767573762942,1.6277780404383457e-22,0.9738103267060709,1.291503973877448,-3.956618877066087,7.440793579770564,True
563,0.14319972863196384,8.378669102631038e-30,1.472317029617901,0.01215331885579123,0.16170621304594532,0.21717512473533462,0.9442882142418016,1.3305468891710206,-6.868277771206921,3.784579778329162,True
564,0.12366262079001983,3.604080630875292e-21,0.44884417117981573,0.08468989187277266,0.12097979811947172,0.045366201323906376,0.9700068317691289,1.2839013568677822,-4.331743789802944,6.069055156159303,True
565,0.24643131213953098,0.009897465377482843,0.6541794713010631,0.011847696595208752,0.43112162961520734,0.4255147330801534,0.9972039725752156,1.6391187469999062,-1.6493884190927455,4.848178647011309,True
566,3.5278641089231036e-20,0.16894813020582217,0.6306318498049905,0.032248857816612624,0.13776439777585786,0.058220084205031934,1.0686455821786378,1.3031254056057415,5.396638462123882,5.197292130401261,True
567,0.20284689136050532,1.071463976275401e-21,9.999999999999988,0.0013321452991144006,0.3514619773009849,0.18945678667363564,0.8853030884336787,1.5478814777240277,-12.68576682755752,8.659764916855599,True
568,2.6033727581900435e-26,0.046285007950886956,0.6037692159128311,0.07774919348135773,0.037718671140425465,3.7236906293628105e-18,1.0072227027820895,1.1885391798846914,-0.6612773904477676,4.620384479068554,True
569,0.08167311683280334,0.05276617207990926,1.1825516863200858,0.018401911790622325,0.2247286606100629,0.12167752544756308,0.9947472420501229,1.4027289267745884,-1.8916868417598542,8.021289198044515,True
570,0.2435554481966954,4.263399173934484e-26,9.999999999999998,0.000996965539203703,0.3949426539229374,0.5366833738038799,0.7887131014258139,1.597681572075509,-22.212086974761768,7.009223987501648,True
571,0.012760411465945268,0.21528583026604584,9.999999999994765,0.0012326049140753731,0.19391781852839501,0.24217382107725396,0.9585552206973575,1.3674400821216748,-5.461174661991386,3.8501924934248963,True
572,5.624213388058499e-18,0.07107439237306327,0.7351268668788363,0.043841111308360325,0.09728444463559315,0.08419955471960726,1.0442054570217405,1.2567621554830208,2.986197546924396,8.659244237084431,True
573,2.8392707587350022e-30,0.15113410893609447,2.7352384704829613,0.006991796777956212,0.12245710865541054,0.17744825454266286,0.9461139833800267,1.2855933775489654,-6.688208782024841,4.200212145513611,True
574,1.0288179701009044e-18,0.05467874507354994,0.5335324544067741,0.08897507020705372,0.07773627108928002,0.06345460690111213,1.0138928489443506,1.2343728790816957,-0.0034250629060816884,7.0465109012977845,True
575,3.440201561033336e-22,0.15386370695476634,9.999999999999998,0.0017865327575634098,0.12582587640944082,0.16494988077741082,0.9949350383952924,1.289451757064482,-1.8731651692555085,3.695216165328157,True
576,1.9179250396933296e-19,0.14386498085112903,0.7443092103772432,0.02909660944320381,0.10144830634092246,0.1260292893892566,0.9803450195425801,1.2615311867378662,-3.3121258198389403,7.017407010495794,True
577,1.0554004268124407e-16,0.20143815531968898,9.999999999999998,0.0015554849489134998,0.06640704951747887,0.08085736392884538,0.9435052363712856,1.2213970850730147,-6.945500039205621,6.470711943198034,True
578,0.1899530260521384,1.2444345654984122e-31,9.999999999999998,0.0013071835722747182,0.2551444200582532,0.22894028451103324,0.9483279386799753,1.4375652680638837,-6.469854399420017,7.645430468379684,True
579,1.1916716789058637e-19,0.1659257173088574,1.1284314512586902,0.016168448778041317,0.12727847273813528,0.10451795198892386,0.9928491582530458,1.2911154716118098,-2.07888796350455,3.318581252265201,True
580,0.24231373857047633,7.543552878695365e-37,9.999999999999998,0.0009628108966754986,0.30092514328265707,0.4982683645307867,0.872262066577793,1.4899996944155496,-13.9719555215858,7.218461186704091,True
581,0.054543083717634985,0.14162073803003433,9.999999999355119,0.0015128595907724566,0.2127696650922766,0.20566805506165303,0.9277508153071493,1.3890318283988465,-8.499301457344345,3.2902836253767527,True
582,2.9434628301585746e-20,0.032383394671403144,0.7391170213726856,0.050740819914429615,0.06887825663624411,0.06385515450492574,1.0328721245361205,1.2242274538077649,1.8684320627657236,5.5150916916161945,True
583,8.739889590968758e-19,0.08840245970859448,0.5431173137769122,0.058611590408516885,0.16877836263940346,0.007843838632497555,1.0453817250571102,1.3386468946075551,3.1022085976655456,3.2260494571886453,True
584,0.10592927388958102,0.01884961617109594,0.45428647528946675,0.08738417701368441,0.0946894313149639,0.06627737307987763,0.9668329416076701,1.2537899867347213,-4.644773066716057,6.369258030841032,True
585,6.868252558009893e-18,0.2602007432167098,9.999999999977364,0.0012997333029736173,0.12360507903731471,0.09829268154364162,0.9177884788107367,1.2869081922614547,-9.481850578831196,8.037180169480267,True
586,4.9490727061176606e-17,0.1457859347867464,0.5909853748812725,0.04663611775433497,0.10769555411773821,0.030619008053926276,1.0159595081954214,1.2686864003383242,0.20040204454843114,8.210785190042978,True
587,1.2097434051123401e-17,0.19829098577404725,9.999999999999998,0.001442717718528712,0.12661608346405062,0.045948271730432005,0.9838916356240228,1.2903568116527286,-2.962335937081262,4.930692636754866,True
588,6.315460011708768e-18,0.21555922981613554,9.999999999999998,0.0012606000145092243,0.21516526637913475,0.12439113480136148,0.9858133334772952,1.3917756028610369,-2.772805846607429,4.026150661746204,True
589,0.06227519324177087,0.08774153735229866,1.0573019663145067,0.01995002792531259,0.21539836217838476,0.18168836304561012,0.9614864167394791,1.3920425764616666,-5.172081425968955,10.612513616668547,True
590,0.20943008190923343,3.733145388738724e-28,0.4285773128068951,0.0352496498458794,0.34554462193711555,0.3607906563773131,0.9317851484594368,1.5411041026156753,-8.101409808533566,5.325076654487591,True
591,0.1430122879747402,9.335517918477978e-19,0.46372241879883425,0.060785926904357364,0.10240476986332961,2.7514146132791215e-21,0.9830488037081525,1.2626266612649482,-3.0454613925201213,8.092192114642183,True
592,0.16247674831137127,1.9335357205910415e-32,0.6600074289485812,0.030636167852729147,0.24581586200920927,0.2579559523138419,0.9468771002252263,1.4268809110782543,-6.612945334929599,5.5353864519971046,True
593,0.013569305312017948,0.022732528095046535,0.6254550786284248,0.07682843042643098,0.050484606926321056,0.13038847790752853,0.9832987714803838,1.2031604980428725,-3.020807977621487,6.398544998177875,True
594,4.545658580595905e-24,0.09540047164465566,9.999999999999998,0.00214965268223902,0.13305315426874606,0.12548527513704655,0.9928658905295851,1.2977294368813608,-2.0772377197469716,7.2696395160789145,True
595,8.087099040346201e-20,0.16808518311596143,9.999999999999998,0.0017687461508894145,0.11932855727888758,0.16374418775451674,0.9473113442999171,1.2820101271067303,-6.5701174165741065,8.259369220229749,True
596,1.00658516125048e-18,0.11340575069991553,9.999999999999872,0.002175460216349043,0.13277780464216138,0.15441861831957146,1.0063434935259805,1.2974140683441415,-0.747990611036542,8.59896019794823,True
597,0.13196888517200947,4.300985261221189e-15,0.5848634191356,0.041545355471565695,0.2200660208683541,0.13934447309384843,1.0095629135810518,1.3973886258155448,-0.4304708858248407,10.569331598862998,True
598,5.559976299803922e-26,0.11512979438574442,9.999999999999998,0.0019291599314370514,0.1930368742755127,0.11142241700509471,0.9957754739764356,1.366431102723921,-1.7902760556207764,7.810452669846095,True
599,0.14670616396033728,2.2108170131952484e-32,0.7087655463751857,0.03569308863516591,0.15743532081966205,0.19861432470254314,0.8683829225690383,1.32565527173638,-14.354541427943756,4.776692261166774,True
600,0.14808822765420446,0.017863867756723457,9.999999999999998,0.0017794450715353485,0.13476495334236013,0.2905301366837389,0.8814651039062295,1.2996900263201578,-13.06429332353396,3.707546658441695,True
601,1.7930347345639065e-22,0.21137964343233442,9.999999999999755,0.0015328904050717854,0.03638587310580397,0.16238426738344441,0.9381398690922398,1.1870126749396854,-7.474666757111514,6.934106341793808,True
602,0.2015244753341452,0.028227049569695704,9.999999980704855,0.0011567126772573798,0.36164176770898937,0.2884856436696735,0.8640821303554721,1.5595407839304307,-14.778712967688335,5.407426887601689,True
603,0.06329576438344442,0.014403929119833405,0.503727711048129,0.06389864692611809,0.14466750860392774,0.12304745619447138,1.072404565405032,1.3110318044308014,5.767373346265514,4.775319048214156,True
604,0.1289267627939251,2.945418159647279e-19,9.999999999990594,0.0018330814545360276,0.18512288112249117,0.321570934251101,0.9460536229666289,1.3573669014203364,-6.694161910708862,9.875744819007462,True
605,1.0213917126642322e-23,0.10925423049932591,0.9364476199615641,0.028020004645199992,0.1151912122334003,0.08150946248703407,0.9975927649703634,1.2772714664041533,-1.611043235065801,5.388251522486245,True
606,0.0200034720119214,0.1379190350259469,0.46686951533407917,0.06535690588513807,0.09993152922797174,0.01353394213074864,1.037579336998715,1.2597939634652877,2.3326873578402907,6.60644218827368,True
607,3.297301606390441e-34,0.21422123040259092,9.476977147109336,0.0012678033491607338,0.10702157830996416,0.07877700550023509,1.0751131984706246,1.2679144698757514,6.034516003009394,8.878137411584294,True
608,6.766127040681218e-19,0.253162850469397,2.2489873264012483,0.005569638487207198,0.07428384680961105,0.06793680514442109,0.9992172522446544,1.2304186845238756,-1.450825946200296,5.116532775588142,True
609,4.054568939796682e-20,0.2476534768767933,1.088386562166971,0.012009960894201241,0.19560829755883435,1.0150104377658117e-13,0.9861835376181984,1.369376252893511,-2.7362939546886733,5.029003817615859,True
610,3.2648593642667e-22,0.08426693118155733,1.0311920958721483,0.025560867048774107,0.18756609963998713,0.10987989074801821,1.0335396555298977,1.360165213731584,1.9342682239651854,10.522235531038344,True
611,0.040470361292146484,0.12721047667909377,9.999999999442755,0.0015993896697805504,0.2255635998526106,0.14119539295650171,1.0078666206616496,1.4036852148613206,-0.5977701050735695,5.663728017455779,True
612,0.16112065137051704,0.03586344364976414,9.999999999980588,0.001460274673111636,0.22238479449675091,0.2828055321588003,0.8671711235346878,1.4000444066001427,-14.474056772265676,6.014188829508086,True
613,0.18590586360498654,0.0879142274117137,9.999150342956229,0.0007381905771553871,0.11081278661007987,0.23671168782615612,0.9565155932363443,1.2722566868263623,-5.662335722019895,10.337180530415633,True
614,0.11611688187065228,3.277653088695381e-23,1.2491572937471596,0.018248992619028893,0.1273626783634065,0.22312401700303444,0.9654884770374378,1.2912119155590807,-4.777372731747209,6.587441689421706,True
615,6.864090843354953e-20,4.509881932648249e-19,0.533769368844759,0.11299685207297762,0.13184654842671178,0.035076123982160985,1.0661832064268668,1.2963474647170172,5.153783271221202,6.441576051454333,True
616,0.19287338988627314,9.480124857478188e-34,9.999999999999547,0.001228187125758808,0.1585373212034344,0.32128389058862633,0.9805883280008418,1.3269174352386732,-3.2881291889279685,9.751151756728232,True
617,1.4994505834855293e-17,0.21440793220458412,0.5648924793793472,0.0337238245910013,0.03487595372585504,0.045970743673090106,0.9974848007581556,1.185283306092959,-1.6216913537972943,7.179870935366619,True
618,5.355798407682408e-20,0.11276683316372303,0.6127609500063719,0.05821829873035112,0.011196732025578618,0.035965104834919576,1.0139420720245678,1.1581625810615543,0.0014296309944539232,5.11200400732699,True
619,0.12991987832693047,1.6850233883939744e-33,0.3985341546968031,0.10451649415045622,0.10533992809576775,0.055692139078916986,0.9603722442313315,1.265988411087354,-5.281968220041755,4.054807328726082,True
620,0.17757747859739145,2.3901669633094833e-33,0.36595847297382783,0.061112013090462394,0.1324073987051001,0.09269969983688309,1.0151589833849257,1.2969898281517827,0.1214491854913069,6.998258510337929,True
621,0.14853594499663852,4.737250579078194e-22,9.999999999999998,0.0016907554143068234,0.20762768513613636,0.24815688786127102,0.9201677561639047,1.3831425206220689,-9.247191081636874,6.564480393678091,True
622,0.04384702458724303,5.983219491738854e-21,0.5308441158023071,0.10106644832191451,2.3210756827568553e-24,0.024822531528416902,1.0142602084856402,1.1453385324353067,0.032806276468355655,5.546716107458199,True
623,2.840962085918319e-19,0.18375314284825903,9.999999999999446,0.001477754484552958,0.10909293416954163,0.1534687651459972,1.028324082270975,1.270286873556111,1.4198751470549498,10.187898566059442,True
624,0.20779692769041008,5.752381833178904e-17,0.71189543503896,0.019909868229445328,0.20794701132960483,0.2990028528390089,0.9101732953059022,1.3835082572158646,-10.232908512412397,1.8476155771810745,True
625,3.2437170290139005e-20,0.156780421454979,0.8289822075010318,0.025199951637255906,0.17429415043653843,0.053017528798486924,1.0599664657581325,1.3449643389083503,4.54064868328834,5.402799368681676,True
626,3.6032333745415623e-22,0.022748590071018805,0.6530292720143086,0.0729550464232294,0.05529544568302826,0.09512410646183857,1.000561606181753,1.2086705370442625,-1.3182371925139158,7.261608305215488,True
627,0.09119750133787174,1.1178113357630645e-35,1.9849525358883355,0.011589221581315983,0.151336090627451,0.22683426279026356,0.9670401666758693,1.318669588379048,-4.62433520971508,7.55771738182534,True
628,0.007316226698626956,9.805731866306097e-21,0.6122366340343972,0.0780898509379775,0.0839718159460678,4.943938091252302e-24,1.0570335706434024,1.2415146888769037,4.2513878738960065,5.296566471760684,True
629,0.0954001892924817,2.899611199519981e-22,0.6783620576956798,0.04446682255201997,0.13025038925914267,0.14481652557526753,0.9519940238331228,1.2945193221185005,-6.1082817153595865,4.221790470149173,True
630,6.896977151554227e-17,0.16714652837336952,3.6972704161577297,0.005151779144885462,0.1797484105094747,0.03198457298612476,0.9714688496713231,1.3512113131358074,-4.1875502659326935,7.780824653498153,True
631,3.404931105898498e-18,0.17376083338154685,9.999999999999998,0.00158736107732711,0.17132307509190345,0.11557977913681967,0.9858931211567951,1.3415614518333712,-2.7649366771182904,6.323667616205653,True
632,3.602441944298349e-15,0.19818084475927145,9.999999999999291,0.0014223304836422682,0.1552624279734508,0.03299566217122603,1.005708931173744,1.3231665738327614,-0.8105751946774542,3.546561257200479,True
633,0.026727070327377474,7.226116809543803e-23,0.528899184880483,0.09559956758665712,0.11517370822768154,0.018685367835669812,1.0726676319818915,1.2772514183919317,5.793318648763468,3.991121706819877,True
634,0.19083159849289705,5.670619298069829e-18,9.999999999919126,0.0014924469425119428,0.19378754201419962,0.29952541877016325,0.8803390000326035,1.3672908714100955,-13.17535686491631,7.2713291790827785,True
635,0.06511484310171421,0.1297584128734662,9.869809829643758,0.0016263279359469552,0.14116629374856096,0.2056801494654808,0.9744837335299678,1.307021728146615,-3.89020320404988,6.006028849914335,True
636,0.04809958687020834,0.21650392027474802,9.999999999999696,0.0009025690927715746,0.1808156114058024,0.21225167418729754,0.9448712697992641,1.352433619444221,-6.810773115951707,8.30417798324928,True
637,1.6440045829291721e-22,0.13628866830279754,9.99999999999999,0.0017318941671070282,0.17460731741096122,0.1513867674982515,0.9596377638503285,1.3453230211112428,-5.354407356519797,5.507730875913935,True
638,1.2935612941928922e-22,0.10423118388895801,9.999999999999996,0.002074414220828995,0.2474259647802071,0.1888917571209318,0.9770253094173543,1.4287250238230589,-3.639536790980713,5.404813153242745,True
639,2.3518265502428225e-18,0.04221038445401031,9.999999999999998,0.0023040691625829156,0.19765292444352203,0.18362739201576525,1.0193413624766665,1.3717180428489968,0.5339420684404628,8.903708226646655,True
640,8.060613451852057e-18,0.21574077043979148,9.999999999999998,0.001314528452241918,0.13785762744150873,0.08022711837004266,0.9907872311568703,1.3032321851341775,-2.2822483556823037,6.887438109147868,True
641,0.1562194003961344,0.09057982259143504,9.999999999997044,0.0008952776085936341,0.3870838406099743,0.3649141647649465,0.9900660977883454,1.5886805703689568,-2.353371124720882,7.396612886309627,True
642,3.6095280865848993e-19,0.11894074897545717,0.5559793204657446,0.06065895773488237,0.1105004306343906,2.4214763268413895e-23,1.0619709155154937,1.2718989334915691,4.738340293973153,6.626633568517688,True
643,0.16915047950502832,1.0151464705773525e-33,2.579009531778341,0.0067728699239225565,0.22186091567505017,0.30135769517913547,0.8884130461638581,1.399444387999322,-12.37904297449861,5.445389699521979,True
644,2.8871987784260555e-20,0.16720022234882223,0.6316380519736406,0.034338243244306205,0.14978634716906883,0.1441095953204901,0.9751846314975541,1.3168946074807732,-3.821076179224747,9.650890166307097,True
645,2.0100113755248144e-17,0.1472940444978843,0.7548259473059346,0.031072990871238125,0.13903394600470945,0.06356228651922509,1.025224242877286,1.3045794681110303,1.1141492288312183,3.804320903693337,True
646,2.2363279243622842e-21,0.02800376284747943,0.6465911052969919,0.07881346849495889,0.07567582576956412,0.10681890769757585,0.9658121052041763,1.2320129716630492,-4.745454459258436,9.761940566146158,True
647,0.12566761843123092,0.10315027334934036,9.999999999994317,0.0013274196499993391,0.2410152168054811,0.11874561683788207,0.9334092561456906,1.4213825471458736,-7.941229957059637,6.493060165612829,True
648,0.1384238764705364,1.7669242997121888e-17,9.999999999999998,0.0018323178161220915,0.18606673888566927,0.25763708100429566,0.9023516421407839,1.3584479380856427,-11.004329799851265,4.84351623973055,True
649,0.03691903886092151,0.09470792270117928,0.4653075943219718,0.07360827166483505,0.11288669563370413,0.07077864736261012,0.9907609441749374,1.2746320147438843,-2.2848409453839147,4.589452585011375,True
650,1.3579156019928384e-16,0.13120438023636283,0.5242333927139843,0.06837410434708106,0.07728528998150591,0.09524720493262509,0.9678139151679588,1.2338563530415618,-4.548023201841433,6.089894056056599,True
651,1.7438741030647922e-32,0.23002575710363724,9.999999999999998,0.001262756987762961,0.13435690847336254,0.008163740390577007,0.9844916549989629,1.2992226768087325,-2.903158202025369,3.8025676195893894,True
652,0.10361574969445564,1.2994705428627976e-34,4.310215089812806,0.004404366305203976,0.30546532059888176,0.19933019995080498,0.9814371497702032,1.4951997344399104,-3.2044129759607243,5.470572453546376,True
653,0.1017905974554011,0.08068456060733765,9.999999999999998,0.001516062247228839,0.18560254553171818,0.24994642794135558,0.9440469716842842,1.3579162795508621,-6.892070649819226,2.7011776690700127,True
654,7.148215918124791e-20,1.3042748431866408e-21,0.6193774072096422,0.08442162623095642,0.09092243851169599,0.022316038152424278,1.0661440137991713,1.249475504725732,5.149917844478713,6.180103491019773,True
655,0.17327386370161318,6.973269336495821e-29,0.4197108706069335,0.03927919302876173,0.43024868745846334,0.17353846184480723,1.1269324938061842,1.6381189327112,11.1452651858297,2.2147573608972766,True
656,0.22526524731694447,1.8555300369038428e-10,0.4317386053983181,0.03674512141216336,0.24829397955097965,0.18589951886817213,0.8778247918874474,1.429719194586748,-13.423324096814937,5.406265080987703,True
657,0.09160363484016072,0.026027842593319386,0.5896524547895262,0.04615765028066002,0.15240830570858938,0.2230616885947156,0.985517127745023,1.3198976376265341,-2.802019543828782,4.114309450218929,True
658,3.367061647534374e-17,0.05492982571984233,0.7162808349797857,0.0604096609462815,0.0963982931598028,0.06031706183501856,0.9646347837077084,1.2557472120522237,-4.861569409047439,7.872075679038336,True
659,3.2948695254889556e-15,0.20666156973117578,2.158874344316982,0.0069643127800638515,0.13104987770171803,0.1623577658041737,0.9778745573595679,1.2954350070380187,-3.555778546130539,12.86660304790135,True
660,2.738038633241604e-17,0.21343506832149148,0.392090515258774,0.06004462540159217,0.08403258285397425,2.564860497278648e-23,0.9830239872676717,1.2415842875580259,-3.047908948051059,7.469473956465602,True
661,3.8376163222152074e-23,0.13841916769943824,0.4772170161966092,0.05977377708369792,0.15713323158543657,0.07996547751855858,1.034109614278934,1.3253092772961879,1.9904811884992712,6.476303082312096,True
662,1.6430673496506086e-20,5.2904601147923264e-21,0.7307339597612119,0.06184534974925707,0.09211885663274617,0.03227742935431105,1.043131404732984,1.2508458085006746,2.8802676645992564,5.7199098339659376,True
663,0.014017060667213735,0.09975854165849932,9.999999999999998,0.0019830210080765,0.20774661595168256,0.22976736913410417,1.0021759571568234,1.383278736667808,-1.1590196100825345,4.148702435736164,True
664,0.23130217097544875,9.735024854623333e-20,9.999999999999964,0.0010419877053172743,0.3514266446971628,0.4187541023499149,0.8489132667504322,1.547841009931419,-16.2747629770865,5.754577793472726,True
665,0.01390099203495001,8.374035565980603e-26,0.586508891423379,0.09295624243998207,0.08289076648808398,0.06729958324127921,1.0090788874665333,1.2402765212772064,-0.47820862624026184,6.033288553755323,True
666,1.9748861650436429e-22,0.2664185393310593,9.999999999995039,0.00115603012487988,0.057175136052115605,0.07681482828156055,0.9617071740635224,1.2108234188530258,-5.150308931647107,6.968246044621284,True
667,0.08535763847810558,0.12081350091824064,9.999999999999975,0.0012183087255632013,0.27184513321911413,0.2104759938548962,1.0008842535992915,1.4566932383661673,-1.2864156477621957,5.800289362240035,True
668,0.13184376302418613,9.328414083400411e-21,9.999999999999998,0.0020279143013533854,0.05600272406766976,0.2973757241799319,0.8876073615854926,1.209480610231351,-12.458504722749497,9.618561071782231,True
669,9.176276208655533e-26,0.12647572881110916,2.021095741375399,0.00961549747920374,0.17666482095093936,0.12870742975797764,1.001555945467011,1.3476795591962019,-1.220169114654679,9.775399811203627,True
670,0.07572343861594112,8.363413801734911e-26,0.4234398965753097,0.11356562308281076,0.10451731442293154,0.0275271501712647,1.0719105160036688,1.2650462399505464,5.71864704541678,6.101189655721633,True
671,0.08398170762023746,0.005614959804220067,0.8139606603785475,0.03474259119024654,0.18861086799684268,0.13281400829802362,0.9810236604428393,1.3613618271881598,-3.2451939288518417,6.328432786313411,True
672,0.1110616436130744,0.08944354788967217,9.999999999999998,0.00119297841612613,0.27846010593221093,0.2519582571147724,1.0230367419058692,1.4642696215054851,0.8984039407162303,5.96555155316779,True
673,1.9129594390996825e-14,0.14464748014376178,0.5191041108547063,0.050440129205464056,0.12214612701061207,1.6606723711205856e-25,1.0496793767167887,1.2852371982882977,3.5260703959689943,11.020587809286726,True
674,0.12739388081573796,8.014055069213044e-24,9.999999999999998,0.0017994752097708565,0.2818636257854178,0.07587393751117913,0.9912401157106988,1.4681678039392714,-2.2375819944667974,6.232221089649843,True
675,0.13874968282928826,0.0794176344044887,9.999999999999998,0.001196521575391303,0.25683649673047987,0.24860131567769445,0.9716443405667041,1.43950326867642,-4.170242235316824,4.132857768819969,True
676,3.124090525904055e-17,0.20574174600674072,0.5736755170160591,0.033537112854983044,0.16383226669505266,0.09125065329157676,0.9860666949808051,1.3329819403373682,-2.7478177202997167,5.248508799372606,True
677,2.975272556262751e-28,0.12395602436884207,0.4995400238514402,0.06762650228822846,0.10705457700364213,1.7591956045376446e-15,1.0141846496418003,1.2679522645511407,0.025354181705039558,5.364088809612557,True
678,1.6949803793672765e-19,0.13661261620348417,0.8432096809498985,0.027094958177483676,0.13171918409820696,0.08498992941112715,1.0162839481486987,1.2962015894439232,0.23240038059968438,5.807357475554996,True
679,2.3545045123611765e-16,0.07932402517088265,1.0023255281263272,0.02621250769024793,0.11787568634752608,0.11886370636091514,1.0168072439856592,1.2803460980463868,0.2840111513328747,5.506806508771858,True
680,1.7288570015988822e-17,0.19579306185547918,1.4632831200989678,0.01126078891397934,0.17072684102937954,0.023053603019242037,1.0130603919240768,1.3408785619872123,-0.08552728001550713,4.833359610654145,True
681,0.1802857969427246,3.974580218786536e-24,9.999999999999998,0.0016182865484518473,0.264178173155563,0.29186412684485086,0.8835065455190506,1.4479119735787396,-12.862953340291439,6.751485366721548,True
682,1.3347902110823467e-28,0.011221476798053274,0.7393940012725174,0.059208449614180085,0.09038986160782943,0.04147095824350341,0.9811629178600814,1.2488655238762485,-3.2314594747886782,5.843977508680305,True
683,0.00753370676722847,0.0375364821137656,0.48829610087700537,0.12992943388357034,0.03752634542318175,0.00029246219042829087,1.0424806228969343,1.188318901829954,2.8160834120877443,5.793439831866525,True
684,0.09221887498393701,8.1185069840752e-19,0.41456862437575864,0.11366220508737897,0.015067382751320172,1.9052781064109933e-17,1.0352437980320983,1.1625957864833447,2.1023416190998123,9.08172812671289,True
685,0.2440911411150888,9.911895136897592e-22,0.8079474575183828,0.015465744602486512,0.2570621651188337,1.7197483213950382e-23,0.9221118992989671,1.4397617353771541,-9.055447294415064,7.857020407714013,True
686,1.8979423353145052e-19,0.14811434680355096,0.7810621621332698,0.031247890211053075,0.07141782647741587,0.07449390968002252,0.9581801204549979,1.2271361210026697,-5.498169438641687,8.256087662537615,True
687,0.07078633658700295,1.9668956307251356e-22,0.6212963115524616,0.06478811762452753,0.04352787756121505,0.10240551480006797,0.9837240875366368,1.1951926878412926,-2.9788605973481874,7.517310391340454,True
688,0.18483457884793375,0.0029999043546964357,9.999999999999998,0.0011463130394796111,0.34707112356564185,0.2535815886819628,1.0400199118409752,1.542852463750652,2.5733924040961753,8.58276033294548,True
689,5.627592442835288e-20,0.17240581861898452,0.7464339816020764,0.02670800581026557,0.20761236973797864,0.08880867736345312,1.0099139040344154,1.3831249793064193,-0.39585397023210733,6.558619718233451,True
690,5.559201637061373e-29,0.06019303394514835,0.5458412657185473,0.07648665620032093,0.06802123968055646,0.03634996214047239,1.0238849032938282,1.2232458792654655,0.9820550226605329,4.981493759677645,True
691,0.2076404684923158,1.8791249807933308e-32,0.2991582677502669,0.07271481092034006,0.18830925229968448,0.2508763089828722,0.9725049263215708,1.3610163751082174,-4.085365783119799,9.651639439295288,True
692,0.08169396309845961,1.6027410327591115e-22,0.89999756356981,0.03089901283411182,0.18685100652689235,0.09918128483178523,0.9930594379242524,1.3593461900348773,-2.058148842086094,4.564887078881655,True
693,0.15497866995326304,0.07076727331928405,9.999999999999998,0.0011734615671283085,0.3174788931388879,0.37900508288372325,0.8748284878664803,1.508959341982186,-13.718838696685054,6.618762336711702,True
694,0.18875596120237725,4.227605959336391e-15,0.6891611826868703,0.024321765274822403,0.1913618162700764,0.2687293415710475,0.9929263568260832,1.3645125942462306,-2.0712741481967445,6.221992182760766,True
695,0.14426714900548285,1.7037911154908134e-25,0.49433560035268986,0.0346276370640142,0.2822463576584109,0.1859745460405675,1.0930421587485766,1.4686061615010018,7.8027843381150985,7.486951238828126,True
696,0.1832623141270133,3.100315398715864e-33,9.999999999999998,0.0011095467763289728,0.4988668828581142,0.3033072069651217,1.0386123049027212,1.7167099959285952,2.434565236284869,8.702831648811546,True
697,7.596108634876475e-19,0.1507850485763968,1.260877983847983,0.015613637449677602,0.17788816458706722,0.13615250585348837,1.0173876772281323,1.3490807018010684,0.34125717717019555,5.914536359061579,True
698,4.789507906556344e-18,0.1243558139784115,0.721699467672169,0.04906862869989703,0.02000022926004997,0.13397966012349632,0.8990972756839847,1.1682455656643822,-11.325296161936683,7.8225227038096765,True
699,0.17025161648540757,8.423994055301703e-16,9.999999999999888,0.0016932271693963323,0.18999264505218746,0.35907320261497927,0.8214533214315402,1.3629444296928812,-18.98303780386733,5.301117002472146,True
700,0.08325603706583834,0.03873448952833022,0.4299770148082428,0.0840692733250965,0.10291732682764444,4.239026378442275e-47,1.0330118948745086,1.2632137125062457,1.8822171043814784,7.808224857419743,True
701,5.282945694021899e-22,0.12724726147497162,0.9866870211782933,0.0234072315617409,0.11068786397235078,0.09210438647708578,1.0031486144056532,1.2721136081157978,-1.063089952849039,5.701586960824632,True
702,1.2082562285887297e-20,0.15281298930283718,9.999999999999998,0.0018178772629839318,0.17877582825851734,0.2057395878410276,0.9346212224337427,1.3500973772078233,-7.821698117111642,6.160461179174561,True
703,0.1629615154469368,3.6267088361047685e-30,0.7206561496775558,0.03484673272161952,0.1226809986058746,0.09201451298994304,0.8445473433893954,1.285849807336257,-16.705358165716223,7.038631302238584,True
704,1.7626476975610718e-24,0.2320996850234952,0.45257902324114896,0.027595801792561596,0.09929104386502813,0.12920470748484456,1.0580674834284955,1.2590603908996476,4.353358942535679,10.87761762779386,True
705,0.15624466105032572,0.0029361334182445046,9.999999999964952,0.0014891387424456606,0.30822111242712746,0.20059959834601837,0.9919209943604025,1.4983560490081704,-2.1704294023669024,6.415058758047298,True
706,1.0212874878380999e-13,0.21552605962706498,9.999999999996044,0.0013829939086669187,0.15363338985827707,0.07969466904120506,0.9829255792721536,1.321300773708647,-3.05761457178485,4.244633825469074,True
707,0.15015679726440803,7.835528724927814e-15,9.999999999999996,0.0017358520281201926,0.2642881050482742,0.2506359730488338,0.8893437679920643,1.448037882811405,-12.287249255727728,5.943392847284536,True
708,0.02101554892505279,0.1415213687752227,0.5871730192209162,0.044019823010147,0.019959277019989535,0.04710943267648305,0.9701099744990802,1.168198661485851,-4.321571196381924,5.583689444366476,True
709,0.17495530466528425,3.378211094138435e-27,0.40290151265215657,0.07531392846874628,0.03184384252500133,0.27769040690343044,0.8483438490488402,1.181810512299993,-16.33092258007318,5.789413115691159,True
710,6.264580985147042e-21,0.11678334123728731,1.7935259915473099,0.01206781867148731,0.17201933508268394,0.13153971438637624,0.9834639582177611,1.3423589052294052,-3.0045162087427912,7.12942740176098,True
711,0.0315797649675633,0.07296110101516051,0.493509159391804,0.08516271351185335,0.10202264279306551,4.4703037444001e-29,0.9981255344983935,1.2621889964070878,-1.5584981085375649,5.958976135070366,True
712,0.07983171157126107,0.17555670000107057,9.999999999999998,0.001077595161334343,0.1503288706336996,1.1114557369166e-41,1.000060322593981,1.3175159805095653,-1.3676769749342843,6.226259146140098,True
713,2.891630707518664e-21,1.421323374797504e-20,0.5195594835202348,0.14618128147519377,0.05426356847887245,0.017795205328588467,1.0480224157452922,1.2074886883216012,3.362650344109852,14.253081952327568,True
714,1.8906588315028658e-34,0.2203963190014554,9.999999999999998,0.001528263513731377,0.11732234593829037,0.11616954951475734,0.9443530585053695,1.2797123359541356,-6.861882416640752,7.30126849362998,True
715,1.9137604607793532e-20,0.09723082662745368,0.6150368278472754,0.042059549468638685,0.2163181423533441,0.03857504795913286,1.0769175046432757,1.3930960361374174,6.212468177729669,7.4095188930614695,True
716,0.07233654414020055,0.081471847174922,9.999999999999986,0.0017891246241931392,0.10838648448881405,0.20975592979617227,0.9703001167457485,1.2694777495155471,-4.302818156119869,12.20576001903706,True
717,1.728669845411771e-15,0.22172201299127367,9.999999999999842,0.001316603059869127,0.16123433675049167,0.07059967970407229,1.0068736101736193,1.3300064310672948,-0.6957071284809491,7.0876612987757825,True
718,3.8054908486703474e-19,0.21797707653770304,0.9842760999988599,0.013415219124561428,0.15901572305074504,0.1643232119031612,1.0301195310744258,1.327465367308386,1.5969537515711174,6.032920153060889,True
719,0.213623230450317,7.994193727575062e-35,9.999999999994769,0.0010932565283622096,0.32940343222671875,0.16568891579053063,0.9389263571847246,1.5226169760810098,-7.397098288649417,5.377719863573265,True
720,0.24105629310272403,7.71955441392973e-20,9.999999999964457,0.0008995483709495338,0.5026610012395192,0.46689668461745615,0.969762872539056,1.7210555459074395,-4.35580460397772,7.154353041582773,True
721,4.846361221263172e-34,0.15710003645266962,9.999999999999892,0.001551850828007229,0.24444307964922737,0.2018250349278291,0.9951714934714734,1.4253086105447197,-1.8498444625662303,7.569935437905892,True
722,0.19872689911817965,0.031187764683368743,9.999999999999998,0.0009498632033998202,0.3671550247010584,0.5450023717496004,0.9554790210813471,1.5658553296026658,-5.764569074669346,8.90923243797135,True
723,0.05737731479837028,2.1943862753449184e-31,0.5832815132122005,0.06640956254728614,0.14803394567419587,0.10979926537997103,1.0069127463141458,1.3148875145243981,-0.6918472728630887,11.07642497062671,True
724,4.895002671724225e-19,0.18515161598004812,0.9049712167047745,0.022675790848660577,0.020178755771678304,0.06540447531582216,0.9435002605503887,1.1684500389572112,-6.945990786376499,4.227688009601675,True
725,1.9322726372787e-25,0.14252467814551487,0.8495259867831502,0.030912139011281623,0.0521337868115386,0.09346449252956232,0.9281274977935766,1.2050493673123295,-8.46215062969945,7.277339861229909,True
726,0.180961427161544,0.03172735885746956,9.999999999999998,0.0012249710894898097,0.23079425699079875,0.1588417956990008,0.9196841071501978,1.4096760880316452,-9.294891629966761,8.815356607027063,True
727,0.028231462692492475,0.24963824438021676,9.999999999079689,0.0011187798619259276,0.16185430476839252,0.11978985222887353,0.9339640016456309,1.3307165043270741,-7.886517420114981,9.919628523014206,True
728,2.920057375170616e-27,0.21285134425141913,9.99999999999883,0.0012696415840227995,0.175181646099456,0.08927338897766993,0.9735860762825703,1.3459808218884588,-3.9787358831201214,6.697409291030087,True
729,1.8686702757917004e-18,0.1620821071076574,0.8714948049798761,0.024711176984023826,0.12891786502871555,0.07469227978168343,1.0067477148879438,1.2929931307719886,-0.7081237239637828,4.713960477866492,True
730,8.550903446461061e-20,3.6750236167294454e-20,0.8437811769856338,0.05169891318974631,0.07095261624619052,0.056989903630063156,1.0113668709234125,1.2266032977991639,-0.2525531149711324,6.3994257197761115,True
731,8.403522918448718e-17,1.033911216155391e-16,0.6115605429231059,0.08511565645807627,0.11783631608518405,0.09031228502104992,1.020766324364163,1.2803010057678943,0.6744808919600276,10.288350406637052,True
732,0.0922186932858851,1.3953438585770728e-20,0.7252283670790396,0.047936655366448686,0.08384475462557715,0.18524329326057856,0.9514914026478059,1.2413691606505637,-6.157853420175197,4.914587781942487,True
733,9.163505581860347e-19,0.23854438122773564,9.999999999999963,0.0013306309150574718,0.02482660754370643,0.09506560676924701,0.9701350523193355,1.1737734026847628,-4.3190978619116915,9.372996815468403,True
734,3.756405339532875e-22,0.04697852469816018,0.6286788341699886,0.07312049657712096,0.09267194498896374,0.05486112347128852,0.9633421260690969,1.2514792819068918,-4.989059544284125,5.261638667850488,True
735,0.15118149917019583,0.11965822991099971,9.999999999716549,0.0009757788021999657,0.18898356455644166,0.22196669506723812,0.9116736137332493,1.3617886909187746,-10.08493754663833,3.381726129073008,True
736,3.016762921889837e-31,0.20851031061653563,9.999999999999996,0.0015207531177932549,0.12718853971210253,0.14692317909169123,0.9654510311957949,1.2910124678517558,-4.781065879315838,8.545644936760452,True
737,2.2450739971375684e-23,0.14183890778923602,4.523733795722773,0.004448096321812355,0.13020824961635624,0.20715240972355978,0.9454821509610779,1.2944710579618741,-6.750524122245338,8.04704562436312,True
738,0.23635966149841084,1.0197568958805872e-22,9.999999999999256,0.0009099186310391033,0.35889271664894506,0.3003588976930677,1.0024331316931319,1.5563921898237298,-1.1336554181773817,6.228393382054137,True
739,0.03884185347310029,0.15474810529647934,0.42461252237059954,0.04669257128328417,0.14763296433863224,0.14030149129805566,1.0404606356081785,1.3144282551499897,2.6168593910263827,8.163557556101523,True
740,0.02526257229786365,5.1670718653647324e-18,0.48097616735811943,0.12671145907622886,0.10449369347890416,1.3981255576898766e-19,1.0438893593772285,1.2650191859731796,2.955021982534345,4.725360288673165,True
741,0.14643378834769785,1.3802524641553966e-33,9.999999999999998,0.0017465806807084035,0.19759685296436313,0.11387866232484695,1.0042418248611213,1.3716538220233454,-0.955270570015776,5.814527677559461,True
742,0.2359698918811757,4.5906856368775004e-21,9.999999999999977,0.0009499177596811793,0.3708356618840669,0.42591075710863047,0.9766705900445387,1.5700709051922794,-3.6745214763765355,5.227340414613159,True
743,5.608511304708074e-20,0.06367436026616195,0.5980373056669454,0.06525599944555333,0.16743993268127957,0.01592620185886853,1.0389984388602256,1.33711393920355,2.4726482282475315,6.408087174717456,True
744,0.23395211260652812,3.891598350472947e-22,0.5303129504184716,0.02364355399246982,0.22990013845922572,0.20508785091310122,0.9033549243520353,1.40865201962487,-10.90537971363168,4.533850688622634,True
745,0.14190501335843184,0.011578218506875933,9.999999999999998,0.0017083884019228899,0.21667762266567583,0.2706585084287497,0.9414606439570076,1.393507762790783,-7.147150774569855,9.50303969959895,True
746,0.2572067361293606,9.63967708247404e-35,9.999999999999995,0.0008281935984519109,0.31258104580780294,0.5640491458724785,0.8704706748745853,1.503349648707909,-14.148633989017545,4.7241461119853,True
747,0.09845468084071733,1.8229385945594565e-19,0.42538948576202695,0.11012410244553768,0.14921961720967694,1.5469643660756657e-20,1.0228646262553875,1.3162455098207964,0.8814287982648716,10.086301276213872,True
748,0.138170963149508,7.38927324604552e-20,0.541128270440175,0.04803315796660451,0.0876272941405232,0.12170542897333625,0.9503801156755938,1.2457014489074905,-6.267455624302698,4.281051537283485,True
749,0.13878491797205184,1.6044663529096153e-15,0.4753921621272614,0.05950470340338724,0.09673562434994215,2.0993894199433642e-16,0.9843177787362425,1.2561335704624825,-2.920306987277188,5.378573353010393,True
750,0.1888772510484811,2.0549722532204524e-33,0.3897955529144574,0.060177911603097316,0.15951579022954324,0.18117936252800312,0.9305419411727964,1.32803811351707,-8.224022834880795,6.584426100372358,True
751,0.11544989162282737,7.104414779891686e-22,9.999999999999625,0.0017387381504022329,0.2651258814609638,0.2972091628616733,1.0052159722462093,1.4489974204184242,-0.8591939460469433,7.519413458102291,True
752,3.019310370099522e-26,0.15457237376170954,0.5068541673412841,0.051054644451479565,0.1843719161169123,0.10265339945762039,1.0144518821244273,1.3565067922629366,0.0517103523816953,9.452431520202726,True
753,0.1771583988669105,2.3220846665893487e-30,0.4412787412338484,0.045842240720140245,0.20762369420347312,0.2900741262383009,1.0028139034586308,1.3831379496531093,-1.0961012797669145,6.187014322067648,True
754,0.0011484499779510881,0.21212330875800847,9.999999999700464,0.001526563921274724,0.09774669557412725,0.15815110067854216,0.9331116033870874,1.2572915892945784,-7.970586369240551,7.367101764777354,True
755,0.13344905445917607,1.129031178456555e-33,6.33580389575282,0.0029440958107327907,0.22336414620130268,0.259666336226744,0.9162648982788728,1.401166095844172,-9.63211580161667,6.9338206502499355,True
756,1.3900135862461732e-14,0.15735462522565022,1.8344705615024968,0.01010189109309492,0.11682806138668024,0.15410795313185646,0.9582725063558923,1.279146212811189,-5.489057752262272,13.594046949967465,True
757,2.487920185130022e-21,0.22200680540781997,9.999999999999998,0.0012130543742483596,0.20027594521618197,0.17838966581128274,1.017015070917826,1.3747222896113025,0.30450836799438274,5.900067862972063,True
758,7.78392727237939e-78,0.20375327654247863,9.99999999999896,0.001635963395006108,0.05803609383046399,0.13259489595933893,0.9731855759145986,1.2118095069713681,-4.018235782049196,3.968874136627349,True
759,2.3720247507938183e-20,0.13450348161364048,9.999999999999998,0.00202907400284333,0.21091844391458242,0.0529657806681285,0.9430605018635901,1.386911553451973,-6.98936259092614,6.560141364655743,True
760,0.22290344036111137,5.128702158016854e-29,9.999999999999998,0.0011949892693900819,0.30767207221131865,0.35412691718176914,0.9032697388508389,1.4977272120931482,-10.913781250700227,10.55174557684598,True
761,1.4317593189426412e-19,0.21322301698598664,9.999999999999998,0.0013809048465487622,0.13973802899207977,0.15109972289860288,0.9733141152905527,1.3053858814864976,-4.0055584095306624,9.286970807947396,True
762,0.13103476380916546,3.0117465141568827e-21,0.5180041622144019,0.049547833900903546,0.19792513485844618,2.9382205075510647e-22,1.0594157168127913,1.3720298159261395,4.486330312030784,6.420473444854344,True
763,1.2541164273410779e-22,0.19306089781333172,9.999999999999998,0.001449659526310341,0.13664657052943469,0.09593108387831101,0.9841372987740202,1.301845114987807,-2.9381070714633917,8.064691304326157,True
764,0.11337057013480124,0.02970811641493046,0.5622845367821196,0.044039076351027044,0.25363722302379177,0.1003819380427682,1.0370658774479207,1.435839017224343,2.2820467043416226,11.668686474440245,True
765,0.18031887340179126,7.864671026625989e-22,0.33984678855431016,0.07088322472624459,0.1205946874935,1.1546213879596475e-24,1.0120535033922249,1.2834602748286064,-0.1848330445580415,6.265762439436181,True
766,0.19743082594430741,9.541228217124191e-18,9.999999999998641,0.0013514421016438687,0.1414491969464599,0.354780813121398,0.8284823509583934,1.3073457480801178,-18.289790111521086,6.616076058577925,True
767,2.217053219786275e-19,0.052840430441324054,0.8791112420484207,0.036558449457210505,0.07944731219449326,0.0768220832220932,1.0240921480586636,1.2363326003900772,1.0024948222692842,6.862192569528289,True
768,0.12150778012652821,0.04771862461919341,0.4767115646984262,0.05079761941931341,0.20136447041611483,0.0020855275675649067,1.0271332763748409,1.3759690194663123,1.3024302798263276,8.194474114219082,True
769,1.6736319173050771e-29,0.20957486263559688,0.6187358055473727,0.029686879841225363,0.12252349014367989,0.1105216470144242,1.010487597826867,1.2856694068253207,-0.3392726319106476,7.033431187360018,True
770,0.14246611277727247,1.0936596097027947e-17,9.999999999997419,0.0017738077592414079,0.21220712723437896,0.25558559413521936,0.9339414409977478,1.3883875321142425,-7.888742495002344,6.862144029539155,True
771,0.15151508499620614,0.019850048596228565,9.999999999999998,0.001432512912663482,0.3572562946173102,0.2614618485885987,0.9616415926362254,1.5545179326155723,-5.1567769899986455,3.5163143571448066,True
772,0.047015461692768705,5.543921759297644e-17,0.5524657154370226,0.10296819227789708,0.008255121847450956,2.8554830542014454e-20,0.9990550355902049,1.1547934415771408,-1.4668247865704531,4.28707583014422,True
773,0.060169055565833574,2.4621498902309438e-21,0.6212657919571262,0.057468261942769536,0.1920328638287465,0.0492956610462783,1.0281140267189939,1.3652811708722723,1.399158129702971,5.354968228186587,True
774,0.08564137197995247,0.13976982777136335,9.999999999075401,0.0012571380713000196,0.23342130776187459,0.21125644439048327,0.9549468831855941,1.412684950506422,-5.817051905596626,8.54054556602513,True
775,3.886019917367685e-21,0.212572197900476,9.999999999999963,0.0017383460112434454,0.07274713327016642,0.047827861002700735,0.9488418079899656,1.2286586272938347,-6.4191733328577865,2.0433562566637855,True
776,0.18455147962628832,2.398519144864261e-16,0.681840014865131,0.023803343026706645,0.36901924499281213,0.284313022359178,0.9366431754376846,1.5679904929357589,-7.622280224689904,10.03308178297289,True
777,6.17172751663355e-17,0.20946462372907038,9.999999999999998,0.0015933178873672861,0.14490630262650087,0.18584116778039841,0.9206699632802454,1.3113053044261698,-9.197660214942827,8.32644705585384,True
778,0.16474572761339917,1.5017801132842564e-32,0.6667947410859745,0.03003634526015886,0.15976583225655058,0.2962683048437197,0.8951019496844617,1.3283244962853296,-11.719340676724798,3.772596486486486,True
779,1.2202817614278697e-17,0.21009699738431065,0.9371902574575923,0.016664764206326566,0.15206043434798727,0.0825920437334984,1.0498776005448716,1.3194992071529057,3.5456204932991398,12.143139201734602,True
780,0.0382773716587007,0.018942905157766376,0.5123083725133596,0.08918474275435824,0.13475440307260517,0.03547505350378518,1.0093340282845396,1.29967794268968,-0.45304501259624264,6.112257551332269,True
781,1.3133352559939295e-17,0.017973855206770903,0.5808433341965157,0.092541188860323,0.0954493862213996,0.005910936545211202,1.0347790052227264,1.2546603923719755,2.056500789823845,5.01733798895288,True
782,1.1685510563261841e-23,0.12908054291194931,9.999999999999902,0.001932081903022815,0.14999463420148698,0.10667067139412416,0.9862612658278374,1.3171331666448085,-2.728627903243519,4.658363712369142,True
783,1.4976307005117945e-18,0.0964867695306513,0.4886598189336424,0.08336132963081715,0.044513276804488744,0.09108823421995155,1.0118449554751145,1.1963213035644464,-0.20540136934996678,5.137544269874135,True
784,7.863888082966418e-21,0.1809729870205479,1.059357396935295,0.016631569888971524,0.25648515140015166,0.082066500809424,0.9931302170994797,1.4391008593314039,-2.0511681487051625,3.296569393434844,True
785,4.1297638379041247e-19,0.07263838198845833,0.7083368097563459,0.04926967147239319,0.07948049586849125,0.07215568784195524,1.0016148851385185,1.236370606930555,-1.2143561085911747,7.446727861634318,True
786,0.1882922085000244,0.04815886614907715,8.553104240700154,0.001300632450638308,0.3799068565926337,0.27473304145707816,0.8871573008014302,1.5804604940272244,-12.502892585793013,3.4763220994183897,True
787,1.4672198890144787e-18,0.13719117437541728,0.3701284565302282,0.0882662102637429,0.1346373378704218,0.10286995209147458,1.0565649174376042,1.299543863402812,4.205166307719743,8.061833096591416,True
788,0.2816336339080813,1.1740108119620807e-33,9.999999999999998,0.0007228512963985376,0.37880520676790325,0.8636126641634583,0.6659900572123486,1.57919873203371,-34.31581578592496,7.613024997161699,True
789,0.11700799942848956,1.0124334465813631e-20,0.5805980884422739,0.05266847104150955,0.11770799345023344,6.3906810850879295e-24,0.9855464770994158,1.2801540329095018,-2.7991249234367355,8.485236566612883,True
790,1.6253414654928292e-29,0.18489607132010388,9.999999999986928,0.0016117036275038609,0.11563973668441206,0.1330888623388717,0.9559057124084367,1.2777851787406365,-5.7224860564206725,7.079301104740948,True
791,0.028452285704891674,1.881947675426087e-18,0.6425640027384997,0.07870543799036568,0.059137772065592314,8.330514527345888e-20,1.0154764604338633,1.213071301504406,0.1527607955376098,8.373866515765455,True
792,0.2207189936436437,1.6614346954796972e-26,9.999999999999998,0.0013003950991729884,0.27748089314761143,0.4356325875892445,0.8164219961154963,1.46314809137183,-19.479259174323303,6.224766580087357,True
793,0.17794097598176037,5.016855032680166e-32,0.6495570513951607,0.027750920017447726,0.1530388823417545,0.1290329461601073,1.0017406257976054,1.3206198613421514,-1.2019547633680405,7.520317345779005,True
794,0.05678530627297891,1.7136848628548645e-21,0.706455717325602,0.051369410728749176,0.11283971745983354,1.1217551924355043e-21,0.9945439533609677,1.274578208831167,-1.911736467970493,12.326466136843537,True
795,0.12077770954319879,1.4146371386254566e-33,0.46963882714725314,0.07876746165974192,0.09647198057204574,0.13300605607607227,0.8974946205871545,1.255831609084821,-11.483360222310868,3.813890290229711,True
796,6.698802277288784e-26,0.14153489070866038,0.6522421736276451,0.03315804909386158,0.206055418858373,0.049874676895561174,1.0414632987290569,1.381341743470898,2.715748418607533,5.123200062543284,True
797,1.3071912481851549e-21,0.19969998796527505,9.999999999999998,0.0012556866842307719,0.24742825237297375,0.09602288747309555,1.0568763799514518,1.4287276438912013,4.235884725981087,13.03901241254044,True
798,0.2691989644201564,1.529503965183878e-17,9.999999999999279,0.0008437648072345937,0.22713541432468617,0.5752234735877015,0.8036651626399444,1.4054854745420282,-20.737419398972524,6.016915677920665,True
799,0.10101929005224505,3.0855599739535586e-33,0.8221029273320762,0.032141328075695565,0.1346128288635627,0.2690655824379678,0.9711975066362235,1.2995157922928646,-4.214311845493346,9.279091929946782,True
800,0.17040443557860172,0.08416215207034101,9.999999999064867,0.0009859429170620527,0.34673160485751003,0.30019752355350904,0.9331415350981158,1.5424635998917458,-7.9676343131253935,8.402818717774917,True
801,0.21789481197915136,3.247789593609821e-33,9.999999999999973,0.0011946249425769768,0.3241852853865835,0.3928678341066791,0.9507048301359157,1.5166404314370971,-6.235430214617111,8.490182507988216,True
802,0.03109194735526531,0.17900772506145682,0.6580678977565525,0.02971374433283486,0.03516264360876247,0.05063776920453891,0.9692251429587918,1.1856116630627123,-4.408838922470803,6.264346390213202,True
803,0.044321785352029054,3.104664776943603e-20,0.6154948650138872,0.06965354157090478,0.007057343246883335,2.827144893833334e-20,0.9857456134213254,1.1534215795925842,-2.7794848301495034,4.616402117006993,True
804,4.83341515254923e-21,0.20107850918838896,9.999999999999988,0.0017458724798717286,0.1424763114306376,0.11618302033406444,0.9490347161684919,1.3085221418760689,-6.400147498766873,7.703225453202218,True
805,1.5170221890430777e-20,0.15985922020333296,9.999999999999952,0.0015845092951737513,0.23987140701273496,0.18370432487055904,1.0002046431966447,1.4200724977164647,-1.3534431572539973,5.113247439039524,True
806,0.21675303416198383,1.1552411052129132e-24,0.5407307972845435,0.025484489561104117,0.31776774130019936,0.2643662254443571,0.9302359824917374,1.5092901709113593,-8.254198430073146,3.206810900304164,True
807,0.23253815329537578,8.920648157544937e-26,9.999999999933038,0.0008882946695102877,0.5208072925086447,0.07557368873654852,1.0534348839762182,1.7418391925187633,3.896462458094052,5.475186364543344,True
808,0.03581479596021097,8.186157519329442e-17,0.512838241232184,0.08430093950010785,0.15244310508518366,0.09181830762056879,1.064540501440579,1.3199374946934521,4.991769235485677,6.34431173836063,True
809,8.182157727056013e-17,0.18056614225555875,9.999999999999998,0.0016055381644309325,0.12030073735232183,0.09778030207570544,1.0013484408272244,1.2831236024053,-1.240634544787489,9.573559231132291,True
810,0.07348334645825857,2.4452931956341901e-32,0.4512081955320323,0.10577545214274293,0.09224179013607718,0.028873869950699436,1.0347502643388236,1.250986608978967,2.0536661806696888,7.896428551286646,True
811,1.5864387869322414e-19,0.08758940211926554,0.47453087645547737,0.09579691404094075,0.03657009997076057,0.020751821733369633,1.0403546554748813,1.18722367706683,2.6064069548028534,6.165733059512664,True
812,0.1757487682408198,4.2119217217967756e-22,0.3159604761440097,0.1065987898260132,0.15225987117962206,4.7691028482426865e-22,1.0354111299356372,1.319727629840964,2.1188449579378377,4.9293059203053,True
813,0.19003887012389487,1.5917577159179567e-33,0.422604117833672,0.04393447435361855,0.2200602955100427,0.23244943185545466,0.9838860691052235,1.397382068342059,-2.962884942644173,9.576801554599857,True
814,0.046752656818435274,1.4417475192540838e-18,0.4865812181420876,0.0885820030089947,0.14861606672113295,3.465370928495392e-16,1.0817585288022356,1.3155542401899967,6.68992083516553,5.169336245944128,True
815,1.499008967955525e-16,0.18198739143137546,9.999999999999998,0.0015316472182936055,0.10089912887433407,0.24495935918665523,0.9903959464507445,1.2609021926242374,-2.32083934730295,6.9644920400532895,True
816,1.524620047805e-19,0.19080246833568323,0.5923277226109254,0.037894671653082246,0.14736024104134246,1.7633398355200355e-24,0.9978417699871432,1.3141158946489109,-1.586484773246033,3.947790311965008,True
817,2.414815446581512e-27,0.18092887747720846,9.999999999999481,0.0015799194721797666,0.2553379469813429,0.1494423936949121,0.9816818843611609,1.437786921905962,-3.1802756907536422,8.59470804584081,True
818,0.13691168454593028,9.647711430351701e-39,9.999999999999998,0.0017714842154256114,0.14836988139273907,0.34109241537776314,0.9160334808567239,1.315272274647267,-9.654939662757178,4.594123472708623,True
819,0.04603235213339684,0.11367213263459136,9.999999999904544,0.0016584675735183696,0.2737621823960748,0.10616158584620466,0.9972897907405421,1.4588889086571137,-1.6409244846553261,6.858779031420717,True
820,7.429757452693104e-34,0.21208089484779344,3.0129565195969277,0.004956870176250203,0.1310705485966807,0.08993332571718103,1.0070221951971492,1.2954586822105196,-0.6810527264350164,5.802893128503547,True
821,0.13065349740661725,0.04794821290605094,9.999999999999998,0.001463550288046776,0.25106575209564597,0.3445945964528655,0.9392852316750563,1.4328938124853003,-7.3617037990809875,3.262107379239035,True
822,0.08145016788485726,0.14509098884852817,9.999999999999538,0.0014268603187598723,0.1208480357580742,0.09486713064627905,0.9135782264020785,1.283750444358149,-9.897092505948846,2.933302675831008,True
823,0.07867596210251779,0.13455911494450515,9.999999999902453,0.0013842400856330919,0.26963860133675976,0.2131043181926409,0.9748045611768198,1.4541660123782598,-3.858561136681782,7.375348133096801,True
824,0.008875208263936063,0.222853776102608,9.999999999084944,0.0013102435311080876,0.16452709623186762,0.036338515240741456,0.9891588259296675,1.3337777553793566,-2.4428520580355384,3.0812460874468846,True
825,6.191359183044493e-15,0.1398726526388188,9.999999999999998,0.0018579339555078326,0.1853409055874031,0.16366701242496276,0.9698829975026757,1.3576166132410137,-4.3439571144339055,6.663296607990788,True
826,5.686656219546725e-20,0.10104537980963317,0.5643864734164639,0.05473192357056712,0.20070229270644238,0.10401033055047504,1.0377902475108007,1.3752106018201047,2.3534886968070046,7.014010420779075,True
827,0.11778984336361058,0.04886055809076113,1.5431726396452943,0.011254009365459134,0.19309800020254939,0.1695929840691535,0.9597492767685709,1.3665011126034872,-5.34340924178106,9.673193081480985,True
828,1.168776611118583e-22,0.01022012467832896,0.5799735223637464,0.0852083277539983,0.09762789381918609,0.02745614120871662,1.0755667652921672,1.2571555210669232,6.079249653815388,8.263805939174258,True
829,3.265577220406553e-19,0.11550373899922937,1.3426662533804172,0.018049878325109698,0.05787303975540953,0.18456227163646974,0.9635220965696297,1.2116227548563376,-4.97130970645685,6.641816192065588,True
830,9.610933898746628e-21,0.16699149201204258,9.99999999999988,0.0013942864464881045,0.23969136441806396,0.09044624780424315,1.08422707684611,1.4198662879953086,6.933384776855345,7.169584442602726,True
831,7.506543021919278e-20,0.23891648872639504,1.174436105501932,0.010667505224728126,0.1417121870223061,0.05616690473889282,1.0314022949275374,1.3076469607476326,1.723468098622516,11.538971942603464,True
832,0.13340205893699536,2.8417895665592224e-28,0.6761914013925688,0.034961732063197644,0.1232195466297489,1.101935933410034e-27,1.0334253360898737,1.2864666271395673,1.9229933121606146,4.558207713102275,True
833,0.12065765052888892,2.520743558694085e-20,0.9908926143237795,0.022022087110240302,0.22194567464307316,0.13318302797019715,0.9912602407976855,1.3995414657113683,-2.235597130118383,9.885893628141933,True
834,7.007957077763051e-19,0.19540526247251555,2.3817202172726324,0.007100136531337837,0.11852328596991628,0.06608298803003701,0.9516445475053887,1.2810878188475008,-6.142749298232264,6.490927977663625,True
835,0.04652357750293929,0.01785236860843146,0.5170169097097485,0.08446763351146622,1.6888504190267844e-21,0.09777411264316217,1.0383283292981915,1.1453385324353067,2.4065577522117465,7.749874347153865,True
836,0.17480419824000723,6.708259550666885e-34,0.43127631762435525,0.05150904442334436,0.17846646774133876,0.21654667044588258,0.9778740123488222,1.3497430546870848,-3.5558322985639657,3.7575403718201112,True
837,2.937870454815776e-19,1.3079496948088751e-17,0.6381391247197181,0.09247948624252682,0.0598432181018617,0.05572928782139381,0.9847762387475434,1.213879276032299,-2.875090738909869,6.741393383398074,True
838,2.3713103390999833e-22,0.25916162941921506,9.999999999999998,0.001145694078095347,0.20578279363723692,0.02532975276675256,1.0292983244131328,1.3810294953002173,1.515961116569975,2.7710142483020617,True
839,5.183841205978041e-30,0.13060292859633024,0.4488387035121579,0.08673381768965596,0.022486087997462486,0.01596128473108761,1.0049462077465339,1.1710927154625315,-0.8857998403830614,8.306392496783937,True
840,0.10985647401804628,2.5594517284435197e-11,0.48629516797405714,0.07971119828876803,0.028983411337945117,0.07895417869423103,0.9101103030828315,1.1785343502420775,-10.239121206940528,8.731998910237724,True
841,0.2086251839843934,5.344104946999849e-36,9.999999999995532,0.0011610269571094788,0.3065841962166036,0.5276075760512611,0.8933194224755132,1.4964812257978897,-11.89514487123372,3.69519036949731,True
842,3.478760657249768e-33,0.22633283333825582,9.9999999999999,0.0013533208388476045,0.11507342325438022,0.08206102329139044,0.9646603175341172,1.2771365581477854,-4.859051100343937,7.1363216493789725,True
843,7.272875510483816e-23,0.04900350689781299,0.5164816086998192,0.08214168381835026,0.1590337412149707,0.028867942247845214,1.066721965293365,1.3274860042061576,5.206919104482988,4.217553140280325,True
844,6.590740153332314e-19,0.13954430568703383,0.594652894469858,0.04017847266292426,0.10817860900184466,0.08914078628878648,1.0213942970824577,1.2692396617103723,0.7364155639017378,4.284392278242541,True
845,0.2674827369356819,3.25207104120551e-36,9.999999999999998,0.0007024235345077796,0.6274213800942864,0.8024685611010728,0.6304769520553003,1.8639484151310313,-37.818344563776705,3.5203442056444207,True
846,1.0540060137702336e-21,0.19698320875420114,9.999999999999998,0.0015447315154275374,0.24755687370354912,0.1856499683366161,0.9644065031009809,1.4288749588572023,-4.884083897458202,3.6662663041602324,True
847,0.04773912526275884,0.03499068638839361,0.8873936839270326,0.032615613897473944,0.07148031072653734,0.14541807283406274,0.9846744507400401,1.2272076866208588,-2.885129720968571,5.46979088648782,True
848,0.08458154406573577,2.3232429768295316e-26,0.554373534043718,0.06691126896102355,0.12812671899485512,0.10033466361082499,0.9830607088154666,1.292087000734625,-3.0442872349581096,9.700087990232097,True
849,0.016187918158387778,1.0747725370592696e-17,0.5721701643135922,0.10923485352781956,1.0564865642661146e-20,0.05976516795077414,0.9842478798041324,1.1453385324353067,-2.9272008654715576,3.942335472946941,True
850,0.25474297896764825,2.8458273988187885e-35,9.999999999999996,0.0010452093501236953,0.26927235081615963,0.46603580997578986,0.8088046570486288,1.453746531544492,-20.23052970317095,5.268780969865877,True
851,6.284729161624978e-16,0.1532889454361191,9.999999999999998,0.0018572550932708083,0.025316024565229706,0.11682097554180511,0.9404339627981234,1.1743339508579431,-7.2484086141411215,4.161420396043669,True
852,0.2506330275633501,4.3405484286504473e-23,0.5869798598396642,0.014956414160401369,0.6613405455792126,0.20077247995159836,0.9105048400335766,1.902797342348967,-10.200209458226928,6.73107164959765,True
853,1.807424444844575e-17,0.11354146409794852,1.6456360180193863,0.013630343567350255,0.13314284838463467,0.14316768016481,0.9701309043693457,1.2978321670084207,-4.319506959177167,3.8713187054802383,True
854,6.3367380590154496e-21,0.2415469023121663,1.1788010300981833,0.012755583449636159,0.18273479824675146,0.11984086185367596,0.9312059506997712,1.3546317380841029,-8.158533983181904,4.104251771025362,True
855,0.11321790073026142,0.11153167967313854,9.999999999084197,0.0012867919897433578,0.08503302915529032,0.2090679688981104,0.9463891386339035,1.2427301372565556,-6.661071217150727,6.459785007544677,True
856,1.4637377527263778e-23,0.2293588453193351,0.3137812760236786,0.05329395236480679,0.19153535344373437,0.09053619675158615,1.016119242826955,1.364711353058031,0.21615609199912011,5.8073595214424225,True
857,0.1737169313926249,8.395374966638227e-20,0.7378534214470652,0.020522172070065795,0.3218902041968971,0.19550279826820655,1.0828570657442873,1.514011786515482,6.798265550054716,4.251928639807305,True
858,0.20529343913415102,7.879749726317688e-26,9.999999999999998,0.0012340460511323877,0.3184016605611513,0.3889655861417036,0.9057825826338437,1.5100162230673804,-10.665948580892891,8.916441610924405,True
859,1.894538874584075e-26,0.22613653770585945,9.999999999999702,0.0014380917406566298,0.15721417233974175,0.19841100100339815,0.9459599050194165,1.325401981860938,-6.7034049719861155,10.602771052276957,True
860,2.167490761142948e-18,0.17203559602097823,9.999999999999998,0.0016854021659225055,0.12918085190788695,0.0628958746461016,0.9868337785788575,1.2932943397782286,-2.672163046755538,6.600053504569072,True
861,0.10599437856487649,2.5235517994560578e-20,0.40397731382322927,0.10400176949561013,0.12959760442978893,0.03194325997102206,1.0060266058001142,1.2937716625000524,-0.7792440982854476,9.787308264736978,True
862,0.10565242767968616,0.06815443472577645,0.7227321523241637,0.029991865402719753,0.17656330696169142,0.14274615711186123,0.958600900862254,1.347563291312735,-5.456669392980995,3.4757142002385435,True
863,0.11840175482272508,0.10179252546197465,9.999999999327628,0.0013580537977330453,0.26462120940407935,0.11935545985296964,0.9346442986595843,1.448419400065431,-7.819422192639902,5.080077243618668,True
864,1.8587851739130803e-23,0.21206564224571076,9.999999999999998,0.001413747073744454,0.09679893406057948,0.080039379542803,0.9892317255839536,1.2562060815135527,-2.435662229494695,10.119349501817123,True
865,7.2057928617576205e-34,0.18930986272635086,7.280323370046934,0.002331733330748813,0.1392919715498432,0.12383221620567737,0.9485149893627232,1.3048749947102247,-6.451406268896265,6.902503646529195,True
866,0.05829899981762681,2.562085079209726e-18,0.5413287639135027,0.09549843888954658,0.06013601697386189,0.05030638921830903,1.024822880507619,1.2142146298626544,1.0745643138008854,4.254993442795436,True
867,0.06986456300714426,0.11405955894580437,0.7982907859783831,0.02580874873442695,0.04976127144575879,0.08436343857310187,0.9390759060845352,1.202332034045107,-7.382348822981289,5.017772533112677,True
868,0.15808589101871215,8.79622890250077e-21,9.999999999999961,0.0015572778723578265,0.2526134627274802,0.25465250706193476,0.9602515701083203,1.4346664651089998,-5.2938698711848975,3.340082488326349,True
869,0.048683407714645716,1.979538377553098e-19,0.486407116428906,0.10552702420800139,0.13529629653043673,3.6201767548753333e-22,1.102226838765976,1.3002985941474092,8.708636021149818,6.24083843727933,True
870,6.86333726220268e-22,0.03462173545873719,0.6146988099659932,0.08937412059795133,0.04514056624504776,0.09687572104830731,0.9828586171210134,1.1970397623317084,-3.0642188059220254,4.570194778898206,True
871,1.18850847586965e-23,0.02449731541263345,0.6010311561201719,0.0920150155720847,0.008601487898852579,0.02230735701274194,1.0321386583604204,1.1551901479621385,1.7960929536788184,5.655796125823536,True
872,3.708684377740656e-20,0.19180959727876176,0.5365787752854969,0.0382237709864645,0.13716540072919595,1.4063758666063217e-20,1.0080982647915957,1.3024393512073849,-0.5749238845651483,6.192036886833073,True
873,3.326481254757102e-32,0.17923699269239676,9.999999999999998,0.0015417248037570025,0.19981878096912198,0.15305280956631417,0.9931726028677276,1.3741986817834928,-2.0469877940895054,10.16137690374396,True
874,0.16424691857376725,8.117810469169128e-21,9.999999999940826,0.001411182239453956,0.3972819213651693,0.13479258562836124,0.9893335529792697,1.6003608252147685,-2.425619362758835,6.057002410049753,True
875,0.061393054506447435,0.09920107602391079,0.64507005593866,0.036551410085681656,0.16276449221189504,0.047438274147366524,0.9767270463986053,1.3317589770778564,-3.6689533909067817,12.35241574315688,True
876,4.859840530006126e-16,0.1352238960923451,2.716238476444552,0.007797769084284498,0.1588803626075414,0.06418963945220027,0.9891896353085669,1.3273103337770176,-2.439813440721017,2.276123905182232,True
877,0.1303013374664204,2.1107149348530433e-24,0.4757567773853721,0.05532447022175318,0.1613699151971415,0.27648817307357787,0.9645013203261308,1.3301617142864106,-4.874732418384353,5.301499668855274,True
878,0.03453911311837605,0.1553041966034862,9.999999999999224,0.0016421977119902406,0.12233584824144321,0.052570018487547124,0.9629596507562613,1.2854544933243897,-5.026781697390714,10.900293378969478,True
879,0.10644131538384546,3.92521287655173e-24,0.4150242579146572,0.09792795529945796,0.07289582866207561,0.14181739476757846,1.0068889877783558,1.2288289338557838,-0.6941904910907404,4.930327797655386,True
880,2.3205139466423875e-17,0.18927692880508185,1.8411148917225457,0.009062528868660847,0.22421201337192168,0.10288164792903086,1.0040169141681923,1.4021371907850688,-0.9774526960491747,3.964681717359164,True
881,2.1979991684578952e-17,0.2466866500812993,9.999999999999337,0.001170929130684834,0.04773366418581993,0.09880680376321331,1.0088099122354681,1.2000097373216534,-0.5047366778755391,7.201762190238652,True
882,0.004065211033788566,0.05406828311311874,0.5467545071906703,0.07493096631345325,0.09063163971124226,5.996780393028818e-31,1.0586722308829764,1.2491424416543864,4.413002990930903,6.141649241355794,True
883,3.3151516256675025e-22,0.17430223712506385,9.999999999999998,0.0016870250524590805,0.11504594974742953,0.0996443386473919,0.9804033440901536,1.2771050916816535,-3.306373481218372,5.674772983458573,True
884,0.05253017635297177,0.1323965958200689,9.99999999904783,0.001708341064578975,0.05704079323853263,0.14824332293720305,0.9122415491102227,1.2106695508520735,-10.028924139953311,6.259186233225292,True
885,1.9398259186825807e-22,0.13747429274077066,0.8374015609693898,0.02767824383508324,0.16390596191905538,0.10293492241771716,0.9906679127373351,1.3330663463170747,-2.2940162987078794,4.2583823982009985,True
886,0.021981346436441805,0.18626503453302995,9.999999999898657,0.0012950320114434482,0.18070290119062193,0.11503208628363017,0.9917258581927624,1.3523045280917758,-2.1896749749445887,5.372218185028726,True
887,9.375909056760705e-18,0.07830007293697723,0.8697434618082646,0.03475255440551998,0.07282085261177239,0.1712078482946816,0.9821113718636547,1.2287430608963619,-3.137916895864823,5.063843588251531,True
888,0.2604023950084372,5.487059192903501e-35,9.999999999999998,0.0005299086240129225,0.7237351079803361,0.6867486944919216,1.0367871706902623,1.9742602388814132,2.254558867528611,8.778222413107985,True
889,2.8435753852807114e-24,0.16961834663725026,9.999999999999996,0.0016897174647780109,0.1456356816346728,0.09767099281078431,0.9684178896547664,1.3121406903089785,-4.488455388444745,9.384095105053655,True
890,0.05980273690334166,3.8072479517471724e-22,0.4616952601401029,0.12228386071200222,0.10043286084194207,0.0355208597618113,1.0563193549060363,1.2603681578802959,4.180947365732712,4.459420745612335,True
891,0.07726538631570995,3.318644973481425e-23,1.08083108768783,0.021452371459580035,0.18323850533251781,0.15893698289257951,1.021770493043098,1.3552086532184917,0.7735184072725776,4.751155804437447,True
892,0.22058763511332355,1.9320662884352653e-32,9.999999999999998,0.0013784258131173768,0.21238372064133026,0.283692176478791,0.8325409477003995,1.388589791347798,-17.88950543284521,3.618558351920495,True
893,0.22227090368284624,1.626467567794652e-36,9.999999999999998,0.0011103880388459865,0.1971357210419157,0.4090206243272169,0.9293595232853111,1.3711256698640306,-8.340640423234424,4.352669953456694,True
894,1.8586480682699717e-24,0.04910389231088359,0.7041231005501468,0.050200783940640425,0.14394588918870269,0.084514278992621,1.035566399965065,1.3102053059087906,2.134158677873166,5.7853799390537475,True
895,3.9516468150840366e-24,0.20485910849626227,9.999999999999998,0.00136082156744094,0.19936629069028416,0.15495469056438252,1.0133687733007655,1.3736804272315877,-0.05511274313879655,5.205012407786918,True
896,2.3749438878173276e-19,0.0013232748532644731,0.6222201848704885,0.08229638043282267,0.08230016758368666,2.0117156726457393e-25,1.0530207577102382,1.2396000855947862,3.855618686257012,8.22340706319478,True
897,0.021906723714103717,3.670847725045217e-21,0.5730219520112437,0.10154231274006427,0.1030228054201095,7.243355730945777e-22,1.0548880119976365,1.263334521202543,4.039779205261396,4.018330007778324,True
898,0.21316588762772415,1.6266466882326064e-33,9.999999999999789,0.0010885482711913434,0.1932766659101029,0.34031549742253925,0.9380997718767107,1.366705745322773,-7.478621400071672,6.9045456186014125,True
899,0.18182064351116947,1.4806691033689155e-20,9.999999999999812,0.0013061811811524012,0.42362367877841484,0.30499348049023095,0.984387088290821,1.6305310549922223,-2.9134712372514415,5.468168732547549,True
900,4.932263832669911e-18,0.08503091435014307,1.040307030392173,0.021455337193131644,0.26420724353512237,0.1966841963845008,1.0399742936294312,1.4479452690046015,2.5688932453202806,6.36440463551727,True
901,0.03344057847270644,2.535120529443532e-20,0.5332915654827703,0.10300535922372288,0.0654235773598415,1.4339815830740136e-21,1.0216181567611582,1.2202706765152953,0.7584940322131306,4.771559281335243,True
902,1.6463738866321124e-28,0.03433935161760518,0.7734048329729352,0.05062216297937764,0.15306540844120922,0.07303288511511143,1.0152648468495058,1.320650242705972,0.13189011510235105,5.247303797513847,True
903,2.3656542749911436e-21,0.16231352344486566,0.5722368103056044,0.04640750027105096,0.15290298343463435,0.0939789337254591,0.996378000738365,1.3204642110873108,-1.730851026078839,8.286781548091222,True
904,0.019228628504384872,0.1617018497029056,9.999999999999307,0.0015735751651774071,0.17789295462479046,0.09172314854067912,0.9876142602399249,1.349086188015845,-2.5951869708425668,1.5657920160212313,True
905,0.014962732991489995,0.1857604638972482,0.6580289303846997,0.02864541459061233,0.10669574138746414,0.09010014056662854,0.9497536195800858,1.2675412762931217,-6.329244662293743,4.202632388479446,True
906,1.4710689917491924e-18,0.13114850461571942,0.49075140041415827,0.07152068457585967,0.10549582676470065,0.05981289216687128,0.9993984713923332,1.2661669678400382,-1.432952958833078,5.981134526982384,True
907,3.744200905834826e-15,0.24018846749388476,9.999999999999998,0.0012172186726711661,0.12440493523285524,0.17942874822196686,0.9663985837650018,1.2878242983826147,-4.687612205594604,7.539283856911272,True
908,0.1773409750037539,6.824817478311106e-14,9.999999999999998,0.001554820189514783,0.22927825583582515,0.25261718840250885,0.8826131603166479,1.4079397534936373,-12.951064683055879,4.1956818124903945,True
909,1.856827386529778e-22,0.15763970512874106,0.8573123671865424,0.024021319234438464,0.1335320203918533,0.08823074505528868,1.0074275485735358,1.2982779007040335,-0.6410741928847941,6.162235339803041,True
910,2.0037107893106446e-24,0.06737454810475872,0.6700687421953694,0.056118602447342535,0.12798149690833457,0.023815359343966978,1.006546092492565,1.2919206722831724,-0.7280090096618452,6.537594404916537,True
911,0.17972603294429795,4.380606538407521e-18,9.999999999999996,0.0013685346357948706,0.26997275922774466,0.3820351853573921,0.9914680024339213,1.4545487362867222,-2.2151063533577653,9.188822322139961,True
912,0.10257212112195724,1.7996310941737583e-22,0.4406810260594197,0.08389736242350423,0.12834293699070268,0.06557515994251173,1.0269058375629647,1.2923346435366752,1.2799988145891117,6.229570786034158,True
913,0.005150065562623515,0.14430708206333281,0.44467892704350137,0.07502460131060137,0.07642951007487367,0.0911130159828762,1.0122080307002768,1.232876195339212,-0.16959257653863524,9.396234438693558,True
914,6.175562100295466e-53,0.17807704507198366,9.99999999999947,0.0016065101261294931,0.1446584588519351,0.07698000884278987,0.9764975306741656,1.3110214394011352,-3.6915896944985094,10.647869331940703,True
915,0.09257723440638273,0.13545624126027994,9.999999999986644,0.0014481327925037432,0.04287223271602618,0.12420677332009859,0.935324949325651,1.1944417525365052,-7.752292085739365,4.158777207395632,True
916,3.1826828342081155e-19,0.1492257613655526,1.2500786038720435,0.015604819681150697,0.19793245586370878,0.11839912944793082,1.0277111058250703,1.372038200955563,1.3594195030769862,5.505715856527833,True
917,0.024144634098572,0.18917215200254772,9.999999999999927,0.0013211044783050724,0.18380657354595314,4.0186610433152785e-42,1.016404820132093,1.3558592836323908,0.24432154599487443,5.630289166630991,True
918,7.979891662616131e-25,0.16722086291701926,0.3983364580791181,0.07136585710480244,0.1255220952675889,0.0005312657015721397,1.0503319918152128,1.2891038248172917,3.5904354565003738,8.24821159362465,True
919,0.13249068438533076,9.885559663182287e-22,0.7689934781472496,0.02878498893306519,0.1958528350106374,0.14475364896934148,1.0059075364138699,1.3696563310596845,-0.7909874800606342,3.2707309428665554,True
920,0.05420390840200502,0.03409964309760363,0.7146598064823224,0.04580212287200384,0.08195983258266408,0.07897444062134834,1.0292816079758123,1.2392102868041786,1.5143124349770831,5.24366777930401,True
921,3.881285255401399e-16,0.08911620996283817,1.3233348649623702,0.01836860910954909,0.18537360563256286,0.06999099235409366,1.0238629534253956,1.3576540658627474,0.9798901867354326,5.0482666522530115,True
922,1.427369152034979e-17,0.15193308012725895,9.999999999999998,0.0018071935652821983,0.20427635346968037,0.09886608477835722,0.9520955782990328,1.3793041113295064,-6.098265766661326,3.530009064936336,True
923,1.2934307625599333e-32,0.15343764762363443,9.999999999999998,0.0017416150238733026,0.18808908183833195,0.15231983954379172,1.0058214408157207,1.3607642053951259,-0.799478776691287,13.977236931450385,True
924,5.645450189184498e-35,0.17551458048987356,9.999999999999977,0.0015732803451381364,0.1823487369451341,0.022029100565453447,1.0250105477808693,1.3541895671994781,1.0930732564099044,5.29288696365583,True
925,0.24328242719936308,1.0562706316990543e-33,9.999999997173369,0.0010300088060117047,0.2914307128083309,0.36295240668864187,0.856981064172715,1.4791253573497758,-15.479065374174539,5.262378669325777,True
926,1.6070178541090885e-24,0.19767922843701777,0.8409865886536356,0.023546229067739344,0.10163325701083373,0.052734640901514994,0.9739195842462324,1.2617430178667155,-3.945843202088617,10.443491831925186,True
927,0.0815999496888742,1.9693776758337114e-23,0.8306626428914615,0.03912939592823189,0.09291787960049311,0.08161339702300428,0.9643170324965924,1.251760960293936,-4.892908058715206,6.55310818554701,True
928,1.2143594681948223e-22,0.10537985516211369,0.6287378505347349,0.04791164804731779,0.16112763031081376,0.15581994596796395,1.0131858289576432,1.3298842160702729,-0.07315588027639874,4.541610528956,True
929,0.05614290772695365,6.627233312820935e-27,0.5393332397135528,0.08290053782304728,0.13206254899100883,1.986465992716471e-20,1.044046441682958,1.2965948584863345,2.9705144407093265,2.1323145865397355,True
930,0.05200100627191829,0.1332706513086219,9.999999999997904,0.001388872130512608,0.17880028326018688,0.21823599546515424,1.0040495233280642,1.3501253864635463,-0.9742365728639957,11.317863540897728,True
931,0.06295746247398083,5.2738465739663225e-21,0.5547530394834014,0.08912304401974182,0.00579533134142294,0.03771438065717051,0.9630603203659903,1.1519761487288684,-5.016853018848755,3.617206048676286,True
932,4.173205487890395e-20,0.2527190540232134,9.999999999994975,0.001043198528281806,0.1616446154943457,0.05899380559067777,1.0386464653885599,1.3304763391216698,2.4379343611244497,8.4890024702093,True
933,0.1486434032518335,0.008396603583025668,9.999999999999998,0.00159988294057243,0.29900583643573414,0.17482271758490248,0.9647358082252949,1.4878014383282019,-4.851605727230535,4.840092199487866,True
934,7.725479195601917e-24,0.14288589336460128,0.6602051207990481,0.04099629841586849,0.148006187871948,0.05741230220415391,0.9896530919928562,1.314855722443908,-2.394104388616658,4.681422353276022,True
935,0.2332254724102766,0.03436717360575469,9.999999999999996,0.0009854436280617503,0.3261125674458822,0.23726362490615963,0.7904594857262736,1.5188478218424835,-22.03984742424939,4.8446531105810475,True
936,5.122047509645795e-22,0.24894500106493894,9.999999999999998,0.0010151335456259198,0.20119978942910846,0.12665187813884302,1.0404327033249021,1.3757804039863344,2.6141045312197297,7.14378081587521,True
937,2.6061491181854055e-18,9.267885407134108e-20,0.8104570035698658,0.05963039536694279,0.09391172786636133,0.03127104587842926,1.0036387379220588,1.2528992530082288,-1.0147508477969525,9.230172408038829,True
938,0.10726616044755374,8.930109038550411e-29,0.7282298610142979,0.03528918174273798,0.20286168992793063,0.16952110187575092,0.9847808922867025,1.3776838426647091,-2.874631777218073,5.405744454197661,True
939,0.1055096101572163,0.04495460045242821,9.999999999999826,0.0016592982651027085,0.20745840000523294,0.36076944988325116,0.9659559616042198,1.382948631838677,-4.731266424199198,5.8572525796616395,True
940,0.04932834421410836,0.12694378795606287,9.999999999999998,0.0017698752972506243,0.201709269870676,0.16592226358629344,0.9544072375607795,1.376363931567584,-5.8702751966154265,4.526823255917432,True
941,0.24297344870071438,4.044350888218173e-34,9.999999999999996,0.0008282315405827764,0.5409040544296408,0.7630508060200961,0.7777862253977129,1.764856788324059,-23.289765132478312,6.53759320170678,True
942,0.17853050273440393,0.0740209912853739,9.999999999999998,0.0010770118057376616,0.13465696312907005,0.4786620239370881,0.8389205229103828,1.299566340967751,-17.26031106460786,8.675823033872534,True
943,0.05552428804850023,0.10381121101375733,0.4879282481732974,0.0513101460413867,0.17905530961656915,9.166827286694945e-26,0.9902423818902173,1.3504174779762976,-2.3359848630252755,6.706608567355614,True
944,0.10275227337163205,1.0687083721304003e-32,0.6718699182050129,0.04277224695511828,0.17531870650715473,0.09869511980288583,0.9925667019120715,1.3461378024546675,-2.1067456081226177,6.124552781424187,True
945,4.873045113266248e-16,0.05651542976433824,1.5157351010291804,0.01931501610632705,0.14843716017756714,0.16369257524330472,0.9535120641601136,1.315349331631946,-5.958562902889897,10.400178793580249,True
946,0.04512877987776775,0.12074740675965602,0.3175006841999543,0.13002727291533717,0.06936440415199079,3.774876862225255e-21,1.0783612948187364,1.2247842572899972,6.354863967012747,5.284064790254568,True
947,7.579094614321547e-22,0.1578237717279889,9.999999999999998,0.0017095176141522762,0.10655250277510075,0.16666385403373535,0.9758729144354658,1.2673772195910498,-3.753193329029614,5.9980301826611875,True
948,6.733019283151467e-17,0.01632917481440332,0.5801317014546459,0.09490420391488678,0.09475447067246011,0.056227912142286715,0.9960718034441798,1.2538644788169866,-1.761050154818533,2.8649204674708555,True
949,8.365622136518311e-19,0.11761963656319076,0.5619021742785028,0.06104400180419417,0.16466737972889064,0.11773751198396289,0.9703326050527927,1.3339384274739616,-4.299613952210823,10.298334111273247,True
950,8.809939815143031e-16,0.1742486842713718,9.999999999997227,0.0016608065095297727,0.14657995672710145,0.19108446798296388,0.9891578964885155,1.313222204957556,-2.4429437254458675,9.396324172803501,True
951,4.737225357445676e-16,0.17133884442504635,1.467057887519977,0.011803685083322602,0.1040549121449694,0.0420660534973903,1.0417113565495757,1.2645166328041109,2.740213461894969,11.185564250051753,True
952,0.17268371529912344,0.1014951239361021,9.999999999999982,0.0010552191426019624,0.16830131920562755,0.2452983762437145,0.8845978193436532,1.3381005183812062,-12.7553249603375,7.086434339677149,True
953,5.774425653641947e-21,0.0009763039025074128,1.0992502121657268,0.0339609408416606,0.13400412220114682,0.1212005366233076,0.9320459662777909,1.2988186170974496,-8.075686292932161,13.894467885764572,True
954,6.215693616664873e-21,0.13966936799877933,0.8886434817513059,0.022689039155277587,0.19964817574090346,0.14064937241612405,1.0131075247181882,1.3740032810417793,-0.08087874345341639,9.317178240322432,True
955,0.12214488335279809,0.05661975301942321,9.999999999999718,0.0015698962133848789,0.2902602809931198,0.3212968422875969,0.9013984717331647,1.4777848166922263,-11.09833754060272,2.0189255393483405,True
956,2.5309788897389266e-33,0.14380723841396909,2.6980554646673034,0.007096301211654921,0.21064165827136866,0.1271454926876406,0.991120910710328,1.3865945401895754,-2.249338751371499,3.2614021890131384,True
957,1.435007402317712e-19,0.04970047590031751,0.5607900284057284,0.08472166873660501,0.05976104051345153,0.04276557933792235,1.0161379967971556,1.2137851548737901,0.2180057280711134,7.060243691566812,True
958,0.20903070450406708,5.79067926571999e-33,6.678654837365111,0.0019157483025753763,0.2346284392974254,0.36990824193574007,0.8789687125247309,1.4140675247678063,-13.310503352643298,7.5343728603340026,True
959,8.731994475601857e-49,0.11355258416696114,4.389058448124041,0.004938832610010901,0.14686910790923471,0.17438988914318673,0.9584603654111581,1.3135533809481523,-5.470529894888532,8.741107026022318,True
960,5.32300079966484e-27,0.12074293086664468,0.7766978184521577,0.0333657430794723,0.14317779664046584,0.0871175773127171,1.032934174449135,1.3093255799168186,1.8745518206701783,6.237858145232298,True
961,0.18437094497081305,9.378677962519431e-34,0.709855233612736,0.021927545640830874,0.3297863381046529,0.32701655231142335,0.9590885781817807,1.5230555329373037,-5.408571547456242,6.532018069309055,True
962,5.680793225438836e-21,0.16029739401423843,9.999999999999998,0.0017806291350601596,0.1532288006862272,0.1330147965846377,0.9936186738552174,1.3208373821400923,-2.002993430213451,6.819216260015522,True
963,0.008393976015422615,0.1805956434052999,2.082481769928282,0.00769259653174773,0.13959629591434145,0.05586976879672583,0.9782671092456352,1.3052235491312434,-3.517062577147523,6.317625054703241,True
964,4.172136823070802e-19,0.1930321719707913,9.999999999999606,0.001406368246724387,0.1597708032182046,0.17733890855404197,0.9751844348997707,1.3283301897192552,-3.821095568951194,3.2726176822112345,True
965,3.8844103174199733e-23,0.034875689889203774,0.566275750899324,0.08618262907125478,0.11590756605845788,0.028778451866468973,1.0335895378371136,1.2780919340428492,1.9391879350340036,5.104645421132707,True
966,1.210339518485025e-15,0.17018586042879144,1.2351870958451154,0.01634990848547725,0.05784181446006735,0.1039085072993889,0.9837712674235785,1.2115869913223956,-2.9742074161910326,7.524919392072905,True
967,1.0296586037703525e-15,0.23319678858426643,9.999999999999998,0.0013245591217201274,0.07993718564080324,0.13918779189974584,0.972999019176593,1.236893671324153,-4.036635196594263,5.468201900636446,True
968,1.6743155958099747e-21,2.079639936659367e-25,0.6002697415481049,0.09924319890798991,0.09695995936646383,0.012200422267597159,1.0192929011827259,1.2563905100010793,0.529162506757852,5.617681020455103,True
969,0.22324196634859975,0.043803443545804,9.999999999995227,0.0006742546615447953,0.40286000223638446,0.5179836568082533,1.0266468761370784,1.6067496161736117,1.254458388244828,4.334992755194423,True
970,8.789605804425883e-22,0.15786880519224172,0.6041644838704932,0.039770547751790654,0.17974493870671365,0.07028022408338626,1.000974909235233,1.3512073367463282,-1.2774746111404944,4.1108519670582275,True
971,0.21074147191928516,2.810118382583639e-26,9.999999999999998,0.0013039720098162496,0.25504864474708067,0.43843946180786464,0.8419812891207558,1.4374555729095417,-16.95843879276063,5.752015492645509,True
972,0.16019560298670085,7.105101816701232e-17,0.43766471502244203,0.058384993856128345,0.16821428392260412,0.14762289251501845,0.9115097829817459,1.3380008335178781,-10.101095579547593,3.8238410472511606,True
973,0.06446058741971131,8.194042079942437e-17,0.5458060700506946,0.09713645071587612,2.6587543615923773e-18,0.0789484076160109,0.9551165003888195,1.1453385324353067,-5.80032317593786,5.630950658827684,True
974,0.22678286208529205,0.018567422937133267,9.999999999999993,0.0009730664261912371,0.35788335923975945,0.3149273681582945,0.8566741203479242,1.5552361338899905,-15.509338130520655,2.898060864750858,True
975,5.478192921811196e-21,0.05128931124839885,1.1004818066894413,0.029666662334234786,0.10994934958462046,0.06723142156273534,0.9882779242128485,1.2712677591307724,-2.5297321998866362,8.503997664736938,True
976,0.089185596241847,0.1694706826909942,9.999999999999998,0.0009691038297844216,0.2605820852714733,8.096226655319852e-19,1.06820742181354,1.443793235559068,5.3534242942474775,3.2393843546991787,True
977,8.988433806785056e-28,0.21659697288115173,0.4591869318198289,0.038895982667856356,0.061639225260774484,0.040518440627345276,1.0291823335592498,1.2159363122359315,1.5045213592776552,7.2439668460017685,True
978,0.20192331464017724,1.1781758279849644e-21,0.6518620065532311,0.027436697514868817,0.20197069911022675,0.26646982982372464,0.87122594917317,1.3766633565491468,-14.07414402385494,5.543925923980944,True
979,0.21806975319891664,2.4571516142280337e-25,0.297156387732773,0.07134507516556053,0.3706424534377203,0.26040320253991145,0.8793599705346015,1.5698496161138868,-13.271914993977497,3.907702284813023,True
980,0.1631494316631221,4.0754858256018565e-36,1.049269536613224,0.015841007427589208,0.23980788257006377,0.32481295763043155,0.9671275021015703,1.419999740724522,-4.615721633389091,4.287545324956739,True
981,0.20788936981177447,4.9233807381069794e-27,9.999999999999993,0.0013949135594422109,0.21684876107199874,0.20523613712684755,0.886009285761479,1.393703774201924,-12.616117146051941,9.386448800538869,True
982,0.13448499143899392,2.3293495800332256e-27,0.5065152160209535,0.059382105675432485,0.0960990692305586,0.07430614040451025,0.9647649460319214,1.2554044993562337,-4.848731971027531,7.545886530691704,True
983,4.513069531835748e-25,0.2027470227175317,9.999999999999996,0.0014299324117079799,0.1180621794271932,0.13625809596787514,0.970974870895491,1.2805596957565621,-4.236269601241416,8.81491733113577,True
984,0.11881761105444323,8.275804952276454e-21,0.41089872809085914,0.10393621204610172,1.9500619696034053e-22,0.05629594811795891,0.993369674754881,1.1453385324353067,-2.0275513085158514,5.192666963818241,True
985,3.192052823467546e-32,0.21649788692310326,9.999999999982302,0.00143903540240839,0.07951212049618876,0.03493434617644362,1.0141134367126787,1.236406827835231,0.018330708750458058,7.117333636253144,True
986,0.06925092996099992,0.0034035925729818,0.5724439091686987,0.05911438033758086,0.05309605534007173,0.08450648819404609,1.036920447027709,1.2061514905366082,2.267703429381185,5.184733412774818,True
987,9.905465528801297e-22,0.17099177456881423,1.1089053841353085,0.019331951374596337,0.11838602121126354,0.11321043761098687,0.9605457205697581,1.2809306042302704,-5.264858877872758,5.746437921307761,True
988,0.09563045632999569,0.09511834629088776,9.999999999999979,0.0013617081778867202,0.19365774002357172,0.23715163650623425,0.955914771460489,1.3671422041886425,-5.721592594968261,3.36484214571752,True
989,9.087418344357652e-23,0.22745380327002082,9.999999999999998,0.0013368560791523437,0.11761746822680616,0.1397349715027344,0.9857045950311609,1.280050350882953,-2.7835303252234156,9.33205690572509,True
990,9.12142065172232e-26,0.057621123443349395,0.5162912684269746,0.08935796936209209,0.0610627314327759,0.011859319513072787,1.0337839555004211,1.2152760316410134,1.9583626441349367,5.813963850335624,True
991,0.2314872751675183,2.4593584323611e-34,9.999999999999998,0.001039583755678511,0.3574249325114887,0.398557399360105,0.903994405498669,1.5547110800938038,-10.842310007136756,5.356954990750867,True
992,0.0945657863029482,9.893871285817975e-18,0.6962071410291334,0.045388220390084784,0.10318445057507046,0.13061367180813696,0.9656204900877937,1.2635196596271014,-4.764352763319247,4.519563066636525,True
993,7.91408150405859e-21,0.209189020900573,9.999999999999998,0.0012777416152761046,0.20522825392575902,0.1464335907228982,1.0302963695393021,1.380394359600896,1.6143946880795346,6.637335026386183,True
994,4.802210604833574e-26,0.13986241805417107,0.502845212634268,0.054772933338525516,0.11110321695666425,0.028629911389674953,1.0298052608728097,1.2725893278932938,1.5659584212468936,3.8508317969601085,True
995,5.139363827423776e-24,0.21818965876208482,9.999999999999998,0.0014899648888112708,0.03152285730178353,0.15805076717423377,0.9223975545152238,1.181442875555499,-9.027274156328202,5.56899312842264,True
996,1.6276312423774553e-19,0.10540531892980098,0.4927880370772123,0.07836627556304825,0.11127885603313947,1.839122083743153e-20,1.0254714669782903,1.2727904940953825,1.1385320453863201,6.975167032961339,True
997,9.306228151325014e-16,0.1604653227882874,2.192089861417829,0.007491523823646178,0.22523914327275923,0.17232948605705534,1.0335786537343656,1.4033136022383146,1.9381144754498036,7.285619610769493,True
998,0.11577573215125252,6.220642866886142e-23,0.5919116394856558,0.03938424627564155,0.3291478563093414,0.1444784201633418,1.0765342639599038,1.522324255134875,6.1746705389025935,7.601891107312704,True
999,0.1608409570395277,4.540468675941724e-21,0.2795824051901952,0.19624398037546348,0.09212267899483643,2.188810910159899e-24,1.0133973879820621,1.2508501863992614,-0.05229058089002425,9.541234877910739,True
