rep,alpha1,alpha2,beta,kD,GammaC,GammaF,qFLASH,R_Lambda,Delta_percent,SSE,success
0,1.6156730523823015e-21,0.13256080389686806,0.8971297975265884,0.02837574426261274,0.1622675964288102,0.05284366995810481,0.9594168483617284,1.331189863190885,-5.376195450038335,4.520084643365696,True
1,3.8159403908530396e-19,0.20131023629514924,0.900746789114899,0.01758620714932719,0.11418313558813412,0.12711048047470455,1.0147702010726054,1.276116877378682,0.08310499589707643,6.249611663135519,True
2,0.22585033397081103,2.0146712528195015e-17,4.999999999999829,0.0020984897894856143,0.25106015964326667,0.4778852531908868,0.8963458103160022,1.4328874072340996,-11.596663213339342,4.189348544189399,True
3,0.14893112071187123,2.2384873248098087e-22,1.429997575089284,0.012351603978239303,0.2702025357891753,0.31888114853018257,0.9932121406144037,1.454811908236379,-2.043088329513487,3.7787291265856604,True
4,5.2337301093104905e-20,0.0027888187222575526,0.661705432294021,0.08598898223014244,0.019018376572832545,0.04051813584923361,1.0112675093005201,1.1671210119485367,-0.26235279151464175,5.133368959275968,True
5,5.707967741700177e-17,0.19762469393517204,4.99999999999991,0.0033378550040924723,0.09680667581821571,0.09361180680419656,0.9355089629347989,1.2562149484468825,-7.734143490771206,6.681151105881789,True
6,9.623743223727089e-21,0.10106750449726547,0.9361510913006155,0.0288290604089379,0.12823529748760812,0.10634604829276127,0.958542685162501,1.2922113598661689,-5.462410996335754,10.286772890730875,True
7,0.2647903766385647,6.611075000638867e-33,4.999999999999999,0.0017528968792143672,0.45117618242933216,0.41606318585296354,0.8774845451973657,1.662087999088682,-13.456881393996067,6.593958950109273,True
8,1.8513198647284783e-20,0.1797385967297712,4.999999999999738,0.0031832353545984252,0.12897713452732706,0.09308768288949226,1.0057335366258753,1.2930610144125465,-0.8081484481623047,6.249399385561497,True
9,0.20081017730287973,4.330434624108305e-21,0.40303652999912354,0.04527706355329809,0.3248331914729268,0.2700167456041732,0.9002250454358623,1.5173825032431856,-11.214068321023463,3.8200155025075513,True
10,0.11687158426039325,1.9992464126993772e-20,0.5218089779705088,0.05947250691724484,0.18084889960753567,0.1359408295163337,0.9559934346129603,1.3524717457043418,-5.713834333502,1.7610172199728953,True
11,1.8979713682120508e-19,0.2483309876462246,0.6600543921024647,0.01835127322740366,0.14308014936380584,0.08293677002403035,0.9973143093493859,1.3092137407282727,-1.6385063031786995,6.090085516358946,True
12,4.694950402527011e-14,0.010041165422767043,0.6229916130019842,0.07173806763749742,0.07948748588601957,0.05313389085617699,1.0266540820481658,1.2363786128669725,1.2551690811240412,7.313320417771065,True
13,0.2159854128262179,5.568692426203879e-31,0.2436038232296375,0.09546812141076588,0.1926547240115559,0.1846106729939505,1.0315947857467156,1.3659934113014311,1.742452770074432,1.6141630153825857,True
14,0.18429563328561083,1.1360838806843628e-28,4.999999999999999,0.002534112147278902,0.3381582546964524,0.3395687088904137,0.9851953139674404,1.5326442116002261,-2.833758869694747,7.674398045557821,True
15,0.0043231813158654845,0.19457251581276006,4.999999999999954,0.0027213852094901646,0.19249404641753762,5.0588959490990156e-43,1.0129722061478172,1.365809381061703,-0.0942247233334137,10.624298376414242,True
16,0.06094741436506551,0.1668657250379658,4.999999999807033,0.002700560728708863,0.1762532710437888,0.12034381298559688,0.9352603160945414,1.347208195229522,-7.758666626939458,3.0600791002876067,True
17,1.5364578308584374e-25,0.06367452050425977,0.832294006231665,0.03729547808310698,0.16980003131186405,0.05761572648345939,1.0478081994967228,1.3398170511055063,3.341522972341604,3.3857240598595655,True
18,3.150077726292292e-21,0.1344703393367634,4.999999999999999,0.004200584332489512,0.12898523482883809,0.05878885969109035,0.969814070791412,1.2930702919999915,-4.350755106011839,10.015024210645603,True
19,1.4255525622099823e-14,0.2220346005150254,4.999999999999999,0.0025189967849965572,0.15019138538416396,0.03286742400529335,1.034456293996527,1.3173585133556305,2.0246729518552664,8.498349751989286,True
20,0.19311575427147562,1.650405429133751e-26,4.999999999999999,0.0022089569622453886,0.3969330630956492,0.23800381721989422,1.0322599392416183,1.5999612643963286,1.808054447181573,6.964151403139149,True
21,0.027794202945579185,4.021885963456403e-22,0.5761150913678255,0.09512366914836574,0.08402481655521843,0.10053419256247656,1.000152249643843,1.2415753925168065,-1.3586105433682216,3.710990512357638,True
22,4.502984103469116e-17,0.21820380523319882,0.8782164632357267,0.019487391779499257,0.07298113639838506,0.10626732857014778,0.9584467432011194,1.2289266400932939,-5.47187340406542,6.665556755178391,True
23,9.067373199819697e-16,0.21444864414689063,4.999999999999999,0.0028268422121545175,0.07120376088209851,0.17258928507662605,0.9653873334504891,1.226890943427884,-4.787348156943516,6.408563329847484,True
24,0.06014453041835989,0.08558821113983911,4.999999999999999,0.0035415997898633486,0.21006858858745703,0.19190198533536973,0.9640504776852065,1.385938181398821,-4.919197393134855,4.833480826396217,True
25,0.007152036815224097,0.18021174580942706,4.999999999999999,0.0032146560132390056,0.13695810387091836,4.3017899827604085e-44,1.0110019847128218,1.3022019261279467,-0.28854051870796926,7.468277645075086,True
26,0.07634359886950629,0.08731808062996184,4.999999999999999,0.0033532986773669978,0.20275768106396308,0.10157705590525835,0.9554819164839723,1.3775647173050922,-5.764283511608226,3.7201261550296074,True
27,6.13052035450403e-32,0.1469548791839241,4.999999999999999,0.003772727283746004,0.12199205033792228,0.06920213463582546,0.9698707873622918,1.2850607283381168,-4.345161356301441,5.505749064525767,True
28,1.9359886235080475e-23,5.818622974400059e-21,0.6736274605892102,0.08014613278158118,0.07302922386058877,0.06846049663629795,0.9708787224385393,1.228981716516683,-4.245752374880329,5.999800858372533,True
29,1.0577248009409364e-22,0.04371094528013124,0.5843564829633334,0.07355810852442475,0.0893337891141193,0.08557579655261438,1.0521045642452598,1.2476559633561572,3.7652578472660014,6.054464163065037,True
30,0.08237054165301518,0.10892003465722237,0.4352881368941421,0.0488992227206799,0.16113335841169854,0.2458796503481776,0.9433913872542538,1.3298907766849337,-6.9567285647590404,4.260821748095457,True
31,4.8557699500861243e-23,0.15194089472692146,1.5762717131815995,0.013400427661791694,0.12339352636998616,0.10699584617653315,0.9553014479085224,1.286665892839924,-5.782082472758365,3.756719161772472,True
32,0.08726384613052539,3.7937007602977713e-16,1.2049637863165907,0.02308117883029015,0.14372117171389687,0.2267802875658161,0.869743210318305,1.309947928325984,-14.220381180145193,9.438389939936584,True
33,5.827686438706928e-21,0.18465368475318375,0.6645892096912205,0.03406133191405435,0.0765394128517476,0.04056047121401136,0.9699555366696944,1.2330020712243874,-4.336802839444975,6.2731140326839965,True
34,4.0130967860655715e-19,0.20898518697086846,4.999999999999999,0.0029789596298808165,0.07046922043079762,0.05535886029046358,0.9580332626016441,1.2260496459453767,-5.512653496156528,13.723038812884317,True
35,0.16409839298134818,9.082868515443471e-35,0.284138302392181,0.1108430660352796,0.2754984801670834,0.19513918870021307,1.027049476843973,1.4608775573980315,1.2941654359852617,7.274874311540567,True
36,0.09872324149699126,1.5616243102040148e-28,0.8447062514831482,0.031705547451705146,0.14003683286883856,0.0913130145727381,1.0022480361208346,1.3057281130801905,-1.1519107232473624,8.258368331781774,True
37,1.4191005840075806e-23,0.13789154032445655,1.5599041928593547,0.01166714763111714,0.23947624295563835,0.08005180905690104,1.0624061850794826,1.4196199010952384,4.781269352619288,5.01047927161692,True
38,1.1596536531424539e-23,0.174745356549285,0.7462475648910496,0.02918034274828775,0.1348410880831448,0.07159749046362654,0.9827314104238947,1.2997772263724356,-3.076764741159843,11.098581437170447,True
39,0.12328751979759991,1.9515984297414718e-31,0.43154334519740317,0.08548296669765718,0.20025835897582342,0.12374015897160467,0.9690154635889264,1.3747021474125791,-4.429518838344892,4.277709102148738,True
40,2.2008540342249674e-24,0.10990681071063216,4.999999999999999,0.004233657615367471,0.08360682943310499,0.12134961962627923,0.9834178761457721,1.241096655759788,-3.009061116392253,5.083608324267073,True
41,0.08901976088278674,8.393432763934423e-25,0.5639153513916558,0.05758891835084058,0.14574881994471267,0.19735542861564745,1.0038720248604192,1.3122702719749617,-0.9917426030520704,5.674875912788533,True
42,2.2280500071148102e-17,0.1194822832407166,0.6463822923114979,0.04677198890028697,0.02689847320532716,0.12624255958807334,0.9594334270733623,1.1761463902610465,-5.374560351830471,5.9634158166200795,True
43,5.273290240257434e-18,0.10380690067994969,0.673980768261313,0.04595209317413752,0.1493257218615644,0.04719477395622342,1.0241647139505554,1.3163670355670738,1.0096517330355548,5.33330379748496,True
44,0.20009385308106836,2.813054900839757e-16,4.9999999999973825,0.0028748232283783057,0.07253596668462119,0.5228137562555065,0.8144902765380203,1.228416770066647,-19.669777671112833,8.997894837304449,True
45,0.1000862217737426,2.7035928524492164e-19,0.43491137257391066,0.09392884150291989,0.08029168502794519,0.05078984695911391,1.0209878238914794,1.2372996931319713,0.6963265870991941,2.821261236113734,True
46,1.1876193497553272e-19,0.21483067951057364,4.999999999998215,0.002911907005951988,0.08305967776932212,0.09404423046729497,0.9614804285547653,1.2404699818761717,-5.172672018911884,7.986781397261208,True
47,0.11511610332210614,0.02101864736696647,4.999999999999999,0.003253297865547904,0.2668498607934477,0.24428964147291418,1.0288372714251963,1.4509719603770401,1.4704891323201963,7.933127546395826,True
48,0.06075635418174415,0.1418909145597249,4.999999999533023,0.0027313608126061924,0.16231561666593763,0.17376030466959455,0.9633073086484722,1.3312448626188036,-4.992493460219361,6.388093634714373,True
49,0.25278683938983615,5.539257324379864e-20,4.999999999886834,0.001937378589767567,0.28524884932882677,0.17320864738231154,0.8826837786174143,1.472045030904445,-12.944099856139635,5.198399574265973,True
50,3.5372220442985014e-16,0.06332401273667847,0.4940878816106739,0.1024765119185311,0.10008392127907613,2.9180844560906667e-19,1.071303125592486,1.2599685039534545,5.658742331786404,7.881848092889076,True
51,1.2653709160293894e-18,0.28785164634308613,4.999999999999854,0.0017278785951665386,0.24054071984172964,0.19456514741858516,0.9366714259743033,1.4208390874897654,-7.619493976710201,10.268984177064874,True
52,8.645817745888946e-19,0.17691478857166074,4.999999999999999,0.003272021475994552,0.18928148743174933,0.16817581476785298,0.9512378252557858,1.3621299134675586,-6.182862838783764,3.075352313164341,True
53,5.533740703584093e-16,0.09232837963211937,0.4532900440803167,0.11539845333947268,2.0509551905955552e-24,3.371824462128366e-22,1.0769855493539913,1.1453385324353067,6.2191791807920005,9.318968201735332,True
54,0.14549076449221063,0.050762407190596326,4.999999999999982,0.002479289052535086,0.35142039752639626,0.11123190087968352,0.965408225174644,1.5478338548060215,-4.785287681951322,7.68334526139739,True
55,6.3633642474698416e-18,0.2430240581839125,4.999999999999999,0.002270603661745336,0.12843212543976784,0.16292878034418012,1.0149119572282856,1.2924367945040376,0.09708589147103819,6.329929780343717,True
56,0.07568688184659443,0.10826744241777123,4.999999999999999,0.003237336353266392,0.09955775747413215,0.2045326651930356,0.9370270670638102,1.2593658682732796,-7.5844183857396,5.403643024005016,True
57,0.17390436105717627,2.1677389894490954e-22,0.5087029994462383,0.039491512241843454,0.2157695822844762,0.3315849786658766,0.9048444960883072,1.3924677491531878,-10.758468655026842,7.068641628208927,True
58,0.17220061300424316,2.311278225618714e-22,4.999999999999999,0.0025721622362363072,0.47674062187168004,0.3447147521874622,0.953460929779113,1.6913679366421122,-5.96360610145561,7.939236741568748,True
59,1.661625912607755e-18,0.09425330677056384,1.0629754225332497,0.02717593727883074,0.10196203582839762,0.10471101237747578,0.9685752187940906,1.2621195809151198,-4.472938585967445,7.619240815310669,True
60,0.1487336912970666,0.01415522271073062,4.999999999999999,0.0030435143479173522,0.2549084672730242,0.2657123974730149,0.9877535105387184,1.4372950222471257,-2.581453218846186,5.444995226123197,True
61,0.06815540299877212,0.06900590770078215,0.7737260058968138,0.028875933460918216,0.18718760415629138,0.13789796529376633,0.9854708408324562,1.3597317082697546,-2.8065846541616035,5.477159889679816,True
62,2.4306803753053067e-23,0.1906768672164176,4.999999999999999,0.003687252018703468,0.11747618322950448,0.018007063174347894,0.9464684628473664,1.2798885317314885,-6.653247757636116,7.117090469329166,True
63,9.743269655357951e-20,0.05761656663877434,0.8249307209631229,0.0401985674575624,0.16212139935239808,0.05278096915741686,1.0511403362992462,1.3310224180459405,3.670159541601481,6.380199875444944,True
64,9.525213205694113e-23,0.17658544359386674,4.999999999999999,0.0030208555999023355,0.13910321957977181,0.10791004692549819,1.0105841905282407,1.304658809805829,-0.3297460440553901,4.409046438873561,True
65,1.9915272798400688e-23,1.907291739391517e-21,0.9409079768943994,0.0451968424636112,0.10055781523623394,0.08437252817473424,0.9839181106986132,1.2605112729628756,-2.959724796482932,10.228378292804777,True
66,7.19187693463688e-19,0.0724314691143368,0.48040798622780384,0.10330527775484101,0.07656999021669873,0.007006054611201309,1.0462075519065195,1.2330370926586862,3.183656905066079,4.054637009528338,True
67,0.18068315295158985,5.0837754541346866e-24,0.4318332713822506,0.043366475338383156,0.16894507253368996,0.19027515642788972,1.0061945349301302,1.3388378338732196,-0.7626818571657257,9.547120501039506,True
68,3.0559710878112136e-17,3.0659303066334087e-16,0.6769612957239628,0.07725397413653462,0.026778800784096012,0.056651272832640175,0.9812326622949574,1.1760093248257408,-3.2245808340962356,6.148520617058428,True
69,0.15979488980710388,1.1770641495248794e-21,4.999999999999999,0.0030623562010004307,0.24240506900158254,0.3492080726037988,0.996467476218862,1.4229743984204584,-1.7220263839089367,5.038570779512946,True
70,0.06859707655030192,0.10042101923080696,4.999999999999999,0.0034465911808830066,0.035093446550892915,0.11862734248704915,0.9535399655905615,1.1855324090060033,-5.955811085985829,7.209993378908774,True
71,0.14245851906363133,3.535853212999156e-36,4.999999999999999,0.0034794372332797455,0.22801491087458192,0.2414434331211137,0.9874505301460434,1.4064927958297677,-2.6113350762556053,7.682279767140573,True
72,0.19547570236122722,0.010952838450600574,4.9999999999989555,0.00227757794512886,0.3304847246218974,0.1792719734646273,0.9690994808169858,1.5238554219260372,-4.421232523819252,3.315160571269415,True
73,1.0538832889813085e-22,0.10797160560710492,1.3229075007627267,0.016085466709016775,0.13117217236486195,0.16255054982384828,1.0469694755833328,1.2955750758280289,3.25880267429024,2.6293250645814883,True
74,0.15199487947800164,1.7031280482045428e-25,0.8529168557202876,0.02505494228147808,0.1522451114944441,0.3286345586886889,0.9521538270262505,1.319710725004803,-6.09252090592749,9.008829817393503,True
75,1.801761609965015e-24,0.05819309107070718,0.5966627690991889,0.07254954888434074,0.12006400723259583,0.049233061626306085,1.0208720114919332,1.2828524662773901,0.6849044301109997,12.221527218347136,True
76,1.469286729226386e-17,0.15141576424424752,4.999999999999999,0.004009325282175243,0.12111028958522865,0.20755402417899904,0.920254235024384,1.2840508137716675,-9.238661985232465,3.9094663129830587,True
77,0.24414161252620092,5.8948886608222605e-27,4.999999999999999,0.0021404784058237517,0.13303121491062903,0.4012874990929495,0.9311231363906403,1.2977043088891325,-8.166701658175867,6.691745312801318,True
78,0.0010953397499570941,0.2613735579027521,4.999999999960948,0.001847887328746527,0.22238609477408147,0.08485893816914467,1.0085451124179463,1.400045895857872,-0.5308529236146331,7.297387749570249,True
79,0.2896082715498617,3.6684760426294666e-42,1.8208555887360238,0.0031351094546076676,0.3752280035627463,0.779626674254685,0.7872719097155647,1.5751016233644928,-22.35422648684403,5.542941787999928,True
80,0.031216319651117062,1.4320686864287316e-24,0.6755314483268845,0.05396644331535664,0.12018106925903387,0.09548828793401343,1.0346045631654974,1.2829865419269546,2.0392962023114247,7.069445200227823,True
81,7.507991298206663e-19,0.14993589777251798,0.6067912616572633,0.041537781787545795,0.13700024071964342,0.10930746419015584,1.0380411396613956,1.3022501870844267,2.378233279791475,7.171469898778536,True
82,0.2417478452923969,2.4302671411519288e-14,0.7748423035093491,0.016259814313986144,0.34768927049963694,0.08607196374073316,1.0040695006770723,1.5435604512528631,-0.9722662793766546,5.224392982967111,True
83,2.555692821828712e-15,0.20121158535885253,4.999999999999999,0.002641641831596351,0.22850483530221619,0.11322072641024876,1.0382253734532472,1.4070539251547183,2.396403590581242,7.1328297761325015,True
84,0.2427797479539626,2.6430557643823093e-18,4.999999999996045,0.002054640907706123,0.38878096486543773,0.5154423675325073,0.8268723198127382,1.5906243521730696,-18.448581644842577,6.010749961569962,True
85,3.829792449889182e-23,0.1603605702464988,4.999999999999988,0.0034501598680705694,0.168393442633748,0.17891178630577104,0.9413257567568513,1.3382060308931725,-7.160454209969891,6.150359423573013,True
86,9.316416581067827e-39,0.19883572474664934,4.99999999999998,0.002945895764238002,0.1901498218066426,0.1200047672677359,1.0219214460126285,1.363124450286162,0.7884063512455075,7.802303486717735,True
87,2.796181470952508e-20,0.11875268491921347,0.7228696182263074,0.042160631776678906,0.06984408360123198,0.02146712925512554,0.9738573656287777,1.2253336526464307,-3.951979598700228,6.598253378820855,True
88,0.15895833033514736,4.9677402695081875e-19,4.999999999999999,0.002938961784970344,0.28571839813554933,0.3884906490272137,0.9572017533967682,1.4725828232456435,-5.594662233670389,8.727681118191839,True
89,0.14244378135014252,3.623403927122324e-23,0.39008245872636393,0.08403628523076162,0.18050058661157628,0.09272435553202947,1.0203626942619977,1.3520728094087215,0.6346723186970271,7.269575891813469,True
90,3.777280163915862e-26,0.17089553544198738,1.1373248853122029,0.016330122223204326,0.16416941514568184,0.13576363109775033,0.9553633883570799,1.3333680894490245,-5.77597351093635,4.219738238330221,True
91,9.393911326434386e-23,0.0867853862474822,0.5938980834834583,0.0667509433170679,0.0813548052696715,0.011344898660840657,0.9760652759548671,1.2385173257094324,-3.7342214099457927,7.224452676125507,True
92,0.19882286336697194,1.2035517775679357e-25,4.999999999999999,0.0024236504327752924,0.3117524413588247,0.31736623644046386,0.9570959130049197,1.5024006161043468,-5.605100887701598,4.250785599528196,True
93,0.218293131170847,4.610113710313067e-28,4.999999999999999,0.0024428299287764656,0.2866945960046948,0.43076501807595863,0.8118286990216652,1.4737009002804569,-19.932279409676422,11.034143050507828,True
94,6.284191707830708e-23,0.14428389390190835,0.5645668133702816,0.05885541606899496,0.09033480423816079,0.002051873810806322,0.9710801282334375,1.2488024645492726,-4.225888451702186,5.581817282666791,True
95,4.836000848203732e-24,0.0194894917356667,0.9149857834835526,0.049335563705759325,0.0942380994079199,0.11778626757211777,0.9507989962365633,1.2532730589106662,-6.226142953591696,7.9420406656397855,True
96,4.882638729572359e-19,0.1557283864222869,0.5956478693536534,0.03453346596112726,0.20831625950214705,0.02747785344358637,1.0947754027906242,1.3839311713759084,7.973727912591788,4.509251089821109,True
97,1.933961601045756e-17,1.6211154778695752e-15,0.5792020717746672,0.09822842270961238,0.04557670055867517,0.06124778789799603,1.0173349899764865,1.1975392837664232,0.3360608246040231,7.945609654684523,True
98,0.011872025834436547,0.13401138290006553,4.9999999999997,0.0033627177537958234,0.19782757441607343,0.017753972238627024,1.0539658554212599,1.3719180761922485,3.9488302462176605,9.159659639942461,True
99,0.23765540395518323,1.8227618825060504e-35,4.99999999999998,0.0018824925777641754,0.29456042444247255,0.5512122992528088,0.9636385748465847,1.4827099366797691,-4.959821876394532,9.198281300522174,True
100,0.0826798495120563,0.1492129447700989,4.99999999978247,0.0017211746601793452,0.3493436589416937,0.12570075887428242,1.0931925070488384,1.5454552860831667,7.817612645750827,3.9422744077636116,True
101,0.007856543673557611,0.1584155075209741,4.9999999997894,0.003390142240051353,0.16163060803453494,0.1320952208942077,0.9782238593162881,1.3304602958382072,-3.5213281608386215,7.943516391800429,True
102,3.345579877756884e-20,2.467778848301559e-19,0.6753300519426201,0.07343664753624317,0.08617998223902794,0.03437770049951094,1.0240543070235513,1.2440437868182557,0.9987626982018938,11.09761637406242,True
103,0.19757935116334546,2.4839239442471106e-30,1.288725560019861,0.011708844674144061,0.21944612666760144,0.520992395617947,0.8332470332300119,1.3966786371013897,-17.81986677758949,5.195998714753826,True
104,0.03543664110842573,0.09015997005120366,4.999999999999999,0.0037714168366536423,0.1072917403881773,0.1812445377266446,1.010600615024792,1.2682238969139314,-0.3281261555219017,9.44330458275563,True
105,7.74198644219681e-17,0.15952765406685093,4.999999999999999,0.003707161165517662,0.09471823401804597,0.06572461095546499,0.9778991367104616,1.2538229755803993,-3.5533543738857976,4.3455168003986895,True
106,0.06079499208114004,0.16863103005444222,4.999999999999999,0.0024360360432587676,0.21846513291434372,0.13769163828600509,1.0411966458288717,1.3955550671557053,2.6894494100453192,9.262163140402597,True
107,9.688234854233107e-29,0.160664539388552,3.254789147034007,0.00513750777160258,0.20915612621067686,0.1298444640560088,1.0406123637930769,1.3848931030792972,2.6318237916798326,2.755480246347337,True
108,1.2456794352211085e-20,6.618888888380895e-20,0.6543356658125348,0.07969772663580707,0.045831654216298055,0.02659471222928719,1.0319062113890323,1.1978312920144838,1.7731675518303902,5.58916852123834,True
109,0.15051716179264574,2.648591041715014e-15,1.1649284772351378,0.01596573582383353,0.16340591799828355,0.25214196247764753,0.9468980549307212,1.332493626746705,-6.610878648316232,8.845256673278607,True
110,2.097838334619738e-21,0.1701774009761427,0.8515908861838587,0.02744969615409157,0.06526498290973909,0.04397224768957197,0.9560891323833938,1.2200890321805626,-5.704396009440016,6.015749063089945,True
111,0.08490836342344373,0.18853407212464912,4.999999806565526,0.0022037438369990753,0.16455395629560146,0.17578367817559018,0.8990142535208215,1.3338085192453346,-11.333484336820076,7.161511731604346,True
112,0.08028523251560368,2.9677557379160085e-22,0.46516187946080384,0.10629974294476333,0.10709686760974961,0.04478585638390448,0.9957110895993431,1.2680007016118757,-1.7966260532516043,7.441012599071932,True
113,0.10113995082253767,0.10751883293436947,4.999999999999999,0.0025905067693761485,0.2979675482387891,0.19628721053640683,0.9677866798180595,1.486612246848468,-4.550709325636437,6.613337545287655,True
114,6.908284694618001e-19,0.07714961331509493,0.5486331270902034,0.06101548008824003,0.182678845654603,0.039884294420693446,1.0559365693219973,1.3545676534243254,4.143194611702472,9.42247088085485,True
115,0.18636883963881568,8.04333745042938e-24,4.999999999999999,0.0028093119326654476,0.2881382642643784,0.2294555836466037,0.9054066400735421,1.4753543891663263,-10.70302643230725,6.612972416893762,True
116,0.18798724567922787,1.776061321782714e-20,4.999999999999999,0.0029586274051225767,0.26150167066055824,0.3063266376452862,0.8692376561242167,1.4448464721390513,-14.270242156979728,7.03033041830564,True
117,1.3682266316001547e-33,0.2681017279370679,4.999999999999881,0.0020672477424636326,0.022967338709111104,0.019568100317941466,0.9927998653097496,1.1716439104463447,-2.0837495477472268,5.704194655356369,True
118,0.13590448899164942,8.444940268298391e-23,4.999999999999999,0.0033539552260703873,0.22157163486511064,0.18241980741111494,0.9791553293968771,1.3991130635410043,-3.429460644648663,5.915292164339441,True
119,8.957901552648296e-22,0.07679269254889659,0.7802911112802186,0.04209124037223907,0.11796541656851094,0.06402349559568003,1.0174245600829266,1.2804488695260046,0.34489479938752954,9.792780513357854,True
120,2.3820533213618527e-20,0.13254712822254444,0.5317844740266306,0.06603693967622391,0.05126485106225769,0.0827766963512404,0.9905923969200024,1.2040541417164676,-2.3014641499228383,7.4376975957136,True
121,2.2412109934841072e-27,0.11445960636844739,0.6415804831143741,0.038512744837848174,0.22812746497194542,0.06609709415629737,1.0554444430251717,1.4066217083744614,4.094657979680405,5.8136846377794855,True
122,0.2285697231996898,3.597418577606874e-13,0.3019480395121712,0.045469680458330275,0.38367197698319594,0.34019041979637865,0.9747951051679167,1.584772831489793,-3.859493748548881,6.479490492055204,True
123,0.2242818702354667,1.2047304539883603e-24,4.999999999999951,0.002495226379072761,0.286383875443273,0.28194057741449297,0.8842754058383048,1.4733450200486407,-12.787123435178183,6.515909542355321,True
124,0.13315013031564155,1.2177951665426165e-26,0.34833405486870767,0.1011503609678404,0.10984102886583233,0.05128712574181504,1.0366991174975229,1.2711436952376831,2.2458745004424907,5.741054977557211,True
125,0.17499715962803056,0.023544743278863786,4.999999999999999,0.002639259537086327,0.34442914926411966,0.22172693966946536,1.0129580505085798,1.5398265087814147,-0.09562084269776339,6.832465230664665,True
126,0.11401101445857197,0.11066306671959719,4.999999999999999,0.0021999869280462784,0.26580092729283467,0.34396919213672433,0.9902561047810534,1.4497705764208255,-2.3346314240664356,4.717266943735498,True
127,0.16929259245259157,0.0068606843282300045,0.5072940937631459,0.0479660773045979,0.2455240211466682,0.28223033291198024,0.8992227066253785,1.426546654493047,-11.312925363046467,3.992894315843668,True
128,1.5586582534432346e-18,0.02105199146535869,0.6712873287642794,0.0664781399901797,0.1349875167188095,0.01905411899318572,1.012363209739454,1.2999449367311144,-0.15428783064177498,3.4406454657766643,True
129,0.1431629605741577,1.7829402066577314e-27,1.2967960219134365,0.01597726754895771,0.2716790759476348,0.2828062125629593,0.9416313628418557,1.456503046574551,-7.130313390047749,4.698879891584952,True
130,8.942848110535984e-30,0.13440173947918985,0.4576798039655765,0.0740019735012034,0.15706040024194726,0.014323411951350597,1.0249854293880487,1.3252258607521206,1.0905959204146942,5.155991185813566,True
131,0.1230255052853018,3.6921413529515347e-16,4.999999999999999,0.0038406520455736308,0.21873126379793276,0.23883864321889725,0.9561944986767738,1.395859877111351,-5.694004114021489,8.096775116074475,True
132,0.1844184892403549,0.03927535347940376,4.999999999999999,0.002191526704685733,0.35208249147519244,0.35377307294938326,0.8972692231147286,1.5485921765176698,-11.505590357640783,6.7819645685910315,True
133,0.14237244839090132,3.9583728072203673e-22,0.525942759199526,0.05726778249846512,0.10472058641329256,0.08097375304084321,0.9157380504181969,1.265279055193672,-9.68407689556795,6.509882411617532,True
134,1.1997176832974908e-29,0.2004140772098492,4.999999999999999,0.003044232284328045,0.09920385819295345,0.12042471435750372,0.9672858454667338,1.2589605337899443,-4.600104801495208,7.581418000428577,True
135,3.0377701984192757e-28,0.18726410081007985,0.6089453789463569,0.03692322034344952,0.009302317544798634,0.11054563693839281,0.9464178418840891,1.1559928351603135,-6.658240319673636,6.294814643817972,True
136,9.096361433366531e-20,0.20617671808319388,4.999999999999999,0.0030553432762522024,0.04272681292580889,0.13756400191563886,0.941461796370141,1.1942751976473907,-7.1470371162415836,6.393728546203813,True
137,1.9399502414611198e-33,0.30576304214956956,4.999999999837398,0.0013434506179836238,0.27140283823896605,0.056387237448222015,1.0536269238275693,1.456186660882701,3.915402652224542,12.515980959981173,True
138,2.301319366876845e-22,0.13453888866840755,0.6238279041072329,0.042885694941005956,0.12295230719678699,0.12239124450112707,0.9860930733171321,1.2861605475196098,-2.7452161206454884,6.9119877084095265,True
139,1.2990571526049189e-17,0.23685771678162978,4.999999999999999,0.0024014654192887537,0.08683463377617669,0.11283666592500147,0.9996679752659241,1.2447935844490703,-1.4063727691025374,8.4389605573767,True
140,0.10789691843821735,0.0570804801106746,4.999999999999999,0.002786458927007203,0.3004920247712071,0.275135336764595,0.9889500077370625,1.4895036270952748,-2.463447039119382,7.10931431470341,True
141,0.1503382952765175,1.843131906810988e-23,0.5345321626061547,0.0588895533760412,0.11890242146568193,0.13871195315331586,0.9127090455797174,1.2815220573398152,-9.982816658483918,6.768555241775152,True
142,0.12414162069495614,0.056292880171346975,0.9252452645724268,0.019055676540032422,0.07852963961205099,0.20757366489330148,0.9168362706706039,1.2352815546212466,-9.57576341463,11.296314190211161,True
143,4.019619737759839e-25,0.01434163128123207,0.5842367955160632,0.08655749379797464,0.11379290201290893,0.02031811029124163,1.0400788785242778,1.2756699278283266,2.5792080742350842,4.71855274906633,True
144,3.479059991732719e-21,2.024827155399031e-20,0.5307330470259551,0.11666996628952991,0.05525278403453831,0.03461411687466539,1.067458559459986,1.2086216750143897,5.27956671597114,4.614051324968654,True
145,0.08165394864240559,0.04887931563550218,1.0598763111021594,0.021090612902900187,0.18965136189844187,0.14595620041437718,0.9697098269971215,1.3625535449464254,-4.361036293415765,3.305395914012638,True
146,3.2722293539664487e-19,0.17495465108570402,4.999999999999999,0.0033683957380815375,0.18980608853467068,0.1544029292446904,0.9499417454084401,1.3627307593248923,-6.310690494057692,8.822462384236452,True
147,0.001126994208524389,4.9099677005957e-33,0.641656668170339,0.09564225851312388,0.06436667008099259,0.06973677515253852,0.972913145866858,1.2190601598836184,-4.045104569724723,10.025336995695632,True
148,0.084136535705809,0.1451970236595209,0.564127316944412,0.027680677613674782,0.20195653851776296,0.17174826661635792,0.9355017576051873,1.3766471378769556,-7.734854126301583,5.767019965024353,True
149,0.1972392784815087,4.802934603397904e-34,4.999999999999999,0.0021171995839165225,0.5313901203080587,0.31701046230454705,1.1409830952108881,1.7539601129795597,12.531025049645294,3.253524205821646,True
150,0.09293389915252029,4.795325128081352e-14,0.6522039874640954,0.05132870275479203,0.19404761410369203,0.10155279172524388,0.9849934629178423,1.367588741995402,-2.8536667067292965,3.64150914508892,True
151,0.20011788334695924,9.900857058181851e-26,4.999999999999994,0.0022957353937547963,0.4209953912453467,0.36417336003673473,1.02954316285511,1.62752077600628,1.54010864422649,6.685010130562232,True
152,3.2874549758030376e-19,0.16910256716271693,4.999999999999999,0.0030155351816796515,0.2601458284962774,0.15436144646957678,1.0160124725896489,1.4432935738644002,0.20562573068241274,6.389981472001083,True
153,0.09516137666232365,6.520240559272121e-23,0.5528085804169686,0.06074964448957801,0.06636552037031897,0.1936539782446961,0.9198831943578079,1.2213495201405533,-9.27525638064478,8.586721214472202,True
154,0.019614801493843485,0.025252531797017225,0.7098907034411608,0.04879322147587681,0.1630174077438496,0.03973202553578538,1.0439510703766441,1.3320486509820553,2.961108314619576,7.239078591313119,True
155,4.0392146756671614e-22,0.1599443846505497,2.290013393989529,0.007771219981870947,0.22389159996034144,0.05375141720470092,1.0222924590194393,1.401770208958477,0.8249980186754602,6.746754882305939,True
156,0.17148509988764615,8.127451064199776e-27,4.999999999993208,0.0028617928888614286,0.26408697671739484,0.23299470988302817,0.9830731079443814,1.4478075227840848,-3.0430643538371105,4.953313033998299,True
157,0.1704036556814324,4.061827749178133e-38,3.9516204528113392,0.00423066779304927,0.16809804750730264,0.30587276697936955,0.8835305117543664,1.3378677034725612,-12.860589637412767,2.4520295809562906,True
158,0.08389587056536205,4.5936460664725713e-20,0.5079224057383943,0.08225713952292613,0.11891916974440851,3.665273737506121e-17,1.0133841652258906,1.2815412397887926,-0.05359469338057643,4.7534609216195385,True
159,5.899993516739769e-26,0.1783898306636131,3.368864571616143,0.004482966584075332,0.10622357682604527,0.16499821585337218,1.0087541471196284,1.2670004880272785,-0.5102365890256588,6.357645234745157,True
160,3.563515484607747e-17,0.11820385286578006,0.5794640462722888,0.054382170177548914,0.14101508545755756,0.08347394525270527,1.021121432116538,1.306848543464505,0.7095038818234034,7.439752381576489,True
161,0.2366729696529819,4.500471185808503e-26,4.999999999999997,0.00254805516940817,0.07807592945580422,0.42890528140794465,0.8169826116316629,1.23476190289674,-19.423967698965118,11.895176511326785,True
162,0.08213254902354476,3.70095353485837e-19,0.5349585674137775,0.07696202337840634,0.10624245133210723,2.309323280919103e-20,0.9835830990729595,1.2670221057263518,-2.9927657782438333,4.75456514811245,True
163,0.22141913141983088,2.959537308214737e-22,4.999999999999988,0.002303489737405239,0.40517083424580713,0.3804305450475262,0.8997536245256943,1.6093963011159884,-11.260562855844992,4.191085635888179,True
164,0.16433220988688094,2.616524566708549e-24,4.999999999999999,0.00306262658517188,0.2541073052024693,0.31216631998710226,0.9667530596114036,1.4363774204569935,-4.652651538325858,6.90658198529474,True
165,2.9543040348628227e-25,0.10773940200101516,1.0618678659612706,0.023154602205464375,0.18918049037381474,0.18196016951858476,0.9947033725230082,1.3620142376454434,-1.8960135341318796,4.641442924427803,True
166,0.042657397609447395,8.115114391077633e-15,0.5122646260381941,0.10987959808225417,0.11124506217668323,3.4575270245385366e-17,1.0391079007197057,1.2727517886894235,2.4834440544984515,7.668292623237118,True
167,0.012016891196869009,0.1291947175039324,1.234982785327053,0.015870616324297183,0.2577728514940586,0.2158671543042458,0.973526034519238,1.4405757118671758,-3.9846575845037258,5.319968766473254,True
168,0.14183539598838812,3.198137555092145e-20,0.6400902770112733,0.04441193005056616,0.13700670469011794,0.12373472501225052,0.9053327306802696,1.3022575905188838,-10.710315847742635,6.711116875164153,True
169,0.12405533311909446,1.0555998394026022e-25,0.44109466130273106,0.07939020630779435,0.14048111497862617,0.07721781669856619,1.002813306120165,1.3062369664998021,-1.0961601930936204,7.29952797392155,True
170,2.013463248892459e-14,0.01533681581204474,0.734028771356676,0.06175735336743105,0.15525580599603742,0.014652546689278224,1.0113413421787139,1.323158989426869,-0.2550709224839909,4.944666937515803,True
171,0.12040316701414726,0.0025510920811087252,0.7680586933107234,0.03313391628930279,0.14925330937452738,0.0909892580617224,0.9311218301500919,1.3162840987554407,-8.166830487944232,4.316521400990277,True
172,0.24087073336014816,4.4054487944278945e-21,4.999999999999866,0.0018620370400656441,0.3950225525422421,0.4408196269790692,0.998953944785653,1.5977730830428871,-1.4767950060303736,6.096905012657564,True
173,0.13375560373915754,1.4909161151146518e-31,4.999999999999999,0.003923251153540407,0.1545067899497439,0.2793270422962957,0.8896732706496275,1.3223011124876365,-12.254751603512016,5.006111043702133,True
174,0.13679468364577893,1.3400683218531644e-18,4.999999999999999,0.00336988597107266,0.28266917113588963,0.17116331039238025,1.040610043327072,1.4690904260687911,2.6315949325326438,9.355061905726501,True
175,2.2182116121646524e-21,0.0850270988559264,0.5296132578974461,0.07229772268251186,0.04962703626741599,0.06556969362547112,1.0234875385168873,1.2021782893229427,0.942864375703989,5.929006250759254,True
176,0.17019890306072794,2.4280188248574605e-18,0.5982749930164475,0.032168475609236705,0.3277634715376508,0.2396031330548703,0.9465058215198325,1.520738665912141,-6.649563207247288,7.1071882090912855,True
177,0.06465990960262935,1.5966574285160148e-22,0.4868671963959088,0.10144973409518598,0.07256344146757109,0.07433434266263504,1.0159872691890202,1.2284482379942299,0.20314001067534004,3.194059110783876,True
178,1.8763901553434938e-20,0.1030939622199881,4.999999999999618,0.003924158020835082,0.16158381251848855,0.10657536475265854,0.988929964944729,1.330406699130534,-2.465423787044585,7.59484167052446,True
179,3.6462892844193894e-22,0.1267019202929862,0.6949808895896359,0.04284534689696008,0.06512635926962226,0.06324381121810206,0.9727522329826579,1.2199302611840304,-4.060974823963138,4.633487615743827,True
180,7.456296914451864e-17,0.22521270727888895,4.999999999999999,0.00261273074063494,0.13629647160949793,0.09042526594398735,0.981804500202639,1.3014441332046394,-3.168182534959507,6.930041351211948,True
181,4.443280981767305e-19,6.430595936269702e-23,0.5942291978255578,0.11693174242164237,0.04666773367465576,0.014321631016976468,0.9956533198439705,1.1987888860343185,-1.8023236747292781,6.805087771741756,True
182,1.1067311557116223e-16,2.0744777391701966e-17,0.7700319191927161,0.06382074447616179,0.023798741706295458,0.007983402577874254,1.0013004697118484,1.172596148335002,-1.245365761935835,10.876464044147182,True
183,0.12398643764385518,1.537838664298073e-31,1.049041165019007,0.023504741542530853,0.22871817390539217,0.15752072512882526,0.9574942744617195,1.4072982700773917,-5.565811941824917,6.369738287781169,True
184,2.434253232984256e-20,0.21965213494734614,4.9999999999999165,0.002373294801353167,0.1546957582938036,0.10103214489279959,1.0287643354496931,1.3225175452134985,1.4632957215493958,10.140323230777309,True
185,0.15808138386144582,1.5586464598652947e-24,0.7162323526240122,0.029331240529668005,0.13675275306948478,0.2303002275634162,0.9769283096346439,1.3019667299423983,-3.649103527791986,7.561428585445998,True
186,0.03428651015627286,0.1560477888220476,4.999999999153822,0.0027564528822092284,0.2316734099299013,0.12283850974764718,1.0258860098821845,1.4106830157687031,1.1794169087099515,5.378331675052458,True
187,0.18518322417485752,0.03150020780212528,4.999999999999999,0.0023968439436168414,0.26262720782715016,0.2873520354176013,0.8969859565681877,1.446135593225637,-11.53352790989578,4.7679043548968965,True
188,3.9774178217205406e-23,0.22893069715407466,0.9105845772659933,0.018077726028937067,0.08513978409732421,0.03796352379270371,0.9322587106992737,1.242852407805195,-8.05470408213207,6.2049026508271,True
189,0.0653383783380686,0.12900517664398203,4.999999999999909,0.0026010375894660247,0.20312962224559022,0.09787623318375349,1.041866284119092,1.3779907158722093,2.755493406251097,3.4485946853709555,True
190,2.0058861971422352e-26,0.14896092719490248,4.999999999999999,0.0038667131913833843,0.09861633440193567,0.10833656100131198,0.9614006957500644,1.2582876201533693,-5.1805357762986,5.860869101710679,True
191,0.11544807145499988,0.061835808872049335,4.999999999999999,0.0029182121304682043,0.363590152155571,0.15631512102485806,0.9574973654943899,1.5617723437130984,-5.5655070844818795,3.7113759329526066,True
192,5.3759531201050585e-21,0.2802966241438932,4.999999999999999,0.0017925252275979415,0.19415894110252863,0.08647163092191329,1.0207130788277967,1.36771624909687,0.6692294777964403,4.020343193584521,True
193,1.0603092568906655e-20,0.10332573301066877,0.8175797119245829,0.04161291170540661,0.07007030093785996,0.0838661591366504,0.9520714701099214,1.2255927480787756,-6.10064346992808,6.575922101832652,True
194,0.24140456783215808,4.4464501994891576e-39,1.350266383450974,0.008013477396141574,0.4371801478708096,0.5133867641953601,0.9039455882199157,1.64605780140751,-10.847124678310516,5.128267221127553,True
195,1.0184855855765994e-31,0.18590939078152774,4.99999999999893,0.003397859225318019,0.1260795562982718,0.24243208170317623,0.941548608373533,1.2897423064160638,-7.1384751631597965,4.0876204238487635,True
196,0.2062038748620244,4.6764956916873725e-23,4.9999999999971525,0.0022324310300729775,0.4191169415094955,0.40127130762146734,1.0053571653587965,1.6253693151425666,-0.84526858137145,8.5399224469911,True
197,7.518991990603677e-21,0.12967977291222668,0.550880387781518,0.06707630614062435,0.03870616541678545,0.0924646123139612,0.9740233011200916,1.189670195129966,-3.935613982936026,7.388752140134322,True
198,0.23924039076449266,4.3017162972446156e-12,0.3929616345488617,0.0440238668563812,0.2866026496555413,0.4220358211828725,0.7207788098316029,1.4735955905838545,-28.912199799575422,7.826138806002005,True
199,5.0524453361177626e-20,0.1169313577710809,0.554322636715161,0.06429725578530478,0.021207517669448495,0.012221874113253237,0.9796471674869397,1.1696283195994286,-3.380952437414464,4.332788976927666,True
200,0.17023979914129264,4.49006201253345e-21,0.39544482373792794,0.058927538235052035,0.1486118048965751,0.12832599946858764,1.040412275290637,1.315549358958112,2.61208978827987,6.492796108994311,True
201,0.04155613848294321,2.38851099269694e-18,1.041023695284064,0.02989029168752818,0.1568333986708024,0.177668085964869,1.0195321424145145,1.324965867105765,0.5527580018710676,4.380036972752175,True
202,2.1541407238779848e-20,1.4795970675765377e-24,0.6809568875758674,0.061214019153900096,0.09598403249405223,0.03401900743429701,1.1000902103500472,1.2552727433492672,8.497908108699704,8.250738503172547,True
203,0.045034877401004134,0.18675189882893858,2.297370453229197,0.006881474968813133,0.07955020530080743,0.16416633223245236,0.8887202157245405,1.236450447829461,-12.348747954640093,7.184444966209573,True
204,8.434377099070144e-22,0.11600117202460909,0.5326286740076452,0.06225214381470681,0.09898804001605208,0.05390048823687988,1.0147195146554788,1.2587133489159392,0.07810597838375788,4.84868866383419,True
205,0.2009313916849838,7.071977494455719e-32,4.999999999999999,0.0023798140224447536,0.34314127795425614,0.40244751863594835,0.9030538918326841,1.5383514601454102,-10.935069459358903,4.819238507609707,True
206,0.0017158934483847185,0.13944825077237005,1.5873477618403227,0.011888902044224943,0.16831291527373085,0.15393504304080893,1.0061081876881521,1.3381137998048296,-0.77119797251467,6.028962230423821,True
207,1.0716344880611594e-18,0.14747742149100135,0.5328148308487738,0.0514592738905709,0.11738450579735682,0.030811287700647567,0.9987822150065896,1.279783530035895,-1.4937320913830598,8.429378077340806,True
208,1.1299775730999898e-16,4.239808449325099e-16,0.5683464716125701,0.10515324640455478,0.04990668747934837,0.04784610443886099,1.0287130670541673,1.202498584631611,1.4582393056170595,4.739228144113588,True
209,1.317396157436378e-30,0.16576074723107176,4.999999999999999,0.003705377042412017,0.16203839425688948,0.119470462901973,0.9713310702558324,1.3309273491116662,-4.201138950042904,6.758870651027797,True
210,0.12683973901719034,0.012686214455222252,0.3581715778313983,0.12820989575166508,0.08438796616501747,0.022417185726524673,0.9744631453297735,1.2419913217579481,-3.8922337435745358,3.326767702586807,True
211,9.055346837022353e-27,0.14774681723146937,2.765167212550988,0.007811531413796961,0.09887837671966956,0.11880850245007982,0.9135997209493177,1.2585877473169984,-9.89497257670191,7.652966548146469,True
212,0.10132342543100481,2.982794845741988e-22,0.45000271571310707,0.10403710635282165,0.10730174776488598,0.047398172762672754,0.9530048911963437,1.2682353587480846,-6.008583533107858,4.006133669952386,True
213,0.15534246848034486,1.6811077724542723e-20,4.999999999999999,0.0034016301291022837,0.13461959864653275,0.23201342367781974,0.9159510493650229,1.2995235459861567,-9.663069581856254,6.210478475360109,True
214,0.22335517301832689,2.54826057061449e-29,4.999999999999997,0.0019349614311446142,0.36686314155132616,0.31484411705984633,0.9778868228573323,1.5655210245843088,-3.554568844565309,8.944987194764279,True
215,1.1555212190452764e-17,0.19028436574276467,4.999999999999999,0.002990261204288718,0.16726772364541778,0.02499638298844772,0.967209404467512,1.336916701559144,-4.607643900044833,7.4877493015592,True
216,0.18585179891704204,1.2756785522718968e-30,0.8623650401089915,0.018735947411621205,0.1916323191520411,0.20123711190407656,0.8749106031601789,1.3648224116200798,-13.71073996304829,6.4867019061670375,True
217,0.23315927501802267,3.702935538609678e-22,4.999999999999999,0.0017686387010122716,0.4752227052106527,0.6219827024597789,0.9344017016515629,1.689629408201212,-7.843348655793658,6.573303738390615,True
218,0.15665105101002552,2.4869947370611387e-18,4.999999999999999,0.0031904057697558093,0.1644994974885178,0.3234050430682853,0.9592344702609958,1.3337461454751511,-5.394182740742448,8.531211985625065,True
219,0.17013798144243725,2.9825293754787787e-18,4.999999999999997,0.0029101852080394633,0.2659895330054402,0.4460742710015503,0.9292441600074405,1.4499865938109102,-8.352018284980456,4.207913085053083,True
220,1.6626653429742635e-22,0.014729106869611848,0.5729846654361108,0.11191076524523333,0.07254123677854071,0.008131097021364655,1.010130789060019,1.2284228061082827,-0.37446338666295986,2.6702167619461132,True
221,9.717389495375973e-26,0.24244163708410219,4.999999999999955,0.0027872936270066503,0.016221664843131967,0.03334129825496999,0.9644850405690035,1.1639178302403967,-4.8763380317933365,6.675436383243732,True
222,2.8948817216189563e-21,0.1500238824388662,4.999999999999999,0.003539351554190945,0.2039645491789926,0.07980810377657023,0.9939290104208246,1.3789469898608029,-1.9723860601439491,8.221124064252649,True
223,0.04954430229733416,3.634064294937075e-15,4.999999999999999,0.004478253692519721,0.2655206127695476,0.18330244526760986,1.0433383961501412,1.4494495213961036,2.9006824774452378,10.96498235464478,True
224,2.46659513160886e-18,0.18059358563916703,0.4804640699540196,0.050188748554766516,0.14107142953128213,9.087768916392186e-20,1.0348764079215977,1.306913076503216,2.0661072647949474,4.671062842003865,True
225,7.240131791479126e-20,0.17703316210776548,0.6931995972340813,0.033107861578962144,0.11232341240765452,0.04107494715512575,0.992767286807121,1.2739868647604153,-2.0869626473196567,10.595415261365995,True
226,0.1789968027851544,1.0611430267562045e-28,0.6879290831744258,0.023827203833632443,0.3325870410517689,0.30857681420976807,0.8524609906090954,1.5262632859405407,-15.92486383827878,4.141528821896853,True
227,5.705300582556331e-19,0.11709354616553938,0.9500581926296657,0.02560953178258038,0.13994026602286597,0.11883530833613001,0.9793920892748794,1.3056175113505424,-3.406109876461072,8.076229742192139,True
228,5.955101684059962e-23,1.863540867925819e-18,0.8208186767987038,0.059868115370735414,0.0403833888566149,0.010173900571021341,0.9625650130097376,1.1915911837631064,-5.065703387226428,5.943603385887369,True
229,1.9783519151911425e-39,0.22846742167193854,4.999999999999896,0.0024726290964957875,0.1823711384090541,0.09248516317521525,1.0582649081572995,1.3542152244592889,4.372830227601776,4.791036777390944,True
230,5.037454588930345e-18,0.1712183605744104,1.3988346909902991,0.014365132095530793,0.029900118094263097,0.07067002134006968,0.9721337704637871,1.1795842898130324,-4.121971539423197,5.5899780705144595,True
231,0.20792321619650336,1.3952549188307015e-31,4.999999999999876,0.0023464232587865207,0.24150357358351202,0.3518933687469841,0.9653531020483335,1.4219418809813285,-4.790724276002278,5.894408997377883,True
232,0.09021329413644807,1.3253422939120022e-15,0.5404925517156045,0.07080077564144796,0.11478273835037406,5.223658285940785e-19,0.9542364179818015,1.27680362552643,-5.887122512234411,7.328814534037897,True
233,4.544620534856201e-19,0.09897031972475903,0.71464663916686,0.04492791764105992,0.10532554813761491,0.12432311576032302,0.9752600134417295,1.2659719411671868,-3.81364153143382,5.205629014083118,True
234,4.4554674033863364e-20,1.662332417608296e-19,0.7435037898731994,0.057882293858901486,0.16926925469286108,0.06134957598765367,1.0134842407951707,1.3392091321916464,-0.043724602893879805,5.002768015507681,True
235,0.03608705876690369,0.05445102191792461,0.8388096018989165,0.03213752151038138,0.17293530373090596,0.10830744629288139,1.0060233258352511,1.3434079994167167,-0.7795675893255138,9.646336009518697,True
236,0.12894075679164205,7.478450543360731e-24,0.44833873361157445,0.07697392360800609,0.16489974782936526,0.05444966551286783,0.9951957890758355,1.334204567613144,-1.8474482752129262,7.055871755178526,True
237,7.252316682442083e-26,0.15466718869126803,0.584491375569326,0.05108382115766342,0.09237117270456731,0.03948751401824884,0.9903689280072034,1.251134795820084,-2.323504078410432,6.91889664877773,True
238,0.17375244500789064,4.367946470525088e-34,3.4377051663277416,0.004173602185786568,0.27542390330013217,0.3362031726592656,0.930644739345411,1.460792141638684,-8.213884223900392,5.126711185470182,True
239,8.331071797040213e-25,0.035334277934370995,0.6935309995187654,0.0543459713648951,0.0125287366042408,0.04991330404202306,1.038274226601321,1.1596881772308765,2.401221799415998,10.346408564935926,True
240,0.027303247835197476,0.16764349910085566,4.999999999998987,0.003148300670694252,0.17644467616671305,0.10288393888763164,0.9565737360882517,1.347427418892113,-5.656601303383968,5.097541283416709,True
241,1.4724210688869237e-17,0.2537640333223535,0.8389856861233802,0.01608697742835793,0.11180777075854645,0.05270448715562953,0.9274570218172336,1.2733962805107635,-8.528277243849768,6.354732670748941,True
242,3.5854335603663175e-17,0.15828126209347393,0.637909397592211,0.045622782998911496,0.053377967983229795,0.10319942692494102,0.9536064012047628,1.206474375949598,-5.949258782277511,10.802976693332457,True
243,5.792500694022455e-20,0.22507665525596998,0.7702721572567662,0.019680246671052046,0.06597119735478899,0.037397958575282254,0.9674157860687639,1.2208978867966407,-4.587289231130153,4.0248336216683445,True
244,6.626251900298677e-27,0.1322687251885067,0.6807082450339338,0.04199087369505193,0.09367092833998603,0.03645568684770996,0.9927285149724305,1.2526234560320793,-2.0907865727740282,3.819795715699451,True
245,0.12655312754770146,2.9451607625406254e-28,0.6873034887543109,0.04118451490432631,0.12673072387871012,0.12876945156789465,0.9444978991273245,1.2904881137370126,-6.847597311343545,3.005353930354482,True
246,7.196380650409793e-21,2.758608536953279e-18,0.6254024629185584,0.07773540570193925,0.13808000102863272,4.0851407127203645e-16,1.0502946781263633,1.3034868781721065,3.586755342682535,7.689660093277961,True
247,0.10492065960025017,6.500136605539639e-31,0.40743999776429035,0.09924325055726071,0.11701342258201132,0.08210750148054845,1.004718443348356,1.27935851413062,-0.9082634170165305,3.654562760900163,True
248,0.18039197872574467,1.9218965537180957e-33,0.2842216843850777,0.10661795685009777,0.3150751374320366,0.05723911281915974,0.9883329812667516,1.5062062279485682,-2.5243021223176343,10.478461475982515,True
249,3.294973162674313e-20,0.19783585620581715,4.999999999999999,0.0028539443056607014,0.18788302739520177,0.14773114589493713,0.9924904805903496,1.3605282033016295,-2.1142630406770557,11.280304769793855,True
250,1.2264293582391455e-24,0.08771726271270432,4.999999999999999,0.004698344090659617,0.17998761959788098,0.08549474774376158,1.0016686867083737,1.3514852885220678,-1.209049854860944,5.8187440773836245,True
251,0.21967200365369913,5.2359596786591746e-33,4.9999999999975415,0.002534664941721717,0.24049073793296113,0.439348299509639,0.8062986104978397,1.4207818412837283,-20.477691986614165,7.945962527994674,True
252,1.5014987736226083e-29,0.20172653039997218,4.999999999999917,0.0032363180599682207,0.02479427788714214,0.0892171126072611,0.9635023884770622,1.1737363742833593,-4.973253444157876,5.998347937694069,True
253,0.08441088264003101,0.07240700841345844,0.7235140138426439,0.03047748782602467,0.11513379191915528,0.19005416468790898,0.975971163932638,1.277205700705704,-3.743503337412901,4.177992671109495,True
254,0.18067607120130466,0.04657955452935208,4.999999999999999,0.0021704157076187624,0.3175183938363569,0.27440161929210827,0.9450736699714175,1.5090045836530555,-6.790811120950857,3.1022122814512145,True
255,0.07450372015588104,0.07723897852534475,0.4772881535305864,0.052571174062836734,0.12765224398951067,2.9255920329424147e-33,1.0265787423743054,1.2915435662283266,1.247738602300985,6.418251615409517,True
256,0.21494606337802977,1.1220657051364802e-33,4.999999999999999,0.002987419647407184,0.2247448479742125,0.33096322835979,0.8171507966480303,1.4027474667864872,-19.407380220702507,4.548428742706667,True
257,0.0650043218265025,2.274240211253159e-27,0.48441471850841666,0.11076366062705167,0.06583828417231732,0.017352511488168382,1.0197108678166047,1.2207456562072874,0.5703850401541422,4.2548462923987636,True
258,0.11725091026297893,0.06079870202554364,0.35420777180047636,0.06645825594091374,0.23442911212446377,0.08259467459450805,1.024413940180026,1.4138392276760519,1.034232012260805,8.692285659594335,True
259,0.1882140067290869,1.9351389512157849e-31,4.999999999999999,0.00278500436778931,0.2807498703459166,0.30425417501404733,0.9426994624783902,1.4668921769187013,-7.0249705962246995,7.19106035409109,True
260,0.033737192088705036,0.17239115259681553,4.999999999999837,0.002903691523197,0.1151697394967149,0.17003130003250505,0.999425473270592,1.2772468728514306,-1.430289861499312,5.633927228335311,True
261,0.0325083311856581,2.095988264843352e-21,0.4496483652695576,0.18382036327664483,0.15426698130572333,7.027227100858809e-23,1.0571226641513132,1.3220264504072288,4.260174843494902,6.6388017867938185,True
262,0.1536458588786857,5.8758581212306965e-27,0.41377666052294143,0.07711004493162354,0.14574171541338865,0.17758593761935956,0.9644244370039028,1.3122621348814814,-4.882315141648053,7.147361507155718,True
263,9.7192037105349e-20,0.21347029955635427,4.999999999999285,0.0027104566614062574,0.15391582823750652,0.10813785063747094,1.0041458646504184,1.3216242612674172,-0.9647347776098325,8.89011137007526,True
264,0.052606182876918005,0.08687034440273678,0.9909411347195708,0.023373269982709888,0.15961471387457057,0.15787104051797093,0.9799335702048868,1.3281514145794886,-3.352705575946602,5.274285247341084,True
265,9.270901628514385e-16,0.2356848549937392,4.999999999999999,0.0029977314842395564,0.05347227650124988,0.10138050992438444,0.9238033029223676,1.206582391129223,-8.888630288700561,5.305208911835558,True
266,1.1499846573727924e-22,0.24503167991168098,4.999999999999999,0.0025300885552004375,0.12659670935596656,0.06049634964795431,0.9531598763215546,1.2903346217402085,-5.993297912242279,9.322182524177206,True
267,0.21380614218472038,1.9558004748135084e-18,4.999999999999999,0.0024278894949273915,0.22292980118576416,0.368422107091463,0.8698897887777067,1.4006686237615045,-14.205924678242665,5.614853871694818,True
268,0.2474066966175333,0.009099661849686278,4.999999999999999,0.0014947205839005112,0.5537127305264005,0.3012838993841281,0.9495442920617555,1.7795270586071608,-6.3498898763268645,6.914318909320437,True
269,0.0335485347201467,0.24724434924722619,4.999999999982819,0.0020974528037569144,0.1319032743077861,0.1290057607750614,0.9297343742540546,1.2964124350543982,-8.30367023153693,6.206278849460105,True
270,4.781197940812011e-16,0.05314745103955672,0.6310539011299058,0.06139535420227309,0.15835257358346355,0.12435371687741742,0.9993540114404004,1.326705836670745,-1.437337882663814,4.545532880167914,True
271,2.377278641809542e-15,0.2565223556673245,4.999999999999989,0.0023384063790387426,0.1375540087857504,0.00908053565272367,0.9866098327890543,1.3028844389885712,-2.694250007892718,7.8301151790444505,True
272,1.5226025190636105e-19,0.1576800913064967,4.999999999999999,0.003789373327951946,0.11355256533586319,0.20049534466070584,0.9595075048149901,1.2753946609713485,-5.367254332807292,5.873260251966361,True
273,0.17264668955881815,8.498280234343627e-35,4.999999999998492,0.003062507791357329,0.31886228800235494,0.24279773740159044,0.8937055448718794,1.510543797424888,-11.85706301950421,9.027527903594704,True
274,0.07664640541613699,0.1278401512306719,4.999999999518115,0.002546874208192252,0.19855460390397542,0.15147683406248155,0.9840995506301039,1.3727507710789595,-2.9418300340089854,9.095467419274637,True
275,0.17847069590907455,0.004007181269877185,0.38197817340117085,0.04618180551072421,0.21649074363376491,0.30493136933858833,1.0167037178125442,1.3932937230346312,0.2738007403031206,3.405858044538758,True
276,0.1447916556584459,6.621781502323049e-21,4.999999999999999,0.0034930451800906526,0.2731665199755115,0.3670672498493874,0.9711011034323577,1.458206673534519,-4.223819743896595,4.235087987012546,True
277,4.446125707491688e-16,0.2011144669971326,4.999999999999999,0.002661949513275442,0.13766637520375627,0.1289045343287119,1.0330537450002,1.3030131365768653,1.886344630514225,7.545052836630413,True
278,2.407131045185822e-24,0.19161518809543646,1.1532604302568394,0.01401730509144689,0.13531680931796838,0.1329248156805172,1.0017730962396438,1.3003220882333768,-1.1987523214197493,5.296782015731849,True
279,3.1730648930968477e-22,0.21796563697804136,0.6845279069064554,0.029092697284953957,1.8930050288604876e-20,0.08430788514037933,0.9277429105594548,1.1453385324353067,-8.500081073943889,6.300664454342274,True
280,1.3619147595474423e-20,0.051912523172553265,0.8071521696899042,0.04257115727235804,0.21413777326348926,0.132081193440709,0.9973134366355597,1.390598775403876,-1.6385923757785914,5.687033409707474,True
281,0.057370192460204195,2.0219395677059507e-25,0.5948141360630367,0.08726961182159047,0.019084399024901926,0.13903413295659953,0.9239753312342445,1.1671966300068977,-8.871663760139082,4.5511956929284665,True
282,1.1323229919045284e-18,0.17316504091986434,4.999999999999999,0.0033249066909641634,0.11137437819359738,0.12087311489672702,1.0005147324035948,1.2728998993064564,-1.3228601832718345,8.779761151776516,True
283,2.1012672359422298e-25,0.12548863423634227,4.999999999999932,0.004469234153509026,0.12079741044976329,0.19862429561595682,0.9110996043159907,1.2836924612418241,-10.141550013889933,14.397847969406415,True
284,1.2268224972401725e-21,0.11064981422042082,4.999999999999999,0.004515645567407395,0.15199620595145158,0.1046598162427337,0.9521388929984925,1.3194256438954768,-6.093993794928898,3.3739980243578973,True
285,0.19537444696218764,0.0036308535772083387,4.999999999999873,0.0019915287358817082,0.4671803707306098,0.6265256603690915,0.9959896303160719,1.6804182126304856,-1.769154592453348,5.360166195385649,True
286,4.847378483742828e-18,0.1578511768264756,2.326980361064368,0.008328074919403322,0.14598032899872343,0.1725667086084044,0.9767578306722343,1.3125354282151278,-3.665917249634032,2.45645251045848,True
287,2.0160698729128307e-21,0.06534714810085925,0.7854701456750383,0.045721107007559735,0.10204710497681348,0.09853467035289872,0.9984831441542696,1.2622170138887219,-1.5232283650047251,6.021395424304762,True
288,5.4601912639640795e-21,0.14439163691299206,0.7739847464258564,0.0343881321753422,0.1010399427379131,0.1584359717798555,0.9343612337268427,1.2610634721680956,-7.847339860457003,8.080745519584754,True
289,1.5782700464683757e-15,0.24327031588905454,4.999999999999937,0.0023118004220470125,0.0929436903642375,0.06682699982182473,0.9562561170788794,1.251790522356204,-5.687926914473163,3.3869433654709726,True
290,0.1749855182547521,3.776101144619963e-22,0.6749879506013824,0.027989563688520524,0.1051881368465197,0.2597319263013397,0.8982122196297303,1.265814558720704,-11.412586031023853,6.51678395500814,True
291,0.14361475826932843,0.003690211941787633,1.2180756572438294,0.017033756422467412,0.18353913425059992,0.2373422234178056,0.90305973191741,1.3555529751023354,-10.934493472980723,4.83082093438548,True
292,2.9682354000747516e-23,0.15991673166992296,0.7693966126304298,0.030305454757302404,0.02777118089023624,0.09699749493133104,0.9608740078681841,1.1771459360001255,-5.232481092121399,8.397959451131479,True
293,1.184652538642051e-05,0.0480805576699834,0.521265850369216,0.10253163496323016,0.04431851964730128,7.511938997573464e-27,1.0485113324392354,1.196098240687852,3.410870424638879,6.862395580986026,True
294,1.495126466760453e-18,0.19521812746675132,1.14997692095569,0.015465711591844135,0.1462254371315725,4.2438354067212464e-19,0.9888092610894947,1.3128161600042931,-2.477328370569065,7.092887736588374,True
295,4.560849884444902e-29,3.3614876430476586e-23,0.5160050710187313,0.12937622383765882,0.09553987103798785,2.200533635076982e-15,1.0472959184902029,1.254764028119014,3.290998554390878,10.120677465094042,True
296,3.3295732538525154e-22,0.09300153720181119,4.999999999999999,0.0040909660089821906,0.22215993221811203,0.191709426872261,1.0043158308467255,1.3997868631679264,-0.9479716280289985,7.140627563152175,True
297,0.16721369710222364,2.4411349732612924e-17,0.3531911297692699,0.07145738057010119,0.3044484583433798,0.25869487416210385,0.9294970415998807,1.4940350829165048,-8.32707749056122,5.225297523048071,True
298,0.212666835273119,5.7513973052898974e-33,4.999999999971891,0.002741691271398064,0.12232961291580507,0.32335821841881957,0.8546809413619681,1.2854473517656742,-15.705918145893804,7.405239109470297,True
299,0.14671500332791837,1.3847908715980836e-31,0.4496858387426633,0.07077741114569801,0.137851268985779,0.13805402136158984,0.949632888199545,1.3032249025498235,-6.341151960539371,4.207252780515431,True
300,3.952534683305096e-25,1.5291707228719004e-20,0.6159422047929323,0.08427293944310182,0.06183271804781791,4.142595579058964e-26,1.0142126715601067,1.2161579269806806,0.02811788188965547,7.4006166335762575,True
301,2.8723120646882145e-17,0.21698226647688287,4.999999999999999,0.002725897276160369,0.07833644062167666,0.20827903276011436,1.0253205274121195,1.2350602763731433,1.1236454233381599,8.515790535686266,True
302,0.20438185078428883,1.6110218706024495e-22,4.999999999999999,0.002462882493227083,0.23277169105698753,0.4234869330410946,0.8732872787832404,1.4119409194630013,-13.870842559565022,5.986023041458571,True
303,0.13647612560319175,2.4508932349857556e-20,4.99999999999989,0.003586226450190116,0.24917434359014606,0.30548210189786573,0.9154685381149873,1.4307275094433756,-9.710657916681198,6.359605727953623,True
304,0.11198025834223285,0.1369641529163443,4.999999999847069,0.002590838881259503,0.09948163474226539,0.22765255145894772,0.8768961290340054,1.2592786819752781,-13.514914746371453,6.80099569820687,True
305,5.054864867315435e-22,0.19976787195809378,4.999999999999999,0.0026824911318512144,0.21406852039595736,0.16197529779769151,1.0207330851477538,1.39051945742621,0.6712026285834227,6.473925914621489,True
306,0.05202341957149644,1.1961171139957737e-21,0.5102259606317382,0.10486927072977419,0.01261539023614165,0.05247607087559624,1.0015713546369311,1.159787424974468,-1.2186493641048735,4.602231771995983,True
307,7.451818080470499e-23,0.1790143012180596,0.7165008288636295,0.03336171516556973,0.10800669531972171,0.08692643907631532,0.9717403745172083,1.269042762345984,-4.160770755033583,1.935193356322661,True
308,0.17722209841196668,0.05605055921695482,0.7708804626986969,0.016231035011538403,0.26605876199125,0.3693716397057001,0.8828265887721347,1.4500658844359195,-12.930015008462536,5.3521760253138435,True
309,0.11559691698631284,3.840853315022093e-14,4.999999999999999,0.003330098713239442,0.2634238860349676,0.3263145864093542,1.0299901104153206,1.447048059475002,1.584189461291241,8.678054057644452,True
310,3.5450351122015946e-22,0.16166980702477057,4.9999999999999964,0.004023972090660592,0.11656787272162474,0.14354672405855828,0.9232437621500748,1.278848208707398,-8.9438157659679,7.207004400629855,True
311,0.17433299896117582,1.1516474110192463e-24,0.40041899499547723,0.058054971856426725,0.1772100132157282,0.21719110030262226,0.9414482244917044,1.3483039889046502,-7.1483756613950895,8.774695141215824,True
312,2.2305556413754087e-18,0.16345614412323609,0.6277307340008179,0.03551599417758597,0.22305171825182885,0.11509565916276737,1.02778438137774,1.4008082600750298,1.3666464051122817,4.507008660488945,True
313,0.13063911418476126,1.6257066013665376e-27,0.3508119125532675,0.11225347992490457,0.11055692651734349,0.008295530939679371,1.0171823300320808,1.2719636404032388,0.32100452788927925,4.482468550665041,True
314,9.47498562943924e-23,0.08006015041793958,4.999999999999999,0.004578823158508725,0.1136451612638593,0.09220064033685822,0.9740497182343607,1.2755007146556292,-3.933008558753981,8.391469551088278,True
315,2.840552812258916e-18,0.10972233830730865,1.232548637886411,0.019533890574972453,0.16117075027020608,0.09167430918454264,0.9913584358224008,1.3299336030212818,-2.2259125109225564,6.207980590699697,True
316,0.12399450012378103,3.1085571881330287e-33,4.999999999999999,0.003391919782321449,0.3104853062281535,0.32559847394548275,1.0160507846696727,1.5009493174133868,0.20940431220124456,8.734577438062864,True
317,0.004694225445624543,0.17050175156865519,1.1999442101785285,0.015618193416369832,0.14712386724262305,0.01809995085916792,0.9753931786503349,1.3138451666291797,-3.800507929815866,2.9858651427693625,True
318,5.382289711356369e-25,0.17071935084093123,4.999999999999999,0.0031248047596204543,0.14466832083951997,0.11895055852774394,0.9900349471256699,1.3110327347155226,-2.356443401616626,11.936859762747192,True
319,0.07065043218488254,1.1847458251747336e-16,0.48837095317234813,0.09756230531959462,0.12802010563741026,1.8050746551518446e-19,1.0169418886273007,1.291964892348271,0.29729066406620763,5.122253690943879,True
320,5.008006452323581e-27,0.1507368374167332,0.6193907321456504,0.04572042181501765,0.09298032283278836,0.019081012580253676,1.0339656268404471,1.2518324789339736,1.9762802295935522,5.604470968453001,True
321,0.124866976210433,5.827349779876275e-20,0.44726069029502863,0.08261691075863016,0.1563155576796713,0.1481337480965967,0.9941613106088835,1.324372763864948,-1.949475135002976,4.303317507459006,True
322,0.07925777210633447,1.8315043674072055e-25,0.44416193065458154,0.12281702148530005,0.06748822070824158,1.6960482371902984e-26,1.0131506743059877,1.2226353920979542,-0.07662305608527875,7.028571522910612,True
323,0.1461592009000544,0.047327688713063795,4.999999999999999,0.0024085184378079176,0.37100398894667824,0.20335409697544232,0.9958455990238038,1.57026369666314,-1.7833598764984804,8.954553211994016,True
324,3.1839273602576245e-26,0.11929925976426656,0.7424030308035088,0.03579550869049548,0.14697192374937487,0.14251391427173338,0.9846775194425359,1.3136711398916097,-2.884827065969675,5.4855671802841925,True
325,0.09635379103714037,0.09602580816074026,4.999999999999999,0.003326998498484642,0.24197732789556775,0.12600088019911104,0.9219337609438005,1.4224844900498332,-9.073016434388903,5.216472014203537,True
326,0.04870934093531731,0.19805574808117793,4.999999999999999,0.002099706867067518,0.11311407043461373,0.08851021151704251,1.0115234223059426,1.274892435864671,-0.2371130198259963,6.521244636111094,True
327,0.11255964345857597,0.06722829915578889,0.8141141152380953,0.021052614129119476,0.26659733160788124,5.412043479179959e-23,0.9823739234847508,1.450682728970246,-3.112022381586388,7.907894283386301,True
328,3.1627188798356085e-27,0.2488105753353417,0.652789857598439,0.0227079238211193,0.14567436459259564,0.10093892140689041,0.9335030277605495,1.3121849953912361,-7.9319816027370145,6.344211087095124,True
329,2.8201738160194563e-22,0.14830107394101827,4.999999999999999,0.003589574975631323,0.13809098716401896,0.1657414029853014,1.0144491983703785,1.303499461016287,0.05144566345216539,4.053207548350759,True
330,0.09428388478136804,0.1928230640352955,4.999999999966166,0.0019772740532762114,0.21714411882158863,0.11866886023740303,0.9079387006135665,1.3940420588133828,-10.453298483442207,5.09064631575575,True
331,0.06887958669281535,0.12039672973545863,1.1509916333700496,0.013729181219979089,0.1578254259815447,0.15227061524592286,1.0506458451282665,1.326102074209986,3.621389670617492,7.27610758264889,True
332,0.12010073532904125,8.133141916032523e-20,0.4455374367825053,0.06772706767076671,0.25722178846020105,2.179063285576993e-24,1.068874926477071,1.4399445581406982,5.419257858590232,5.1563553030070315,True
333,0.043749191878463774,0.049333934070578296,0.9185564275724168,0.03059421497208993,0.08202719175286889,0.11831269628093641,0.9412798215132138,1.2392874358573271,-7.164984636471505,4.691977968424512,True
334,0.0841534573458888,0.07432620076257548,4.999999999999993,0.0037280878853719287,0.21224262624240817,0.2546671139686119,0.8950939274389011,1.3884281904960019,-11.72013188171277,3.5237229734025397,True
335,0.019529948213687476,0.24707881124654033,4.99999990965687,0.00238217452596422,0.19189771498224964,0.20729824162677302,0.8845911841332306,1.3651263796907653,-12.755979367079728,7.092810808279168,True
336,0.23761238436853585,4.549740399068533e-34,4.999999999999998,0.0017386642736635512,0.4289116472323151,0.6192097930876463,0.94942846487372,1.6365875690207765,-6.36131349185014,6.244168775223982,True
337,0.08530456179457349,0.07752974731071824,4.999999999999999,0.0032817042284214557,0.20432331283682156,0.18165448455604155,0.9857318615458946,1.379357895702152,-2.780841127753797,6.773216670243934,True
338,2.3875432771818137e-17,0.19298125446944936,4.999999999999999,0.002721929855867144,0.19642235213343592,0.04351658164103952,0.9964767401837646,1.370308620965307,-1.7211127126451897,10.077741761558425,True
339,0.151638005608105,2.519548116902463e-22,0.4260054104716794,0.07954323059169716,6.405914636692478e-26,0.05580616746427421,0.9890300468233654,1.1453385324353067,-2.455553074288963,7.447477198261978,True
340,7.983518579809636e-24,0.15742498345672654,4.999999999999999,0.0035079913996859833,0.16981394326838053,0.16247837589069455,0.9943881405837351,1.339832985005366,-1.9271037171535998,6.2445446367861095,True
341,0.200524080497284,6.015512440594501e-21,4.9999999999999964,0.002886430434705256,0.2622668142007599,0.4394596335365895,0.8772321551959025,1.4457228205184884,-13.481773704579947,5.9800867236544475,True
342,0.15804130430804367,1.0464790275121258e-18,0.5689288739575051,0.04415438515040366,0.21332357083915468,0.10137501952335863,0.9617651610236824,1.3896662379940834,-5.144589888048912,5.686772105302286,True
343,0.05607870744570304,0.16002109311350637,4.99999999949291,0.002851442770757215,0.15973946914600665,0.17852159026096484,0.9338349471232671,1.3282943015989888,-7.899245599655802,3.505587678557197,True
344,0.213307500392937,8.353716506617388e-22,4.999999999999607,0.0023159980664396096,0.32807086582017037,0.4918663146986772,0.8013586630498369,1.521090736428561,-20.964901089315536,3.185813948769783,True
345,8.836540234732853e-22,0.09052521661607293,1.8033057565808512,0.014370982018484796,0.10546402037496784,0.10968422116549871,0.9771497021601797,1.2661305387562998,-3.627268385850413,3.924355781191982,True
346,9.677294378014223e-22,0.16811620577788677,4.999999999999999,0.0036524620589199167,0.19223938789540315,0.1274617050205665,0.9767717016754793,1.3655177108436893,-3.6645492028854143,6.987559032953175,True
347,2.0682526602052462e-22,0.18404968600820956,1.5794394889865873,0.011722269260863078,0.08043615149987034,0.09862909713119239,0.9636503696689297,1.2374651561489123,-4.958658595839083,5.672653370772169,True
348,1.5609790193715356e-20,0.21655295971399188,4.999999999999999,0.0025663486331830754,0.2130809671456449,0.08189064941023447,1.0071192442290469,1.3893883746357953,-0.6714811323549896,6.3009966177467,True
349,0.04059575557108287,0.17445339663006013,4.999999999999612,0.002529868697481504,0.08539360004257815,0.2367466408826012,0.9852907614655423,1.2431431129874406,-2.8243452290852566,5.026749568788408,True
350,0.14733999417976507,5.172892305851456e-22,3.2363621853114712,0.005576497391841363,0.11167540329628782,0.19505943215024765,0.9576032452462719,1.2732446749557982,-5.555064548513289,7.969977022157691,True
351,0.08245282020995137,0.11165121560460035,4.999999999999999,0.0031209589943210457,0.24679380862312286,0.20279931598497344,0.8805498466465932,1.4280009910178342,-13.154561827987099,6.712654408276265,True
352,1.9054085531988924e-24,0.08051986737573001,0.6266706622904707,0.059081397073543776,0.0980193679814288,0.058299092770130935,1.0130469738291348,1.2576038915093926,-0.08685065806061099,5.78250326904577,True
353,0.06599806693166234,2.190025843781517e-28,0.6159603538772637,0.05922453257576446,0.22633990229526477,0.11795950386140285,1.007465150972909,1.404574343961716,-0.6373656045949749,3.626730626668434,True
354,5.0303655211474855e-21,0.06096919739301092,0.5349011679200434,0.06270028892680327,0.1337828940380416,0.008092809617033965,1.1102299133717477,1.2985652359577855,9.497950247378405,4.807689882193766,True
355,5.007617277865931e-21,0.13773455281474029,4.999999999999999,0.004019921737909569,0.08026400734223249,0.1211975053129887,0.9746198672533718,1.237267992812036,-3.8767768285822846,4.293327725632554,True
356,0.12081167216711634,2.5613897995357834e-20,1.0605534031751722,0.022647221004308712,0.19756559503785526,0.15627668619728266,0.9928908290331552,1.3716180211156719,-2.074778125576182,8.284469729842781,True
357,1.2992076960192995e-19,0.20433009159063065,0.5523959930489717,0.030580529377274762,0.17016229617251663,0.09243498785064562,1.0548869271829224,1.340231967009359,4.039672213920098,6.089018463583234,True
358,0.22766480694647853,1.61726206735938e-29,0.658782943800435,0.021315960752379008,0.18856329938695615,0.324701215963086,0.8318851115072536,1.3613073450263224,-17.954188178268115,6.668127914034853,True
359,7.181311172281829e-23,0.0440013132315718,0.5757791332132312,0.0822180171071272,0.11193069683368242,0.04590043152047411,1.0184505436843352,1.2735370724812578,0.44608384139459556,5.4761360120845435,True
360,4.372171468669791e-19,0.1384786841335931,4.999999999999999,0.00383004519177501,0.16299587355271858,0.08751166778503902,0.961004538700264,1.3320239870431883,-5.219607309506924,4.594921465509968,True
361,2.1547751207844e-17,1.2934327435215986e-18,0.539344494623798,0.12518884692398088,0.09632818564140151,0.0036494130230989357,1.0637305505318897,1.2556669152099853,4.911886714546254,4.306470966764784,True
362,1.4122204671836938e-18,0.11850683199692295,1.6717595879718519,0.014567206163091439,0.05659981004861299,0.14661275615760197,0.9806272389889978,1.210164475812502,-3.284291539271922,5.627433816461444,True
363,6.194613176896857e-22,0.1358707133019946,0.42488119303935473,0.08152574543512385,0.1668621271455522,0.05102238337750618,1.0153031466796694,1.3364521562592269,0.13566748846189913,7.025359883859602,True
364,3.336685855835065e-22,0.2382137519544137,1.956414637024384,0.005574115390627339,0.166657826326285,0.14837017083650184,0.9855448579083194,1.3362181626587122,-2.7992846183827913,4.766112996599998,True
365,5.655414406850027e-23,0.07920379750959129,0.7781894381914067,0.04530613841986065,0.0596115502031658,0.02598993205517803,0.9884325129069524,1.213613937861194,-2.5144856775835334,9.009968797276109,True
366,1.893471805102147e-15,0.22895768619262521,1.4138327095783878,0.009582368266153309,0.17873408003162436,0.20467073985279724,0.984737016950461,1.350049561354902,-2.8789590425232103,4.668760938612381,True
367,4.700905145259286e-24,0.07371879538375774,0.4350131448180726,0.11573153023766077,0.07295791341846193,0.0291925816062336,1.0524962178756525,1.22890004191955,3.8038852245492416,4.634562644090138,True
368,0.15429771181932342,2.2777995565168993e-29,0.3071613317381034,0.1142296346013436,0.185109802650427,0.07204427481035473,0.9650148361409364,1.357351922142336,-4.824086215770285,4.3584800500644105,True
369,5.379525498540555e-18,0.09165420163770097,0.8048326734869353,0.039937654153403536,0.07003750113313084,0.026846816880251003,1.0003865532954337,1.225555181198563,-1.3355020238844273,13.33419924247653,True
370,0.19680497092315363,7.949486505339637e-22,4.999999999999999,0.0026672394240584104,0.17966311524424355,0.526096601100751,0.82112486891643,1.3511136211819041,-19.015431884341105,7.736759162114319,True
371,8.29308933147231e-17,0.18336388451347552,4.999999999999999,0.0032807719056924616,0.12208211705557966,0.12077752538505024,0.9544589182186045,1.2851638852203398,-5.865178120747528,8.047515912729343,True
372,4.34826180111184e-25,0.11800814266931062,0.6137330342067091,0.04643537835090311,0.10228106107682436,0.09889493940154652,1.01803550726978,1.2624849728249627,0.40515030490413384,5.210770258597586,True
373,1.929764295287655e-27,0.0031252203018350927,0.5526548616242063,0.1100283377138811,0.09824420757841595,0.053711257831072334,0.9907397225665802,1.2578614089634392,-2.286933955658721,9.70008994354502,True
374,0.028994052890923,0.1405399481568796,4.999999999999999,0.0031834785215808415,0.2281461159939107,0.1390598548845493,1.0133490778718675,1.4066430701085877,-0.05705523186801953,6.016717204139656,True
375,0.04994671612675959,0.2119607777960989,4.999999999540449,0.0020901836116481816,0.05776527499368651,0.05680687507552741,0.9691019159534431,1.2114993277222976,-4.420992355141196,4.149858589002206,True
376,2.6551950181158013e-21,0.09650904552851572,0.8437287929233641,0.03769672921379715,0.11688498683121251,0.027525271357674796,0.9606553531839569,1.2792114117162878,-5.254046210703156,4.5074621481575825,True
377,2.5449639202751344e-31,0.17250952585787063,0.5399141971271083,0.054450831506794556,0.058029119089257904,0.08055757105848119,0.8939744326781601,1.211801518531511,-11.83054359025838,7.488738433614837,True
378,2.894134250297932e-24,0.2190125474779586,4.999999999999999,0.0027365622276741765,0.24561630361395512,0.13368028451358724,1.0102024162133525,1.4266523491586989,-0.3673990602764965,5.544735249478644,True
379,0.03624501305123827,0.11331227975493091,0.5236479308036552,0.04943180216059048,0.20219476107604714,0.11115911936358429,1.0284464310237422,1.3769199833522539,1.4319419608580963,5.019459526846582,True
380,8.390778584777207e-23,0.1892640523590341,4.999999999999999,0.003026619494867902,0.1708149495106055,0.1445527063992607,0.9999099495202395,1.3409794760257947,-1.382507725888471,8.95133631707202,True
381,1.863957106400289e-18,0.13014048011812185,0.6077177446996889,0.04512340635675981,0.1276041384785659,0.08670429178074969,1.0094640894604863,1.2914884691330188,-0.440217550463029,7.288186236942506,True
382,0.22215188098875782,2.04575971876157e-28,4.999999999997848,0.0016738928534365035,0.5206220204958731,0.5283784920057587,1.0048638643241516,1.7416269933435542,-0.8939210735246061,3.3433122407033924,True
383,0.19574108767717394,0.06403006882955671,0.4317136199674116,0.025508182796299756,0.24703488734315063,0.22237500517368586,0.9080196312537334,1.4282771077652323,-10.445316587887277,5.907958837677535,True
384,6.130751387528064e-22,0.16668899645690075,0.9442910502613381,0.02198293874093466,0.208629149103883,0.10002009051616836,1.0062725962460914,1.3842895358931748,-0.7549829526519725,3.8985353070601123,True
385,0.2083522767340428,2.907538416127307e-33,3.662951316806421,0.0035030595451144703,0.3115120889918287,0.4112272960605601,0.9166054787775574,1.5021253312770644,-9.598525582103544,4.080576737906299,True
386,7.34054539616411e-20,0.09714711810978337,0.5876371122298939,0.053546413772024716,0.17186459998101195,0.12490648314395339,1.0480343552326392,1.34218168115514,3.3638278924498444,6.6216962632880465,True
387,1.621507229290169e-15,0.22296473010127343,1.3853446212166836,0.010565888010646141,0.16520567541749287,0.07007587736957709,0.9948338148374778,1.3345549582679617,-1.8831484816883126,3.6150923638046293,True
388,0.0400957287137571,0.13421018112657526,4.999999999999999,0.003377878212968751,0.1277146017784217,0.14162606151868568,0.9118415216593442,1.2916149870067637,-10.068377396784467,6.735485228913489,True
389,0.23211578879292324,2.4813684585121415e-24,4.999999999999999,0.00207955399098049,0.44047010631262884,0.45257920401897933,0.8987886859734393,1.6498259175810366,-11.35573124602618,4.754234883694458,True
390,0.1237186079873811,4.5228824309782294e-26,0.37753548527433173,0.10310140670701608,0.09815444361910607,0.06092395444040941,1.0247540483833124,1.2577585988420177,1.0677756509915204,7.076656461026147,True
391,0.2273977668544047,1.2874891747932648e-32,4.999999999999997,0.002244426118436181,0.4933853264043521,0.20500872611516008,0.9444097414865358,1.7104317581043822,-6.856291979761997,7.112887471885004,True
392,0.18167574808109516,5.337245420805925e-21,4.999999999999788,0.00303978283252029,0.32529095591415863,0.36231520948728857,0.8908951425492729,1.5179067984965071,-12.134242809014017,4.615973895755929,True
393,0.19296998297711207,5.920107321882589e-23,4.9999999999999964,0.002925346234518044,0.25933546035296146,0.25872708996147303,0.9216766612296585,1.4423654280044023,-9.098373246855108,5.921353787028478,True
394,0.08814056802405741,0.15426714040089864,4.9999999996714495,0.0019716034815912987,0.29532065517639905,0.102855968742422,1.0270641361995225,1.483580658232877,1.295611235062788,11.650377285086273,True
395,0.13216758103414653,9.234680299833704e-23,0.44712046773167025,0.06958212115037418,0.14797532827718765,0.17610120140157015,0.9968369624040182,1.3148203777609335,-1.685585301361947,4.671602073330455,True
396,1.6160961083094658e-20,0.10828765305743016,0.635795081004696,0.052037081359622844,0.11798369629627448,0.11972098013899087,0.978280944696983,1.2804698060025748,-3.5156980367536006,5.8386076632824695,True
397,3.2993953186115646e-16,0.015224625720743672,0.7144466297823561,0.06487808908684331,0.05596259774424013,0.04078263784698631,0.9935390263350548,1.209434652006962,-2.0108487762954264,2.8121696978212882,True
398,0.13235887531031673,0.10626073042289454,4.999999999820644,0.0023235530275982396,0.21459891964991365,0.151213027542924,0.8808806009231722,1.391126944129341,-13.121940733126703,8.812454972293677,True
399,5.782701186777538e-16,0.07070661041418025,1.1180089204028112,0.027104757011197786,0.10286252732170152,0.08086726313403517,1.003904569607734,1.2631509485205308,-0.9885328326438181,10.230875040588694,True
400,6.443082735284864e-18,0.16956780870758778,4.9999999999999964,0.0038601830341546896,0.08590255431872355,0.06632226556661923,0.9638889354163561,1.2437260379311577,-4.935129721298948,8.47866790531346,True
401,1.398004867272523e-19,2.534944798370664e-20,0.5791540063356239,0.09433912174885035,0.12191846060628082,0.025950502488461515,1.0772197545469195,1.284976443182876,6.242277989654976,7.75124942894536,True
402,8.376166101982688e-26,2.2726703284579445e-24,0.5413530337044952,0.10894720576590212,0.07412550045289054,0.014673148773124202,1.0257955039476903,1.2302373243400528,1.1704906365991308,8.026838606339252,True
403,1.0310943052272874e-16,0.061071519952524786,0.5384123240782674,0.08226709440728953,0.07211907353179486,0.013057749793844345,1.0253527601498307,1.2279392862748066,1.1268244213706646,4.320479053180106,True
404,4.0229841037814554e-24,0.0614176041965358,0.6217501442093131,0.06425077232985184,0.052360017961009024,0.024332143328263774,1.0341316950839579,1.2053084785650552,1.992658938225511,4.609691392350029,True
405,0.0414092805735564,0.14789832473739464,4.999999999999999,0.003158261408967297,0.06643901036075923,0.24213607635307519,0.9088248175921169,1.221433691058353,-10.365903979239022,5.770989566966558,True
406,0.1893545887157049,0.033720240523209155,4.9999999999896705,0.0021231555782397506,0.2992183682354332,0.24110657997509713,0.935834789672968,1.488044859187765,-7.702008381155078,10.34586024943452,True
407,1.0547174376749068e-29,0.15589879849059568,0.48447088889512785,0.06647600904526388,0.09462766772911904,0.014037431754474135,0.9981450951512145,1.2537192465199518,-1.556568912284062,7.712865270848312,True
408,6.036293333961535e-20,0.2077170928955053,4.999999999998662,0.002762285862546339,0.11379707697072702,0.13379597104410465,1.0174055948023468,1.275674709568387,0.3430243225391427,3.3812705537734433,True
409,4.669448788155265e-19,0.12209019957707938,4.999999999999999,0.004115603866990616,0.20338179660929293,0.20290017526484558,0.9711628006269031,1.3782795408878503,-4.217734773335657,2.960905276106033,True
410,0.08783393945637069,9.297337398067002e-18,0.7679662600074811,0.04135902724127601,0.23248122811239386,0.1142730593110235,0.9879529420733448,1.4116082410603137,-2.5617840097992284,7.231106405963788,True
411,1.3201419381481812e-19,0.18566338519770914,4.999999999999999,0.003126550692257343,0.13117185740420964,0.13842330839330627,0.9735130248806068,1.2955747150914574,-3.9859406779841122,3.822774639806339,True
412,5.710371267370303e-18,0.2108499339060148,4.999999999999999,0.0025938396303844796,0.24563365179496913,0.2263176486049005,0.9889505802184377,1.4266722186988818,-2.4633905773573828,6.705477822558031,True
413,0.11202586784446972,9.757464933971851e-28,0.6086903411952752,0.041847946736937675,0.21272879384694052,0.21966250736074022,1.04536268564857,1.3889850169866944,3.100330809845242,4.897296199351349,True
414,0.09866797178622747,2.60661947852835e-32,0.7233989117490622,0.040489810563331695,0.14313430345302736,0.04056357425561873,0.9819667245306966,1.3092757654933471,-3.15218293776921,9.556964084228403,True
415,4.707020027049819e-18,0.0011297439667356942,0.7617490545574879,0.06180450613044248,0.09149903487856924,0.10722158009740904,0.968463162586603,1.250135902762374,-4.483990283354267,5.749766936454978,True
416,0.09022468757716717,0.1523857284355371,4.999999999999999,0.00216372858910955,0.2668273616680772,0.24252107384593308,0.9926133637761586,1.4509461912618071,-2.1021435176810654,5.463098374880827,True
417,0.07700534525950539,6.081701115127447e-21,0.4803385370627651,0.0736162072310201,0.12157216494663779,0.02079905359838308,1.0558046936765186,1.2845798174202718,4.130188195019291,6.99342482842385,True
418,1.1056072433899908e-20,0.15531321988397553,0.43074103099947475,0.05621133853794249,0.1667573349828028,0.07848469914555845,1.0718814854090166,1.336332133757333,5.715783863142021,8.180449830025045,True
419,1.4206816698037453e-23,0.18293949138319146,4.999999999999926,0.0030806766713484097,0.2320129279725562,0.1120222856862774,0.9999582816416206,1.4110718788654129,-1.3777409040269806,6.345335886958991,True
420,0.20456915422522418,5.811126625387729e-20,0.33914357975782133,0.08934044240072252,0.12486870676698583,0.15211184810933037,0.9049366252032053,1.2883554737909009,-10.74938229451904,6.425657087382957,True
421,0.1407681818187067,0.09159219249532595,4.999999999822443,0.00234878106826145,0.3028393221404774,0.2341279398820613,0.8998873189046747,1.4921920772193842,-11.247377064071928,4.673811608154518,True
422,0.17507438200159753,1.9839917710978047e-19,4.999999999998659,0.002862372735028252,0.3653152599910219,0.2823419233971516,0.9999991978805335,1.5637481761896461,-1.3737054837605678,4.47316772540964,True
423,2.1228433634936194e-16,0.17365175203104538,4.999999999999999,0.0030621798048017634,0.24421071740767714,0.1070585074213904,1.0635082069892736,1.425042477115989,4.889957777238796,7.55893935419425,True
424,0.07100499735542157,1.3710214327537293e-15,0.5036654200033468,0.10219887660221909,0.07019913718687833,4.178242651385486e-18,0.9909416343651515,1.2257403091991508,-2.267020127173247,5.369959657743394,True
425,1.04374154933685e-21,0.20202072923162362,4.999999999999999,0.0032790247114725104,0.12275748815585721,0.16159087087580837,0.982307025568621,1.285937413765181,-3.1186202804574292,11.076511916636411,True
426,1.506361642035829e-22,0.15632132455428047,4.999999999999999,0.0031359785800635365,0.14306420791255958,0.12909145527938637,1.0611001227356556,1.3091954823698972,4.652457159917667,6.774305396212468,True
427,2.888695844758082e-23,0.12856079832796108,0.628056018025165,0.04408724686575121,0.044507919052251994,0.08458715663609462,1.0121375202790845,1.1963151671243624,-0.1765467636836937,5.4400952112185825,True
428,1.158748643246443e-22,0.11409716505173409,0.5865716152381817,0.06166641659624154,0.025474704192229785,0.08844464725959209,0.9789538168121792,1.1745156927490588,-3.44933510011749,2.0196905465804416,True
429,0.09491359502517292,0.10295016100476108,4.999999999533582,0.0025323331288132672,0.1791473802599606,0.09397799899519924,0.9812073977316499,1.3505229300318797,-3.2270725863565053,4.254661463260801,True
430,1.1365686187192288e-19,0.21035174997583955,1.6780923174907185,0.009472239127348623,0.13012689477364525,0.1061779298240199,0.9804979470026509,1.294377879125717,-3.2970431390242694,5.336368771078027,True
431,5.886272311200405e-20,0.1901151604391951,1.0670195369644537,0.018443851800517736,0.12547214096022485,0.056039202103267856,0.9669097018978476,1.2890466102242066,-4.637202477657332,6.359522654633823,True
432,0.16503025915521957,3.951898627219331e-31,4.999999999999999,0.0032383350569040836,0.23882086744949213,0.17361062634956284,0.9558991719631987,1.4188692742748348,-5.723131116816393,11.430417510611827,True
433,1.323320400676006e-17,0.17950442416734702,0.6371199301429339,0.03730530787541279,0.12430702822866857,0.056718156332976555,1.0251435867804868,1.2877121617181244,1.1061944104930665,7.862220136671507,True
434,4.4031969818269294e-26,0.04006632694709244,0.6944264200209835,0.05776134536892906,0.1128839752628834,0.029637725054717845,1.044805801756565,1.274628898998361,3.0454073710458163,4.140538622059266,True
435,0.1355607730565242,1.3652659188934918e-16,0.48994919228349143,0.059619698703434185,0.18509316656125926,0.13566035093091813,1.0068505517549207,1.3573328681883832,-0.6979812966987575,3.1143146624556954,True
436,2.236242465879497e-18,0.16210824404739332,1.2991784772832196,0.01379481438623306,0.17554787328998908,0.10663544705051922,0.9980912717132946,1.346400276001402,-1.5618773227822125,7.483255302456176,True
437,2.3603310738782166e-25,0.06426458653567442,0.7530779943455941,0.0479407858274504,0.09468223515607739,0.07198895448632142,0.9967883707512326,1.253781744696663,-1.6903777198646996,3.7956834108535724,True
438,9.99743133656036e-22,2.5138363105231243e-22,0.576578290289455,0.12239350311329834,1.3486030909835953e-19,0.044856369716496376,1.0001173914095638,1.1453385324353067,-1.3620484846062042,5.6742502231793575,True
439,0.04557538055067996,4.689276272325962e-20,0.5268726474272672,0.08139911234581633,0.11270141300921103,2.349292542600731e-16,1.0405670082846428,1.2744198034146619,2.6273505423590082,7.830281139919303,True
440,0.005931816869205513,0.25079868615201373,0.8994087329645135,0.01564081509049074,0.15422536989451488,0.09470598706630934,0.97639270115134,1.3219787912545826,-3.7019286501837723,5.804013234743314,True
441,0.1849710336883524,1.8721204667818314e-16,1.2914687489394683,0.011505108143830942,0.2842984839056852,0.24768040616659592,0.9512642308221584,1.4709565407654268,-6.180258553528883,3.315414116502267,True
442,4.707758483138454e-19,0.1952850583897435,1.4908021236914863,0.009616818937071872,0.14067275108231914,0.045136641112153424,1.0707250925464415,1.3064564547135673,5.601733028618816,7.033427005532869,True
443,0.01947303289086485,0.17219219930319415,1.6927031959907204,0.009395384712753082,0.17987702115864151,0.1648841715560884,0.9978019718234938,1.3513586158679798,-1.5904099218037704,3.390849248589442,True
444,0.2070901829473919,2.697786400530466e-19,4.999999999959127,0.0021877173322965575,0.40507226861808393,0.4106642796357402,0.9597200134190056,1.6092834101045832,-5.346295379828847,3.6115299440122515,True
445,0.17561170713905844,3.3359555226490934e-17,0.9244343519604125,0.0167656468833517,0.2748754913160459,0.2436758139019068,0.9990757051914642,1.4601640242616605,-1.464786218753944,4.107610741584507,True
446,2.436147439287921e-17,0.2083325616584354,1.5789650546672065,0.010966835871185427,0.14267466966972342,0.0524596169711378,0.9726439272546912,1.30874932921052,-4.0716566251554625,7.9277934257400196,True
447,0.09349762243354014,2.350259637320416e-23,0.5591400782738517,0.05891299903103182,0.19022691977123435,0.15233746020956873,0.9971062475078526,1.363212753555781,-1.6590266880991522,10.636175860665874,True
448,8.502993129028904e-23,0.17872803585640826,4.999999999999999,0.002870511155506823,0.2505484644479799,0.07702113733889286,1.0737236599000721,1.4323013430100755,5.897470852781828,4.024146241157049,True
449,0.10115821790388373,0.11797071014303837,4.999999999719906,0.0027789267444137374,0.14066197944279765,0.1745215681009771,0.918601206895146,1.3064441175397659,-9.401694155121588,5.550850208994728,True
450,1.7042080608103287e-20,0.15573317510371254,4.999999999999999,0.003219432058500219,0.12241832419660065,0.07655782228523805,1.041018955265159,1.285548956213831,2.6719244341187,6.3134463110518,True
451,0.2833677886801529,2.9306942614692868e-33,0.19701416528700147,0.07969738710444794,0.1980652484977492,0.2465159268057882,0.8729145536829322,1.3721902934761532,-13.907603084567944,3.476845338767592,True
452,0.11583203569254256,0.018021396290645614,4.999999999999999,0.0036315898546091926,0.2519616757659653,0.15929421098400812,0.9737078329735013,1.433919948387038,-3.9667274622288584,3.5704730075521782,True
453,0.09648272834448939,8.122058805298011e-21,0.5745411026260069,0.05550589860839936,0.20100474350724565,0.163510096055089,1.0469567939857762,1.3755570103764307,3.2575519343114534,4.411274320420559,True
454,1.0877338679179868e-25,0.14956763147438978,0.5666987798245081,0.044669203976387954,0.15619857400357998,0.060731213951957005,1.0383822735768236,1.3242387779530547,2.4118780807911078,8.335949076575139,True
455,0.061730192049296875,1.0393397447469542e-23,0.4596860562783925,0.10580335536393894,0.11224704568971366,0.08965073588971618,1.049458233850444,1.2738993990157623,3.5042598770080646,4.801970825500041,True
456,1.771937737060663e-18,0.298840474728307,4.999999999999999,0.0018073074465356003,0.11278008562125869,0.05918679945749154,0.9874266548313237,1.2745099101886872,-2.6136898119656027,9.396100984595739,True
457,0.19484251700018654,0.011246858940089444,0.8278405792589365,0.013784995056679758,0.4955446462841239,0.14734245810748756,1.0228412979630268,1.7129049103665384,0.8791280133864321,6.685444976023267,True
458,0.06174272955847919,0.044421947144768444,0.47115680768678586,0.06891044356397132,0.09627240678111842,0.05070463059770586,1.019394795002014,1.2556030295320078,0.5392119246491633,5.459810115119417,True
459,6.887347251653703e-23,0.18032011968015144,0.7356980615515073,0.028048864139803283,0.05881998433684918,0.15526143211029847,0.9551705468895397,1.212707326973541,-5.794992765564622,2.297847262360185,True
460,0.07542868077964407,0.11501137129796654,0.6410994834990981,0.030572149042164796,0.09667130552879295,0.08893664705851351,0.9412255967079238,1.2560599036382596,-7.170332632377841,5.4922893074811014,True
461,0.006191853591089085,0.14709957308075688,0.6448426167364891,0.03982546302801035,0.05042431312883543,2.6975571324072546e-27,1.00085730259256,1.2030914412333453,-1.289073727821688,6.820999297877906,True
462,0.156867785227435,0.03607135766511744,4.999999999999999,0.002704445675134883,0.29173330302821454,0.2579685378555747,0.9231437894562069,1.4794719255881466,-8.95367571022575,6.066300741615771,True
463,6.577108859569751e-19,0.23410277727503728,0.9035512930574763,0.014353514037703878,0.2200956585997807,0.15102379297448446,1.0323241846424096,1.3974225710513617,1.8143907380838042,6.405161931047722,True
464,0.20790632924239663,5.419749282659633e-23,4.999999999999999,0.002592265686374187,0.22386522490728608,0.28873082427754454,0.8660835047442752,1.4017400005939176,-14.581324669451979,4.732888856109922,True
465,0.1175622274665987,3.9806084409737076e-28,4.999999999999999,0.00438341807037249,0.08455796662094572,0.27764950629127433,0.9077628868303711,1.2421860298306544,-10.4706383593123,6.324412474761723,True
466,0.07642231925012284,0.11010291685499544,4.999999999999999,0.003346220341514155,0.14007477681927383,0.21684188198339657,0.937807539696933,1.3057715717486968,-7.507443200220076,5.487152778325042,True
467,0.058307985693271114,2.91527027917109e-22,0.5840758254495413,0.06394296910122993,0.15398696318031801,0.04724457620804342,1.019961050337016,1.3217057348584216,0.5950596348870185,6.841453793694142,True
468,2.685617796193358e-23,0.23101467890767163,4.999999999999999,0.0031011183454662567,0.13968394654975158,0.0948062027380767,0.9108496455632287,1.305323938781371,-10.166202539231017,8.570795568638182,True
469,9.291625906769482e-22,0.027711151241173,0.552991296811216,0.09009648945519251,0.13764921259334856,0.06018468365033558,1.044808156616929,1.3029934795778482,3.0456396223839333,7.392460864234121,True
470,1.0239793323862044e-28,0.1627191859810813,0.7198455290483028,0.031236821251447125,0.24222138387366424,0.07516523108452237,0.9700599384140789,1.4227640167656184,-4.326506073996061,9.416822856338683,True
471,3.233044587966214e-22,7.004186558852604e-19,0.5497531003836559,0.10266852408519289,0.08817826679359358,0.0013269835480221588,1.0853424987695581,1.24633249911737,7.043394796228397,8.771319086463762,True
472,0.1527170310123584,2.741606442796055e-20,4.999999999999999,0.003447314479265006,0.18575548586850724,0.2568831974704528,0.8861092807604696,1.3580914480117503,-12.606255001920719,4.6498251644741995,True
473,0.19683561505544017,1.4140390331340921e-33,4.999999999999999,0.0023485082171890684,0.3956501876628791,0.3692603946483554,0.9499809802638063,1.5984919377308624,-6.306820902553167,8.724690393702565,True
474,0.20060732762849132,1.1379321789138356e-23,0.5080635905726079,0.033625762839334716,0.28265115701066135,0.15614336876014703,0.9527981228556254,1.469069793797039,-6.02897634473365,4.71463041785433,True
475,0.1502515648259579,0.06626804896450736,4.999999999999999,0.002258295000577351,0.33601019221495004,0.21417448991926524,0.9858849111687406,1.530183952870083,-2.765746398467628,5.969895371320711,True
476,2.692972586418201e-17,0.10110026589628635,0.5665893276599486,0.07091561550256238,0.08659024245785214,0.0772642966920917,0.9691794478204732,1.2445136736552005,-4.4133456682555305,3.446349854536857,True
477,0.14410768445996072,1.0260579792016108e-13,0.6787332803613013,0.038447610399361884,0.08928840221898719,0.18085745093622915,0.9021649053645591,1.247603979996295,-11.022746970912989,2.8657100798381148,True
478,0.0022570818276217266,0.17082627455506,4.999999999999999,0.003380300857958114,0.10278811810831122,0.1553993167352756,0.9540022713719029,1.2630657247812669,-5.910215543265629,8.349657788869065,True
479,1.831006054715524e-15,0.1755889936717984,2.2887340635968854,0.007897543681007991,0.12843038245323862,0.14713464302777227,1.0036575477302208,1.2924347981944042,-1.012895704629324,5.640899610359983,True
480,3.6659031721275666e-16,0.18455210002926703,4.999999999999999,0.003425628339396917,0.07573880103649551,0.2080247748691937,0.9262622385264703,1.232085099662856,-8.646114387087135,7.145864088195841,True
481,0.043947984418005535,0.016010934697449818,0.8171567912541423,0.04008988372514449,0.15807270648998398,0.16934896997995677,1.0058781342001406,1.326385294104622,-0.7938873137773417,3.7698857213280075,True
482,0.1852303551031886,0.0012024122041653638,4.999999999999999,0.0026952616493250707,0.14872459044311578,0.3129929167256759,0.9358245052272538,1.315678536590467,-7.703022698740625,3.605961937437576,True
483,0.03776773217744778,0.15961423483540668,0.34174670784334454,0.10645984902822238,9.469009948905392e-34,0.021074569421780917,0.9501948178612576,1.1453385324353067,-6.285730875771578,6.470356623869606,True
484,1.3650928897824414e-20,0.18429721968990942,4.999999999999999,0.0031473896214005465,0.20185077277262353,0.14307723837977634,0.9690483938410591,1.376526000293636,-4.4262710469944455,7.677931324822172,True
485,0.2635573372898211,2.511761237400807e-36,4.999999999999999,0.0018064818650487566,0.4894000613178997,0.4723526269950138,0.771616655681182,1.705867280438899,-23.898247420454855,6.722404814758442,True
486,0.020397186027076866,0.21888164024995113,4.999999999999996,0.0023715550224096193,0.19849378532569165,6.307721365607589e-43,1.0361678194913773,1.3726811132177632,2.1934745047814452,2.849354873927144,True
487,1.5405284071451202e-25,0.24514586439899133,4.999999999999032,0.002562468608801432,0.12222781705640315,0.08215005559966268,0.9536738955805153,1.2853307610454585,-5.942602056756874,3.9357167869957643,True
488,1.0912643167168393e-22,0.1043076218004792,0.7709563577285495,0.03735893668411776,0.08626807567914481,0.009473129850964053,1.0214365721080987,1.2441446836296763,0.7405849963756594,5.801310040984208,True
489,0.061179453368258835,1.141888256673257e-28,0.5433316753176847,0.08450257849574981,0.06748557123573605,0.11601551580289762,0.97116022382111,1.2226323575550029,-4.217988914346571,6.490680061812167,True
490,1.569324015025776e-20,0.18089157737207376,1.8386141825203048,0.009243581654597967,0.14960542016066664,0.1128482580303491,1.0254339606861553,1.3166873848064922,1.1348329358048748,6.024096534719213,True
491,0.24201926195039344,2.3043971746688326e-22,0.2458642260234243,0.08990592207758312,0.27261502988851977,0.11614052664233651,0.9077911203585296,1.4575750306876312,-10.46785378881535,3.7846973857687796,True
492,6.742765887904051e-23,1.446958011040078e-20,0.617673226042097,0.08368593571976317,0.0388522154374347,0.05820151779705623,1.0546929922669235,1.1898374718462785,4.020545116435592,6.075340762777593,True
493,1.5635729569574155e-25,0.1817864030225121,4.999999999999999,0.002645107823291274,0.16490331172140088,0.11552611753671028,1.0238465885502321,1.334208649476018,0.9782761784432159,7.731112458241621,True
494,0.09135273755676442,2.757162758790571e-25,0.3860002229582471,0.11686661931554648,0.04674246085865486,8.590386408823732e-28,1.0864678658001723,1.1988744739575732,7.154385665456542,5.827954647921828,True
495,0.05732540393269932,1.1594730700545554e-23,0.6014590048325994,0.0612545405185956,0.08077664217942324,0.14448325454567978,1.011228028992007,1.2378551332441392,-0.26624659117293614,4.972511149687509,True
496,1.0021572184235581e-33,0.1462653282964231,2.36343709014187,0.009065440070033699,0.1426883042639413,0.1194061279514406,0.9505649298489228,1.3087649454366517,-6.249228072592505,5.044382712449194,True
497,0.0711126421613727,0.12682166985665963,4.999999999885544,0.003160999803180214,0.1168972593178896,0.09020227457044434,0.9372873114608405,1.2792254678681678,-7.558751424603916,8.61960209960207,True
498,0.08939261579995718,2.2791653884373403e-18,0.636394221784357,0.05531350652862209,0.13070418192093472,0.1569059143493222,0.9853092605829259,1.2950390683397874,-2.822520728222422,9.911601573251549,True
499,0.08448227440257847,0.05066486485436268,4.999999999999999,0.0038366932567763076,0.16550821659046655,0.2299276936115063,0.9719970266115535,1.3349014703310165,-4.135458089684696,5.1949605776483425,True
500,0.09991829996770484,4.2750681098270064e-30,0.5017674262480815,0.07293735920676209,0.1357013220005726,0.045166733838484824,1.0138130675064176,1.3007624854249733,-0.011293616812102503,7.011724266900012,True
501,1.3748914587515277e-16,1.412254442649798e-20,0.6003583693237726,0.08742829064017812,0.06920016883988252,0.006113607024357065,1.0666717491724553,1.224596152258653,5.201966470580066,3.8294806192357695,True
502,8.898911127126834e-19,0.025868919860551114,0.5815569779597642,0.10030453059418351,0.09453008464358814,3.019022698683322e-26,1.028681720353233,1.2536074808519793,1.45514769417876,3.1017837191807915,True
503,1.8436613418786078e-20,0.10629968749621452,0.6522363434197462,0.05156478479585908,0.056126178231318206,0.10903225791863377,0.9824530833362558,1.2096220070419672,-3.104215132495647,7.896911803409621,True
504,0.17088951660348498,2.447070684006644e-37,4.999999999999984,0.002839689835565155,0.31205156277977303,0.4180422184528244,0.8694297812415414,1.5027432113936359,-14.251293553375454,5.994682527160133,True
505,0.019326368608143064,0.25244806494051947,1.9574929086355288,0.005545043643966109,0.02201370700621659,0.08112655488723497,0.9788551513285315,1.1705516793112676,-3.459066118971754,4.986236388048749,True
506,4.451012907689349e-18,0.03829381408808643,1.0181746868992303,0.036572981524277945,0.04227466864900655,0.09443994403378457,0.9412343886470131,1.1937573393849488,-7.169465515308316,10.427295424052966,True
507,0.08248213066298145,5.033489156121734e-22,0.6635292863238544,0.05232639129853328,0.08554099576179235,0.10407616703411669,0.987876789305317,1.2433119309841727,-2.569294681151435,6.4357616315299495,True
508,0.24479874502713558,0.02897882744547459,4.999999996149552,0.0014979382882030273,0.3704056330924744,0.5077968797779908,0.8048382597065314,1.569578376647212,-20.621721089383303,12.610642685872532,True
509,4.3563381181562086e-30,0.24409430251034747,4.999999999999363,0.0030344980257272355,0.08451538178205617,0.12276961538096853,0.9082877576069898,1.2421372557737764,-10.41887225799194,7.038608519564428,True
510,7.809463454514967e-16,0.26996518222960564,4.999999999999999,0.002032875137234081,0.12506028442359698,0.13209838788607944,0.9856712714946017,1.2885748950629714,-2.7868169047906677,6.693488263804966,True
511,0.0061413451285639,0.19691671602975097,4.999999999999943,0.0028344866473487,0.0944749233005346,0.24082681785388144,0.9859724109717318,1.2535443024402793,-2.7571166102055678,3.971241843140969,True
512,7.055886991620207e-34,0.15794972144760946,4.999999999932386,0.003452845896023719,0.1887403978380275,0.21821023644904367,0.9589294066524815,1.3615101827063691,-5.424270058175584,8.806551004485785,True
513,0.1785888464499175,5.692032207528584e-24,0.3459874105894269,0.07126572204060437,0.2465899542555384,0.11834722104983073,1.0137961937832631,1.4277675087556343,-0.012957810936409242,7.297650654985921,True
514,0.08029397562923815,0.009434726352999035,0.5296688350710378,0.06671082431516208,0.15685374044067757,0.03648587796626488,1.0669503604178205,1.3249891653186208,5.229444887361967,6.022469080483929,True
515,2.4824071514469715e-25,0.17796864102591697,0.5586859976401396,0.04197039172987221,0.15030908843942853,0.07926167729692807,0.9877696160226741,1.3174933232002104,-2.5798647933681362,6.995474567805976,True
516,6.184172591048073e-31,0.1831188453939458,2.6378116839129206,0.0067440389903413445,0.08510828651240328,0.15117439721935613,0.9502216638458073,1.2428163324075063,-6.283083153669001,5.7864413625273,True
517,2.110849092718642e-18,0.0734328847686061,0.5763024861506042,0.06495416706667562,0.13831006216184405,0.06454946599036186,1.0355510958770606,1.3037503760527893,2.132649291171629,4.900044714276644,True
518,0.04138729657949923,5.1548733723878696e-18,0.5900556102847331,0.08725876029378375,0.06719466871249134,8.66954797788707e-24,1.000836977828204,1.2222991756859483,-1.2910782856249359,5.49384818850429,True
519,0.19435744200512492,0.06304137476159187,4.999999999999631,0.0021756274074051503,0.220956881607342,0.3046826333786344,0.8483775730755742,1.3984089629469416,-16.32759650161233,3.8882745178635822,True
520,0.11965127902912845,5.1612628529151866e-17,0.5122048942733339,0.07570908518578007,0.06454043029473155,0.09516026063875724,0.9109845153137219,1.2192591741518177,-10.15290082482797,4.431306411155479,True
521,3.6428352514579316e-17,0.06440476729516577,1.053225171250169,0.028852888107541042,0.09809372048770877,0.1502478402604224,0.9711479050119075,1.2576890502998184,-4.219203873825606,6.796152376998265,True
522,0.10266436301030772,0.10016860434609771,0.6465914744190683,0.027273739905004625,0.08655946154596199,0.17208547301040003,0.9928344402437516,1.2444784190907492,-2.0803395473882436,3.053602325554633,True
523,0.15178968446507132,0.049549325828431905,4.999999999999899,0.002574732800403121,0.31885927262734404,0.19947459379815966,1.0219560503686609,1.5105403437996983,0.7918192533926449,3.628828789067153,True
524,0.03827602406720493,3.170564653664333e-19,0.4562059066906083,0.13470678507930212,0.14020697031848886,6.295166329165452e-22,1.0705278610762676,1.3059229780570853,5.582280803950579,8.687093400700457,True
525,0.04695925440890778,0.20095566993252395,4.999999999684109,0.002565759132554329,0.11280709944630375,0.22826442886618947,0.9017145883294414,1.27454085016342,-11.06716010706883,6.712206093210273,True
526,0.26777952130738625,1.115878687949265e-33,4.99999999999775,0.0014346573578510368,0.48750397280878666,0.6579106709206688,0.8040278075845283,1.703695617208504,-20.70165304317427,10.091769788220232,True
527,3.236320521883062e-18,0.01966918454395267,0.5513528152018745,0.12995416739711682,0.034530661028192564,1.0271408924238085e-20,1.0039221196909696,1.1848878290613578,-0.9868019315774523,4.016133580337453,True
528,0.1957605769674569,7.11601003613075e-21,4.9999999999983755,0.003143432972002341,0.06404422059569083,0.2716442313400422,0.8825324245521087,1.2186908460633383,-12.959027358734343,7.229270194052227,True
529,1.0210884687554738e-18,0.03896326202484167,0.5849700050731484,0.08077489213655588,0.0510569588863841,0.016090415903020322,1.006772779925095,1.2038160347968476,-0.7056516502447541,5.975926891111972,True
530,0.08326917960916952,1.1993927938236793e-20,0.5096622348606733,0.0720343279561843,0.23427585343948082,0.08256013707360138,1.0296232844196542,1.4136636945987107,1.5480107435867696,9.569779078854175,True
531,1.6124019663717661e-25,0.138294324335073,0.581670820626289,0.04262381542770425,0.13142347550677955,0.08639743718351928,0.9924641964014309,1.295862902999789,-2.116855354913816,3.8218443908464073,True
532,7.606946686335166e-24,0.033991617375763394,0.6282792645013918,0.06867147534437226,0.10919284444533608,0.05088039259993458,1.046106663230606,1.2704013046447646,3.1737066208207487,7.193081603524263,True
533,2.2283716963423676e-20,0.14176899285270333,0.5927613047538942,0.05091380139393119,2.387214330459172e-19,0.0070339505099542565,0.9892924032362491,1.1453385324353067,-2.429677812688613,5.241606613227581,True
534,0.2351860997785902,0.009630675003404286,4.999999999999999,0.0023393493976273188,0.08000780198650949,0.3546020146158602,0.7767343957806749,1.2369745509459102,-23.393503273279592,2.448990549445494,True
535,0.00793871969345994,0.10605039078377483,0.5598630170291141,0.057885602160300816,0.0875335325311332,0.10957171257846655,1.0284993701712777,1.245594060123393,1.4371631570023746,6.623560212483921,True
536,1.7465963933146368e-16,0.20491914165979916,2.2210581118320727,0.0073683382987848175,0.09349097577967144,0.1352715341211687,0.935661979561536,1.2524173494307402,-7.719052015771588,7.901368825589285,True
537,0.02070470456185688,0.13931380278092276,4.999999999999999,0.0034880821905641478,0.18676807895594946,0.11083815103941677,0.976124863615732,1.3592512098924752,-3.728344495041813,5.572423351609816,True
538,0.13481633934787202,0.007379469040587071,1.0198159920248606,0.020374355794185988,0.15215308586143053,0.2656755388781113,0.9290724591113486,1.3196053245013408,-8.368952521710394,3.7875584601817045,True
539,0.008082925016095713,1.6115233263047428e-18,0.6190248942359493,0.09046805353792503,0.07215796794209961,1.3228042885579805e-21,1.0240026280883778,1.2279838335416249,0.9936657922328562,10.580034411803249,True
540,0.12939626591501657,1.6416500473296636e-17,0.6032179125651495,0.04686552036585317,0.2303969702680244,0.22232199617000895,0.9144241926619713,1.4092210602396267,-9.813657921525365,9.845649451731171,True
541,0.18836653400272213,1.1608521778280698e-22,4.999999999999999,0.0028255643964566293,0.2120790271064986,0.2733019414580428,0.8876775634782222,1.3882408141017712,-12.451580964647857,3.5553950130190466,True
542,0.09113124969836085,3.191458024885878e-34,0.4278921174310292,0.10589688370902402,0.10852757711000002,0.08576725131088056,0.9908975560706744,1.2696393483312338,-2.2713674095131586,9.889200135481307,True
543,1.6805121627160278e-22,0.16067964999211817,0.5628104151514366,0.035877569861083786,0.24673547438508234,0.079337182441033,1.047869057884327,1.427934178567246,3.3475252144157697,5.097832630505447,True
544,0.08167375402450965,0.08234157808384082,4.999999999999999,0.00341842419585409,0.14485647705365554,0.19667410318187992,0.9327438104373426,1.3112482372776892,-8.006860454119236,9.333297039436973,True
545,0.2168563838391135,5.562885959057161e-23,4.999999999999951,0.0025003435961485554,0.25613333244290964,0.46492849861114677,0.8258722358744527,1.4386979075232333,-18.54721629699766,5.0124116374106364,True
546,0.16821089909074724,8.157828858596589e-23,0.34558079215757415,0.06399669967747834,0.2523617515826782,0.23266426046531122,1.0650347127492243,1.4343781706358147,5.040511504662515,6.716900095247475,True
547,4.297805440942571e-23,0.2150231383407004,4.999999999999999,0.0029211457886391184,0.1279640144465877,0.1489304832437194,0.9846263702840373,1.2919006489460918,-2.8898717219864256,6.749501161588678,True
548,0.20088963169976715,2.066751955450742e-20,4.99999999999922,0.0021579347559711223,0.4883950852518101,0.31907124368294487,1.022342348892277,1.7047162426262314,0.8299184759141154,5.019306119048968,True
549,0.035344636357669344,0.16253840319163534,4.9999999998885745,0.0033225013941387644,0.17003338352349207,0.1630629317316116,0.9103373332127975,1.340084318385113,-10.216730048518052,4.442893470332631,True
550,6.4450386596421984e-31,0.20128689093234228,4.999999999999997,0.003033131813749444,0.13467799523150206,0.0319817531268163,0.9808094276893677,1.2995904298450844,-3.2663229284387363,3.674763039823327,True
551,0.043069189906311645,0.2808262254079071,4.999999999981335,0.0012867382734638453,0.225561905247531,0.12358967526055936,0.9683630599902964,1.4036832739648257,-4.493863039418578,6.05472103982582,True
552,1.7381335253383754e-18,0.16577806175778437,4.999999999999999,0.003797490155158541,0.1827654295185895,0.12922905656072187,0.9472493350299499,1.3546668212600363,-6.576233166002199,4.646817411445572,True
553,0.17672877538818796,4.807291687648905e-22,0.34330390677774875,0.07192243033065729,0.1222496759110108,0.1412243464167499,1.0180872526983848,1.2853557968339155,0.4102537688791541,4.2345925778142135,True
554,0.11443368554134632,0.1224993224063703,0.41393373013526447,0.0482096262061687,0.17616491811113297,0.2213054545475416,0.9137437518196652,1.3471070012112976,-9.880767334269292,6.142194891977767,True
555,2.572220611689808e-33,0.180367096370274,2.24886061304897,0.006810711334513659,0.23919560975097198,0.13822106785850868,1.0465582498381276,1.4192984810724534,3.218244970298856,5.146655871078593,True
556,0.12283696899917025,1.6229332200158288e-23,0.4584256380598441,0.0568408643501894,0.21044801323152393,0.20788499372438424,1.034780990421024,1.3863727510638262,2.056696582732842,7.749371472972142,True
557,7.497393439729271e-19,0.17593034797530557,2.3520643695190415,0.007692356080636544,0.09436204733810924,0.17688646463857116,0.9385250882717516,1.2534150212511277,-7.436673986384934,5.979642055410614,True
558,0.03304248132425889,0.1392017256870646,4.999999999999999,0.003331398365545976,0.15554690603062682,0.17035883061649065,0.9587795883627033,1.3234923975132773,-5.439046092799327,6.243179782378322,True
559,0.14846897402432363,7.716055408899338e-05,3.505220486945803,0.004876308510800129,0.22175162758208938,0.25321986676493685,0.9597759326148801,1.3993192161353176,-5.340780272323631,8.17624448482757,True
560,0.15601338360471073,2.2626794457807144e-18,4.999999999999999,0.0030447866528516216,0.3754424212050156,0.2603938718375242,1.012016421301598,1.5753472041522176,-0.18849031668304317,6.192999878016036,True
561,0.07593611702240688,0.07910999816433525,2.9863770916564554,0.00580618091659354,0.2133337823741114,0.27900667775531063,0.98016190204383,1.3896779336585448,-3.3301860346881984,7.187963758501063,True
562,0.07975230320025778,2.5240504913766755e-20,0.8560333549504654,0.03562746120902779,0.127617674347071,6.146375423919822e-19,0.9738103267095762,1.2915039722847879,-3.9566188767203636,7.4407935797705544,True
563,0.1432001046090816,1.1509699934317647e-31,1.4723415117302339,0.012153068888435056,0.16170682411617954,0.21717603497136614,0.9442878579258663,1.3305475890533058,-6.86831291335549,3.784579778330404,True
564,0.12366242997330554,3.1683371488975613e-25,0.4488442489244531,0.0846899994886639,0.12097960868299698,0.045365963939819356,0.970006954990466,1.2839011398988882,-4.331731636929314,6.069055156157543,True
565,0.24642928959711635,0.009900090069361702,0.654240301983444,0.011846429512127579,0.4311191616093441,0.42551196088349935,0.997204380724251,1.6391159202976928,-1.6493481648334862,4.848178647096025,True
566,1.391153442455191e-23,0.16894813406866593,0.6306318884713336,0.03224885439670934,0.1377644014437816,0.05822008734383675,1.0686455814580658,1.303125409806756,5.396638391056485,5.19729213040126,True
567,0.20137772523178563,1.7098880759671758e-28,4.999999999997721,0.0027210855296000173,0.34661520088294573,0.18532523723463584,0.8873688749504212,1.5423302779343488,-12.482025794724949,8.660793180217748,True
568,1.2050685958725407e-26,0.046285004964343096,0.6037692195170632,0.07774919384578596,0.037718670583452504,1.4786133850688328e-18,1.0072227027088043,1.188539179246769,-0.6612773976756192,4.620384479068554,True
569,0.08167420492238607,0.052765174343627305,1.1825529120864235,0.018401869723206402,0.22472941326643825,0.12167833611657848,0.9947469865439681,1.4027297888209367,-1.8917120414053468,8.021289198045498,True
570,0.24272229946559779,5.70130156634638e-26,4.999999999999999,0.002025040714874325,0.3912693514128218,0.5311722559604771,0.7912019361433161,1.5934743971693823,-21.966622232019095,7.010578448781089,True
571,0.013271001851086246,0.2135439013379795,4.999999999998942,0.0025093759008617887,0.19303625615013406,0.24094462252141832,0.9589733178679091,1.3664303947611072,-5.419939254236439,3.8551277071420453,True
572,2.1878009297978161e-16,0.07107440142645746,0.7351269321600087,0.04384110427791809,0.09728444499893599,0.08419956959981917,1.0442054457793737,1.2567621558991715,2.9861964381305395,8.659244237084494,True
573,3.1476518986152997e-27,0.15113405990329623,2.7352259492641853,0.006991832239186482,0.12245707303528391,0.17744820111576273,0.9461140056060521,1.285593336751862,-6.688206589952561,4.200212145513659,True
574,5.336459275751586e-20,0.05467869131662256,0.5335324619269055,0.08897509860692109,0.07773624592105913,0.06345457364342075,1.0138928628060735,1.2343728502555626,-0.0034236957746180963,7.046510901297673,True
575,2.135635671463876e-20,0.15095313960935167,4.999999999999981,0.0036742727409598734,0.12403481789638074,0.16216382925485073,0.9958364871330609,1.287400388735628,-1.7842585492393148,3.6996117893986726,True
576,7.1277030409272465e-19,0.1438649949586496,0.7443093820931462,0.029096598497734827,0.10144831627569958,0.12602930296962575,0.9803450147730761,1.2615311981165493,-3.312126290237827,7.017407010495805,True
577,2.207240484656541e-15,0.19952438648000687,4.999999999999985,0.0031828863524022773,0.06533275899294617,0.0792066075117904,0.9443166755897577,1.2201666587402373,-6.8654707316694985,6.481303249717729,True
578,0.18872459120334967,4.867401920353381e-18,4.999999999999722,0.0026656847040628473,0.2516076555683918,0.22470252352973977,0.9497884248191171,1.4335144754134967,-6.325811947784887,7.653998804666958,True
579,5.0491674246512655e-18,0.16592572116760979,1.128431528152582,0.016168447198451702,0.12727847464671552,0.1045179541580587,0.9928491572089277,1.2911154737977801,-2.078888066482132,3.318581252265207,True
580,0.24143529341278366,3.3000215969951496e-23,4.99999999999944,0.001956837196850467,0.2974843418515572,0.49263565983161084,0.8740578281950143,1.4860588119540523,-13.794846065381828,7.2212290832618455,True
581,0.05644954676684024,0.13771694728369716,4.999999999568875,0.0030927052966658046,0.21209597399259436,0.204990808474563,0.927927766890153,1.3882602240234216,-8.481849364405235,3.2946892202402225,True
582,6.957072637444175e-23,0.03238338117007874,0.7391169807916519,0.05074082766922098,0.06887824725612174,0.06385514437198793,1.0328721257644438,1.2242274430643494,1.8684321839107954,5.515091691616187,True
583,7.038492291581457e-23,0.08840240775750301,0.5431172366917982,0.05861162191068267,0.16877833385210683,0.007843804556091951,1.0453817428480698,1.3386468616363552,3.1022103523233646,3.2260494571884504,True
584,0.10593237779386393,0.01884426520319303,0.4542865716610535,0.08738535073189958,0.09468956974139243,0.06627761174589498,0.9668326965693474,1.253790145279844,-4.64479723395722,6.369258030855683,True
585,2.7173167518692946e-29,0.25891590833393746,4.999999999999999,0.0026482380846556144,0.12271897034983993,0.0971256141315373,0.9184517598630061,1.2858932978377642,-9.416433573950778,8.044712172541036,True
586,1.1246004156337504e-16,0.14578596099642205,0.5909854507020221,0.04663610161785548,0.10769556843459378,0.030619025164090232,1.0159595023917993,1.2686864167359704,0.20040147215822923,8.210785190042975,True
587,1.531026270362902e-16,0.1965015045503358,4.999999999999999,0.0029489452628589942,0.12540985014258207,0.044518154313680634,0.9846021300466442,1.2889752661505434,-2.892262448696359,4.937984446224801,True
588,4.647035638045276e-28,0.2142385151785666,4.999999999999999,0.0025689152635775575,0.2138690526777718,0.12298341764086405,0.9863657381410461,1.3902909993625951,-2.7183241778473755,4.031084653024618,True
589,0.06227382778648131,0.0877430135165139,1.0573047111081948,0.01994997309674986,0.21539760761897864,0.18168745688766486,0.9614867662329049,1.3920417122357036,-5.172046956699772,10.61251361669628,True
590,0.2094300931755512,8.806427633895734e-28,0.4285773753090104,0.03524963888729161,0.34554466034310183,0.36079070549230446,0.9317851338243796,1.5411041466035316,-8.101411251936197,5.325076654487716,True
591,0.14301228783413203,3.754466534831538e-18,0.4637224132316036,0.060785928197397206,0.10240476938349967,9.693808254630722e-19,0.983048804137565,1.2626266607153802,-3.045461350168721,8.092192114642184,True
592,0.16247677209707184,1.9390977945702054e-33,0.6600076576051973,0.030636148985862026,0.24581591208136855,0.25795601706277094,0.9468770781077285,1.4268809684278276,-6.612947516298206,5.5353864519974705,True
593,0.013570038530470086,0.022731635597917993,0.6254548897243931,0.07682849819526509,0.05048471052491913,0.13038872741588067,0.9832986998454659,1.2031606166983388,-3.020815042713665,6.398544998182652,True
594,2.0025396596707812e-24,0.09122295283578423,4.999999999999999,0.004445833050089161,0.13061381662175603,0.12200560536037561,0.9942428388481538,1.294935569480643,-1.941434300415601,7.278832766798845,True
595,1.203470240117626e-16,0.16642697057923925,4.999999999999999,0.0036185171814068426,0.11774052755059779,0.16128760388018007,0.9483455392429573,1.2801912954682673,-6.468118519719324,8.316048651863229,True
596,1.6229474650602494e-24,0.10936078763888213,4.99999999999998,0.00449757063458395,0.13043686336313493,0.15075341068748038,1.0076231986409707,1.2947328980951043,-0.621777936233936,8.627314845326339,True
597,0.13196888024266676,4.100973093753908e-15,0.5848633725232605,0.04154536170272693,0.22006600962768483,0.1393444606351714,1.0095629172578298,1.3973886129411732,-0.43047052319755696,10.569331598862922,True
598,1.0688398371807337e-20,0.1125852433341036,4.999999999999999,0.003962945474298587,0.19075240674993896,0.10852255085998234,0.9970347979434608,1.3638146140407843,-1.6660734995322946,7.862800167099431,True
599,0.14670617183359438,1.6093614595595054e-32,0.7087655939863771,0.03569308370244666,0.15743533123904999,0.19861434082740706,0.8683829135316881,1.3256552836701065,-14.35454231926483,4.776692261167039,True
600,0.14778749368781882,0.015449036882685827,4.999999999999999,0.0036579515240367446,0.13224134087055467,0.2862700625122291,0.8830447040501626,1.296799635715265,-12.908503089558144,3.7099839387945734,True
601,2.173064487960835e-31,0.20955448657879472,4.999999999999999,0.0031344938889828855,0.03554606219885033,0.16047507356232218,0.9390251096016127,1.186050807147992,-7.387358695884904,6.9475488828038845,True
602,0.20218767034216156,0.026629953087756668,4.99999999999915,0.0023501161128806057,0.36013407709324485,0.287367069485784,0.8643195148706552,1.5578139677732274,-14.755300593800769,5.414893303788558,True
603,0.06329734580945866,0.014402066808754676,0.5037270353712311,0.06389882800954295,0.144668079354945,0.12304811390410711,1.0724045490024232,1.311032458133934,5.767371728535697,4.775319048199238,True
604,0.12572825193518133,1.168885907889446e-22,4.9999999999999085,0.00378010142613827,0.1803731414745463,0.3132983675815782,0.9488205133037751,1.3519268415825094,-6.421273550534268,9.878660860367512,True
605,3.0092339947622037e-22,0.10925422754720446,0.9364475495173376,0.02802000773618953,0.11519120922245263,0.08150945872444926,0.9975927662485917,1.2772714629555988,-1.6110431089987887,5.3882515224862315,True
606,0.020003180476117564,0.13791947237668722,0.4668697255524481,0.06535680842510899,0.09993149898553999,0.01353389157344587,1.0375793177986508,1.2597939288274653,2.3326854642075956,6.606442188273912,True
607,3.182015262565231e-34,0.2129267453114111,4.999999999999999,0.0024460860130576714,0.10623744113309241,0.07753103697686851,1.0754671888200824,1.2670163673523651,6.069428787475162,8.878290059119962,True
608,1.0287680497866069e-21,0.25316281248770744,2.2489737217849117,0.005569675166717649,0.07428382615135473,0.06793677362251983,0.9992172661644091,1.2304186608631789,-1.4508245733453662,5.116532775588505,True
609,9.672138667384004e-19,0.2476533925751904,1.0883817310562316,0.012010026899159953,0.1956082367528467,1.6081727499141493e-14,0.9861835462079931,1.3693761832500702,-2.7362931075083696,5.029003817616821,True
610,1.2597688750969973e-17,0.08426692102442637,1.0311919042634325,0.025560874062942305,0.1875660923016178,0.10987987631316144,1.0335396609110667,1.3601652053266668,1.9342687546903825,10.522235531038346,True
611,0.04308307660029468,0.12249580258978202,4.9999999999864295,0.0032708935908176777,0.225107639636192,0.14051257609185572,1.0082051225326196,1.4031629860561987,-0.5643848930740547,5.680621794163882,True
612,0.16113530651711228,0.03403263507509837,4.999999999999992,0.002986284109463759,0.21999989949077425,0.2798793115739211,0.8682600749651407,1.3973128944539852,-14.366657441624863,6.015171650003521,True
613,0.18687156101287833,0.0865062425372496,4.999968139322988,0.0014904710608817867,0.11104392293831743,0.23721196551848242,0.9563194969600274,1.2725214161693383,-5.6816759866346604,10.338800054652904,True
614,0.11611719385690543,3.011755539284567e-28,1.2491652230676615,0.018248828410204185,0.12736305137479825,0.22312465314791957,0.9654882940608523,1.2912123427834008,-4.777390778064284,6.587441689423081,True
615,3.9638252043553157e-17,3.187098694640787e-18,0.5337693681389791,0.1129968524300336,0.13184654839087773,0.03507612353654642,1.066183206869431,1.2963474646759752,5.153783314869709,6.4415760514543345,True
616,0.19146267760923752,6.368445590384172e-34,4.999999999999999,0.002506587587971751,0.15574390406794483,0.31574720221811725,0.9820123135963118,1.3237180269562319,-3.147686653550563,9.754143943140095,True
617,7.009367575704817e-21,0.21440801798804746,0.5648930814085495,0.03372375735887615,0.03487598400786737,0.04597080102634729,0.9974847708945456,1.1852833407761147,-1.6216942991368555,7.179870935367562,True
618,9.667160453672068e-20,0.11276682834313931,0.6127609433439687,0.05821830113677457,0.01119673137490274,0.03596510084648401,1.01394207451746,1.1581625803163103,0.0014298768593823397,5.112004007326983,True
619,0.1299197278042388,1.6621469532172544e-33,0.3985342835316684,0.10451657387081593,0.10533978561935523,0.055691953893845916,0.9603723494606202,1.2659882479036288,-5.281957841658613,4.054807328731687,True
620,0.17757733560339473,2.392267153809208e-33,0.3659580595359686,0.06111219662126692,0.1324073373698904,0.09269933118422699,1.0151592758991708,1.2969897579022036,0.12147803511051158,6.998258510341771,True
621,0.1461430501422623,1.7767133999072156e-16,4.999999999999977,0.003473033212766376,0.20312571206816796,0.24194845539102022,0.9227683831713293,1.3779862373953389,-8.990700670739782,6.574625047816608,True
622,0.04384702549793771,4.516772084491689e-21,0.5308441116934244,0.10106644938735208,3.13640140143015e-26,0.02482253114054933,1.0142602092664932,1.1453385324353067,0.03280635348106298,5.546716107458194,True
623,2.068872267445891e-14,0.1821095637141615,4.9999999999999885,0.003018540408943322,0.10792878551898603,0.15141483653225982,1.029041185368776,1.2689535292491472,1.4906004251072913,10.206759904385867,True
624,0.20779690320429198,7.246446965849579e-22,0.7118947136661616,0.0199098967855168,0.2079469145611607,0.2990027716998005,0.9101733136526095,1.3835081463832366,-10.23290670294319,1.8476155771809508,True
625,1.3869520872256375e-22,0.15678038929014818,0.8289817268689836,0.025199974001365703,0.17429412952524745,0.05301750223096034,1.0599664762703145,1.3449643149578427,4.540649720066736,5.4027993686815226,True
626,5.3927587784149385e-24,0.022748720011121663,0.6530293263923396,0.07295498656990604,0.055295498506349655,0.09512417714762138,1.000561578683847,1.208670597544848,-1.3182399045326587,7.261608305215836,True
627,0.0911975917369327,3.3430123755352546e-40,1.9849571554795886,0.011589187073034453,0.15133620304654663,0.2268344361208497,0.967040123700046,1.31866971713697,-4.624339448264692,7.557717381823717,True
628,0.007316228027164633,4.0675656212773945e-19,0.6122366327471569,0.07808985065759706,0.08397181666641766,6.586675124436282e-22,1.0570335706247043,1.241514689701948,4.251387872051882,5.296566471760686,True
629,0.0954002035914588,7.993516028924409e-21,0.6783620943284289,0.0444668154465143,0.13025040517578917,0.1448165449906664,0.9519940136143783,1.2945193403484492,-6.108282723197311,4.221790470149156,True
630,1.3614049646324369e-19,0.1671464793921691,3.6972527108638036,0.005151805946190933,0.17974838297874707,0.03198454402659698,0.9714688657948699,1.3512112816038042,-4.187548675725738,7.780824653498699,True
631,3.8189839208441156e-19,0.17200325014659962,4.999999999999999,0.0032462590713010463,0.1696440121117425,0.11351247007053461,0.9866921152435852,1.3396383563038072,-2.6861347877892627,6.349444297114974,True
632,1.3937193153522842e-16,0.19668588807855622,4.999999999999999,0.0029030841717586717,0.15393567964645416,0.031626159475624395,1.0063061940122293,1.321646997851008,-0.7516693268158514,3.5647486639146786,True
633,0.026727066727131682,9.511114965613777e-22,0.5288991871131422,0.09559956925066854,0.11517370486259323,0.018685364439048623,1.0726676330056941,1.2772514145377662,5.793318749737408,3.991121706819883,True
634,0.18899430281896654,2.708445682194962e-19,4.999999999999999,0.003055949273268882,0.19001110704377114,0.2936301910084553,0.8828262427579214,1.3629655749232275,-12.930049134589616,7.271909204501045,True
635,0.06488768724900072,0.12763953689183893,4.9999999999462785,0.003291530020639755,0.1393601170346089,0.20286395130896398,0.9753681044042115,1.3049530443597381,-3.8029809117824387,6.0063029876624,True
636,0.05088728768881395,0.2132986550722726,4.999999999532646,0.001820244693190421,0.18208092040584387,0.2141702533545688,0.9441356857273587,1.3538828265974057,-6.883321105461048,8.314251300833241,True
637,5.705745580362429e-18,0.1338318725801831,4.999999999999999,0.003554732885343853,0.1725461491886725,0.14890475312944781,0.96059549727939,1.3429622857244246,-5.259949581510714,5.523960446043671,True
638,8.85992519368034e-27,0.10056844260476855,4.999999999999999,0.004282376191514552,0.24423520450829997,0.1852547212696103,0.9782240993178222,1.42507052313588,-3.5213044903576463,5.430691895765081,True
639,1.7687943700924443e-18,0.03803289479592317,4.999999999999999,0.004768064373383811,0.19428439660713634,0.1791910325537558,1.0207044752881764,1.3678599381204033,0.6683809418833286,8.974028070661117,True
640,1.0848993166141475e-16,0.214885077914507,4.999999999999989,0.002672275294093373,0.1368697234990745,0.07886698898045463,0.9914181185857681,1.302100700682563,-2.2200262164036366,6.916611703173436,True
641,0.15809726110748656,0.08824155623532191,4.999999999999999,0.001807851009916661,0.38853355070092965,0.36650008660247607,0.9898465407233958,1.5903409791969882,-2.3750252418409112,7.402524171670767,True
642,1.345105473928074e-17,0.11894073350454423,0.5559792928133818,0.06065896822817,0.1105004274009226,1.453101240474591e-18,1.061970915939274,1.2718989297881536,4.7383403357690534,6.626633568517632,True
643,0.16915058055639107,1.29024514755596e-33,2.5790345317008727,0.006772797285675113,0.22186105570595038,0.30135796767781353,0.8884128754444691,1.3994445483821076,-12.379059811932859,5.445389699522982,True
644,6.988867180380726e-21,0.16720021141720995,0.6316379485817722,0.03433825319008003,0.1497863371067379,0.14410958565697357,0.9751846340243304,1.316894595955998,-3.8210759300179586,9.650890166307052,True
645,6.085074975771089e-19,0.14729404935871043,0.7548259797086961,0.031072988301623316,0.13903394854116866,0.06356228876660787,1.02522424285666,1.3045794710161347,1.1141492267969566,3.8043209036933456,True
646,2.1898646637134937e-21,0.0280037659517062,0.6465911068124526,0.07881346688228211,0.07567582702533109,0.1068189092357406,0.9658121044849843,1.2320129731013274,-4.74545453018973,9.761940566146155,True
647,0.12648228946904713,0.10093792161558884,4.999999999999999,0.002705098217574041,0.23992785184260584,0.11764585294726052,0.9339309686510218,1.4201371461550725,-7.889775344583294,6.500681388205328,True
648,0.13583503345739026,3.1169699642540427e-19,4.999999999999999,0.003769429887072337,0.18161084696660068,0.25101200881357905,0.9051284700596345,1.3533444333743663,-10.730461332030561,4.860319956481472,True
649,0.03692416357325959,0.0947029312434429,0.4653066038369279,0.0736081292501596,0.11288887198408673,0.07078140911385666,0.9907598299009232,1.274634507401838,-2.2849508421891707,4.589452585009772,True
650,1.5074024720167106e-21,0.13120438991502031,0.5242333987076739,0.06837409874236172,0.07728529474729896,0.0952472103023741,0.9678139126486465,1.2338563585000084,-4.5480234503120665,6.089894056056613,True
651,4.0553774385680564e-30,0.22858079573615075,4.999999999999999,0.002575150868048552,0.13336694408436278,0.007212005510018121,0.9850120833411511,1.2980888324482724,-2.851830241902953,3.8054100084829097,True
652,0.10361600940079141,2.468913151848371e-33,4.310328459375297,0.004404240420761914,0.30546585099576085,0.19933075221567423,0.9814370300987727,1.4952003419238935,-3.20442477871995,5.470572453546295,True
653,0.10236935034625617,0.07829350941768635,4.999999999999999,0.0030991952323599454,0.18403253606380085,0.24769962308500273,0.944799584170049,1.3561180872109682,-6.817843209602314,2.713346392984991,True
654,3.393403222909393e-20,6.102645453681057e-22,0.6193774050624745,0.08442162676970891,0.09092243850216424,0.022316038364278822,1.0661440141568967,1.249475504714815,5.149917879759869,6.1801034910197785,True
655,0.173273861170921,1.766105322876254e-29,0.4197108639732599,0.03927919490158648,0.43024867782028037,0.17353845574372778,1.1269324929422018,1.6381189216722176,11.14526510061824,2.2147573608972686,True
656,0.22526523798719397,1.9032664013476014e-12,0.4317386075403682,0.036745125021878426,0.24829394641264688,0.18589949305516423,0.877824799491379,1.4297191566321383,-13.423323346866734,5.4062650809861035,True
657,0.0916010702890773,0.026030498996227825,0.5896535308261962,0.04615759134235914,0.15240703045223586,0.2230596573014054,0.9855177205999869,1.3198961770262936,-2.801961072693604,4.114309450224424,True
658,4.425550339336375e-20,0.054929819355266925,0.7162808508166175,0.06040966032971702,0.09639829434738595,0.06031706257960849,0.9646347833391223,1.2557472134124086,-4.861569445399749,7.872075679038341,True
659,8.58963864119471e-14,0.20666154213853888,2.1588687350832245,0.006964333027884594,0.131049860824776,0.16235774221399507,0.9778745657444418,1.2954349877082068,-3.555777719160824,12.866603047901314,True
660,1.7810671768664868e-17,0.21343506104791268,0.39209052119816173,0.060044627262739826,0.08403258167342008,2.4558455619962833e-23,0.9830239884089877,1.2415842862058917,-3.047908835487201,7.469473956465599,True
661,4.033553253869589e-23,0.1384191659913466,0.47721702167539093,0.059773776604962595,0.1571332315765223,0.0799654787854691,1.034109613489723,1.325309277285978,1.9904811106622455,6.476303082312098,True
662,1.077287826100608e-22,3.52351484675338e-20,0.7307339669834135,0.061845348710224846,0.09211885713320019,0.03227743070954153,1.043131403900057,1.250845809073864,2.8802675824506796,5.719909833965934,True
663,0.010438099766193748,0.09994642974856571,4.999999999999999,0.0040954366353621475,0.20307094156247224,0.2233773890449393,1.0038716095100553,1.3779235066247246,-0.9917835675522402,4.166031898744474,True
664,0.2303687144960458,2.5712921552952355e-24,4.999999999994664,0.0021192989691047495,0.34740327324203907,0.41375755986948726,0.8507771204072567,1.5432328875735657,-16.090937849943632,5.755731194053613,True
665,0.013900884037999304,4.404082523381134e-22,0.5865089635194028,0.09295628393979323,0.08289069367355274,0.06729948909563073,1.0090789267171467,1.240276437879918,-0.47820475509460225,6.033288553756116,True
666,2.1741768538221722e-23,0.2652268278874523,4.999999999992943,0.002353061658505798,0.0566076812304966,0.07584151810325358,0.9622200474165553,1.2101734909804092,-5.0997260927078685,6.969697701272046,True
667,0.08609159764781296,0.11888000076460976,4.999999999999999,0.002479139824866966,0.27082492905862354,0.20925415621111892,1.0013282962782848,1.4555247592302067,-1.2426213285977372,5.8061857662929715,True
668,0.1284129515536161,1.2211083999655009e-19,4.999999999999999,0.004189557733284691,0.0527670465343613,0.2889955063299599,0.891012104175173,1.2057746640739175,-12.122707307998049,9.6294108882882,True
669,8.07898013384431e-28,0.12647566929985857,2.021088796011437,0.00961553581144537,0.17666478092883525,0.1287073736085917,1.0015559695230978,1.3476795133573438,-1.2201667420900786,9.775399811203945,True
670,0.07572343299849187,8.269202820024394e-26,0.42343990272962795,0.11356562528677105,0.10451730940776922,0.027527145032352037,1.0719105167013705,1.2650462342064879,5.718647114228581,6.101189655721629,True
671,0.08398185096912102,0.005614852750439708,0.8139610032615117,0.03474256533585485,0.1886108958939258,0.13281418163509062,0.981023563867438,1.3613618591397643,-3.2452034537334473,6.328432786317459,True
672,0.11186382106986698,0.08741702688887468,4.999999999999999,0.002427660683667807,0.27743762222374685,0.25060704411277673,1.0234585035306585,1.463098531515394,0.9400007603039606,5.969388352339695,True
673,1.8992226508498925e-14,0.1446474818191349,0.5191041003934935,0.0504401303599084,0.12214612617935645,1.5773129240194358e-25,1.0496793763863572,1.2852371973362284,3.5260703633797297,11.02058780928673,True
674,0.12475141365066003,5.943449810731388e-22,4.999999999999999,0.0037031593413135613,0.276133970565465,0.07139651767166087,0.9928731336555977,1.4616054090382906,-2.0765233564946195,6.250292930276982,True
675,0.13959892796281648,0.07737769657484135,4.999999999978768,0.002434528395498742,0.2558402800158357,0.2474489918077206,0.9719860512302223,1.4383622632864819,-4.136540551744561,4.1371279216933585,True
676,6.553929968355792e-19,0.20574174281527713,0.5736754904439421,0.03353711527806685,0.16383226769742168,0.0912506486618767,0.9860667008023416,1.33298194148542,-2.7478171461426837,5.2485087993725985,True
677,3.86385321594675e-24,0.12395602283066827,0.4995400223616772,0.06762650337889761,0.10705457623010398,9.127615309641955e-19,1.0141846495245224,1.2679522636651777,0.025354170138336407,5.364088809612556,True
678,1.8392777084002664e-19,0.13661264918372423,0.8432100916823677,0.027094936996791903,0.13171920416410776,0.08498995536195145,1.0162839388653417,1.2962016124261724,0.2323994650158534,5.807357475554944,True
679,2.196425952986344e-19,0.07932419292657708,1.0023276054778707,0.026212420405942512,0.11787577614520843,0.11886383039302906,1.0168072090389821,1.2803462008951325,0.28400770466883163,5.506806508772609,True
680,6.2258430598739744e-18,0.1957932017239847,1.4632933989727646,0.011260693726669402,0.17072693139522283,0.023053686356011963,1.0130603398699827,1.3408786654866947,-0.08553241392204036,4.833359610653738,True
681,0.1783464049357468,1.713447757301476e-25,4.999999999999999,0.003316305351574731,0.25965870973272576,0.2859438934593039,0.8860805568341797,1.4427356579746322,-12.609087938607,6.763172214504599,True
682,6.288362131021522e-30,0.011221481251562082,0.7393940033720449,0.05920844833761747,0.09038986192823203,0.04147096046094518,0.9811629156623143,1.2488655242432178,-3.231459691546479,5.8439775086803,True
683,0.007533251280547534,0.037537078171633036,0.4882960685776719,0.12992937201186366,0.03752627453683941,0.0002923732519441629,1.0424806468971652,1.1883188206410948,2.8160857791434957,5.793439831866466,True
684,0.0922188789876386,4.102890100618893e-18,0.41456862427986135,0.1136621997291647,0.015067385371315124,1.200901569476967e-20,1.0352437987139271,1.162595789484126,2.1023416863461097,9.081728126712848,True
685,0.24409112382429576,4.5381650893110904e-20,0.8079450943872049,0.015465800181274827,0.2570620144139874,1.203369097984922e-24,0.9221118677213717,1.4397615627690867,-9.055450408798782,7.857020407713352,True
686,1.4191363261738774e-19,0.14811434847090033,0.7810621643344378,0.031247889847357935,0.07141782629081075,0.07449390988598487,0.9581801203089999,1.2271361207889435,-5.498169453040946,8.256087662537617,True
687,0.0707859538953044,8.716210643343445e-22,0.621296243876957,0.06478827253024079,0.04352766984275434,0.10240506130090052,0.9837243009951023,1.1951924499333355,-2.978839544713807,7.517310391341064,True
688,0.18538110141234135,0.0012803842308695107,4.999999999999999,0.0023319169712142265,0.34541590064798133,0.2516669445755435,1.0405947395524886,1.5409566731632853,2.630085576742691,8.585308062489613,True
689,2.343456565444543e-16,0.17240585578431591,0.7464343208332174,0.026707984492379013,0.20761240193749883,0.08880869749526718,1.009913903176943,1.3831250161857704,-0.39585405480149216,6.5586197182334915,True
690,2.9065067779953255e-27,0.060193021535145,0.5458412683422125,0.07648666114920684,0.06802123585866922,0.03634995617657853,1.0238849057490407,1.2232458748881108,0.982055264809234,4.981493759677614,True
691,2.4727163599761158e-26,0.22705968392337555,0.36286650633322176,0.05576031088234869,0.08117445366740965,0.08700396153477716,1.0249904402536636,1.2383107620699756,1.091090123919014,9.688020601037776,True
692,0.08169399677401562,7.282588282263631e-23,0.8999976098091041,0.030899004075619758,0.18685107894089958,0.09918132209939527,0.9930594518268312,1.3593462729734302,-2.0581474709251646,4.5648870788815525,True
693,0.1559396772189318,0.06893651022329023,4.999999999999999,0.0023822419854147613,0.31672871230498056,0.37828082396889856,0.8749844892129298,1.5081001309668178,-13.703452849603902,6.629513985510231,True
694,0.18875602505712555,3.898381083276586e-14,0.6891620742193149,0.024321714886886635,0.19136194372547458,0.26872953463259047,0.992926309603311,1.3645127402258095,-2.0712788056075238,6.221992182760658,True
695,0.14426716299293116,4.058551924686463e-25,0.494335706404728,0.03462762292768183,0.2822463951221317,0.18597458688380594,1.0930421524194043,1.4686062044096446,7.802783713891803,7.486951238828147,True
696,0.18205318423675654,6.259254931610293e-22,4.999999999999957,0.0022608378440087088,0.4934619625658994,0.29858136066773083,1.0394313739720622,1.7105195324531801,2.515347048343486,8.70625458761609,True
697,9.805325258799338e-21,0.15078505080703652,1.2608777820463033,0.015613640243625337,0.17788816035163732,0.13615250334931422,1.0173876762557532,1.3490806969500675,0.34125708126797605,5.914536359061577,True
698,4.624184305221506e-18,0.12435580588208313,0.7216994424467417,0.049068633248937676,0.020000226243811994,0.13397965493012937,0.8990972779857356,1.1682455622097683,-11.325295934923329,7.822522703809656,True
699,0.1680509820707949,4.0055769514288322e-25,4.999999999999998,0.0034755983971025066,0.18595658011884253,0.3517798909505852,0.8248653971724483,1.3583217690053104,-18.64651714700304,5.3086112389801,True
700,0.08325580371051226,0.038734885281752535,0.4299770263084529,0.08406918110411508,0.10291731410717389,6.284237837779775e-41,1.03301189416368,1.2632136979370008,1.8822170342750244,7.808224857424168,True
701,1.7147804228299475e-19,0.12724719214601224,0.9866858410242895,0.02340727347080784,0.11068782498552454,0.092104334024297,1.0031486330710888,1.2721135634626834,-1.06308811194481,5.701586960824453,True
702,6.917964842660404e-24,0.15027849440544214,4.999999999999999,0.003733705214580825,0.1766602835172061,0.20298096838431404,0.9356366210563373,1.3476743622985088,-7.721553033179928,6.184085886277837,True
703,0.162962021668293,6.583792868772568e-30,0.7206592824938315,0.03484641895927846,0.12268173865609425,0.0920152588709091,0.8445467629211441,1.2858506549442896,-16.705415415194857,7.038631302240584,True
704,1.7234781493262295e-24,0.23209966317632477,0.45257876604471875,0.027595827476206244,0.09929102794822166,0.12920468191943835,1.058067487237172,1.259060372669516,4.353359318171646,10.877617627793931,True
705,0.15520702486810753,0.0019763688803035927,4.999999999999999,0.00304949771528816,0.30423713397320135,0.1963855264696856,0.9932037408306459,1.4937930449724968,-2.043916769724763,6.418543355715984,True
706,0.0032229490197160835,0.21065248480016702,4.999999999999688,0.002817991752153559,0.1540553695276209,0.07998476094220255,0.9828503534929283,1.321784083283851,-3.065033817593066,4.2555001185788655,True
707,0.14789683633774936,2.7597537045067017e-22,4.999999999999999,0.003564057889259616,0.2593193250318141,0.2444886200891377,0.8921793564064275,1.4423469475993589,-12.007585453322122,5.96620307369586,True
708,0.021016248441468054,0.14152053163243034,0.5871724407950849,0.0440198929648484,0.01995945859868162,0.04710968272029906,0.9701098800704362,1.168198869454924,-4.321580509536648,5.583689444366418,True
709,0.17495530162754552,2.5035579084646932e-27,0.4029015128427159,0.07531393066633525,0.031843839364267386,0.2776903989848524,0.8483438526638408,1.1818105086798825,-16.330922223538778,5.789413115691177,True
710,2.737777577919787e-23,0.11678333194616493,1.7935258432656112,0.012067820247050382,0.17201933270416248,0.13153971544546353,0.9834639552081739,1.342358902505193,-3.004516505567467,7.129427401760983,True
711,0.03157887683398742,0.07296268700380319,0.49350915692173103,0.08516237005759911,0.10202265063669352,2.034980911721154e-35,0.9981255606497389,1.2621890053906972,-1.558495529325199,5.958976135072187,True
712,0.08167349135255215,0.17269297993677402,4.999999999998792,0.002187018994621796,0.1505523461906561,2.7631885617442797e-41,1.0001032828745444,1.3177719356760051,-1.3634399582523549,6.231443456161613,True
713,1.2845314466698254e-16,3.86385174823974e-18,0.5195594780299185,0.14618128991805387,0.054263564332475325,0.0177951991051906,1.048022415292402,1.2074886835725729,3.3626502994429375,14.253081952327506,True
714,1.8923622326589577e-16,0.2184833274321608,4.999999999999999,0.003126739441460258,0.11609129945183216,0.11445759697915074,0.945147615689117,1.278302370977976,-6.783518122968957,7.3097300181111695,True
715,2.915739102978804e-19,0.09723081716339417,0.6150367990571279,0.04205955469692007,0.2163181342379824,0.03857504317005599,1.076917504271795,1.393096026842581,6.212468141091865,7.409518893061476,True
716,0.07857422634249639,0.0735918374278091,4.999999999999999,0.0036475560668683504,0.10932492049748421,0.21145437879820153,0.9699724253568887,1.2705525764365018,-4.335137169471692,12.280678507969045,True
717,3.254967976690202e-27,0.220242635775606,4.999999999999999,0.0026857334706582078,0.16010371334040147,0.06927339080960403,1.0074390743642552,1.3287114845100452,-0.6399374459429619,7.093637963233506,True
718,8.127224297472133e-19,0.2179770749126307,0.9842759949142517,0.013415220923895818,0.1590157205874378,0.1643232098186908,1.0301195303368085,1.3274653644870655,1.596953678822599,6.03292015306089,True
719,0.2125850456496814,5.4117363937459426e-33,4.999999999996052,0.002225425212560798,0.3253855095711213,0.16240427150221523,0.940245792640473,1.5180150944432091,-7.266967154414883,5.379469907723769,True
720,0.24019279186958914,1.4641516468013732e-33,4.999999999999997,0.0018273476557784216,0.49817147607298384,0.4616300220867959,0.9709831793707943,1.7159135197418685,-4.235450166451882,7.154391630741059,True
721,1.2738787419536047e-25,0.15504287112221912,4.999999999999999,0.0031774510227109065,0.24238656828185376,0.19933047945021964,0.9959437835787084,1.4229532088332755,-1.7736762899021152,7.5788117006332225,True
722,0.19901237206425226,0.030140052846745553,4.999999999999999,0.0019262109803951915,0.36573583101075213,0.5428103498627775,0.9559482337804998,1.5642298723841688,-5.718292327692465,8.91026123419756,True
723,0.05737717694527389,4.352796789530279e-31,0.5832815412159027,0.06640961774638046,0.1480337943232359,0.10979909907295798,1.0069127819423347,1.3148873411763118,-0.6918437589840232,11.076424970624586,True
724,3.5843819083382076e-17,0.18515162656967366,0.9049714547949688,0.022675782366580126,0.020178759994749062,0.06540448350178059,0.9435002554097675,1.168450043794057,-6.945991293377329,4.227688009601663,True
725,1.6256646218609848e-22,0.14252467183200856,0.8495260520599852,0.03091213671575768,0.052133792013116055,0.09346449691054742,0.9281274955038002,1.2050493732698964,-8.462150855531792,7.27733986122988,True
726,0.18159405800281836,0.03004358966801455,4.999999999999999,0.002490389349439958,0.22975644506199008,0.15752646074966364,0.9203549598150481,1.4084874420401594,-9.228727864394981,8.825590286684708,True
727,0.03290554796146351,0.24467738885756318,4.9999999995801785,0.0022546674847730907,0.16367316176542007,0.12190294272520211,0.9328083312244985,1.3327997113307595,-8.00049700285853,9.949549494021994,True
728,1.98980348789587e-15,0.21138355052640537,4.999999999999998,0.002589801358351078,0.17396631927379091,0.08802098562632672,0.9741057208062659,1.3445888612455226,-3.927485228173222,6.698170499747159,True
729,2.1187558053208334e-18,0.16208208096872528,0.8714944074346679,0.024711194240935156,0.12891784984453303,0.07469226007352,1.006747722649052,1.2929931133809593,-0.7081229585138349,4.713960477866366,True
730,3.561448708316923e-19,4.51015193205403e-17,0.8437811684300162,0.051698914055527664,0.0709526152843513,0.05698990256232124,1.0113668712444044,1.2266032966975327,-0.2525530833128675,6.399425719776109,True
731,9.103726723987135e-15,3.428068654471961e-16,0.6115605558182811,0.08511565219623193,0.11783631749703338,0.09031229126326352,1.020766323325166,1.2803010073849397,0.6744807894875304,10.288350406637083,True
732,0.09221870158350716,1.446713255308535e-20,0.7252283651606783,0.047936653509156095,0.08384475954651018,0.18524330364433517,0.9514913985372341,1.241369166286698,-6.157853825585979,4.914587781942507,True
733,1.6558801889364912e-26,0.23709595727227273,4.999999999999999,0.0027142922788514585,0.02416235553653796,0.09379028186366978,0.9706851756399288,1.1730126092657052,-4.264841193754276,9.382591272973094,True
734,1.4421634286694267e-19,0.046978541872158795,0.6286788385995804,0.07312048900331619,0.09267195110957989,0.054861132008546455,0.963342122209616,1.2514792889170694,-4.989059924930728,5.261638667850496,True
735,0.15342624908091043,0.11691077036345729,4.999999999924002,0.0019713304096416395,0.1899744476807527,0.22350325763610177,0.9109046061588186,1.3629235875421881,-10.160781974995636,3.3925382622628995,True
736,6.795402461884284e-20,0.2067101028643215,4.999999999999999,0.0031095569024132447,0.12592752850272737,0.14501463024728387,0.9662233448731112,1.2895681831238255,-4.704895382020069,8.558446964533408,True
737,2.7623423208185954e-25,0.14183903196264275,4.523804540635385,0.004448021891830627,0.13020832535104027,0.20715252581877847,0.9454821103214627,1.294471144703726,-6.750528130383215,8.047045624362283,True
738,0.23578215307133227,1.4252237927823054e-29,4.999999999999999,0.001843860987815237,0.3560798565737192,0.29687912497010904,1.0033626668825744,1.553170512793225,-1.0419787332845654,6.2358878926976455,True
739,0.038846762945261286,0.15474285423184153,0.4246098567310754,0.046692886160172684,0.14763538912160903,0.14030460017026283,1.040460226230799,1.314431032347366,2.616819015620009,8.16355755609128,True
740,0.025262573484718918,2.1467242714278322e-20,0.4809761658318444,0.12671145872516842,0.10449369445795641,3.3003904064791166e-24,1.0438893595129086,1.2650191870945258,2.9550219959159962,4.725360288673166,True
741,0.1435385553978339,8.338277460364047e-21,4.999999999999999,0.003596029322914839,0.19290449267886767,0.10852254642463006,1.0062369810298202,1.3662794809802983,-0.7584955522787262,5.818128556953755,True
742,0.23503740097144796,1.0335704890873398e-23,4.999999999999981,0.0019310933277624529,0.36686862166585155,0.42070711157400625,0.9778615660465773,1.5655273011706368,-3.5570598322194447,5.229811414493233,True
743,1.310339200265193e-21,0.06367430817605403,0.5980372798362538,0.06525602266922367,0.16743990784503898,0.01592617865447468,1.0389984482049983,1.3371139107576466,2.4726491498885617,6.408087174717235,True
744,0.23395207751004102,3.9564400019193176e-20,0.5303124085968742,0.023643591632430534,0.22990003562795291,0.20508772685510254,0.9033549879350056,1.4086519018482508,-10.905373442673906,4.53385068862258,True
745,0.13828163637205895,0.013064610903878043,4.999999999999999,0.0035080661545994363,0.21160399786386971,0.2629468879392418,0.9442147090207074,1.387696744806155,-6.875527324606057,9.525771312014747,True
746,0.25662684147744047,5.187997312579441e-27,4.999999999997964,0.001678494147273992,0.3095979723183085,0.5593512099022773,0.8717736525615966,1.4999330196953047,-14.020126024831548,4.726138124091568,True
747,0.09845468702906923,7.191865963891474e-17,0.42538947668793076,0.11012410073291824,0.14921962655987633,2.1488337337627426e-15,1.0228646280220983,1.3162455205299401,0.8814289725091573,10.086301276213874,True
748,0.1381708929793986,3.916096899438403e-21,0.5411281036927338,0.048033202323699314,0.08762723019121349,0.1217053183341335,0.9503801912519036,1.245701375663882,-6.2674481704853235,4.281051537283537,True
749,0.13878489998901397,1.6451999459583619e-15,0.47539213338833974,0.05950471772162156,0.09673560035598887,1.675871996425921e-20,0.9843177877629623,1.2561335429812834,-2.9203060970045436,5.378573353010274,True
750,0.1888747767217086,2.9158500647151822e-33,0.3897941070938022,0.060179710398737915,0.15951172438775318,0.18117342307319304,0.9305445848951188,1.3280334567518008,-8.223762094135257,6.584426100382533,True
751,0.1123563414528721,3.0718040575801597e-21,4.999999999999798,0.003583042600600719,0.25946129033811816,0.28927694470549176,1.0072124005902299,1.442509545934938,-0.6622934582712903,7.523215025347806,True
752,8.579221555641425e-26,0.1545723871701891,0.506854164038732,0.05105464069547005,0.18437192006937342,0.1026534036981898,1.0144518808652447,1.3565067967898425,0.05171022819310256,9.452431520202783,True
753,0.17715894033520638,2.0434590484313776e-32,0.44127949079233575,0.045841902399286184,0.20762473870221623,0.2900757008453541,1.0028136292034464,1.383139145957767,-1.0961283285611967,6.187014322068383,True
754,0.004924641254463304,0.206610024269759,4.999999999994509,0.0031128268723123217,0.09803019944368187,0.15878588637169386,0.9327834951257549,1.2576162972004736,-8.002946497212637,7.390674449109304,True
755,0.13216459194301394,1.6845318546855722e-32,4.999999999998826,0.0037791757965487003,0.2210399403833081,0.25662996478413186,0.9174081560010315,1.3985040933635124,-9.519360438359803,6.9339096276741685,True
756,2.42218899434212e-18,0.15735467038565842,1.8344756734576455,0.010101858553183962,0.11682807740042202,0.1541079994590257,0.9582724728683628,1.2791462311523445,-5.489061055015865,13.594046949967108,True
757,4.2943721980014824e-18,0.22073274277061994,4.999999999999763,0.0024709621960679264,0.19909837497273267,0.176862626590488,1.0174808892057214,1.3733735730368306,0.35045033649834245,5.903211391652057,True
758,2.2448040057233986e-21,0.20124153987548285,4.999999999999998,0.003357177656994822,0.05695570321724317,0.13055903199102367,0.9740217064567489,1.2105720939719649,-3.9357712587986704,3.969313251254504,True
759,1.258443268502051e-26,0.13108183040547647,4.999999999999999,0.004184446151473212,0.20823932385018004,0.05064513729351677,0.9442875882976965,1.3838430540091926,-6.86833950580411,6.582554373453323,True
760,0.22165164937969162,6.729746452207e-33,4.999999999999999,0.0024373068955651548,0.3032731607236957,0.3488035457606415,0.9048890692509203,1.4926889692656011,-10.754072565637262,10.554387526100943,True
761,3.251027071346016e-20,0.21198218931972895,4.999999999999999,0.0028141693575261823,0.13861040808454816,0.1494457149704071,0.9739616552723191,1.3040943738111221,-3.941693889350939,9.308564433277493,True
762,0.13103476354598453,1.7973732608280756e-14,0.5180041538313288,0.04954783534847962,0.19792513235699571,3.3555367931363483e-17,1.059415716258265,1.372029813061132,4.486330257339866,6.42047344485434,True
763,6.1219037997164215e-22,0.1913358599478648,4.999999999999975,0.0029620615547260197,0.13543609279618488,0.09424110645202016,0.984901173852697,1.3004587081972612,-2.8627688425499342,8.072508687494913,True
764,0.11337038413895227,0.029708269941424264,0.5622845808794308,0.04403908617411683,0.25363705947367554,0.10038180624133167,1.037065910761326,1.435838829904093,2.282049989921986,11.668686474441367,True
765,0.1803188748526631,1.1741119960121765e-19,0.33984678487798414,0.07088322497413252,0.1205946893216367,2.4787802012906944e-22,1.0120535036671146,1.283460276922442,-0.1848330174466728,6.265762439436179,True
766,0.19597688079585135,5.851827150686784e-39,4.999999999999999,0.0027606809284042434,0.13837667720748842,0.3489027818519451,0.8310577744340623,1.3038266728314056,-18.035785433563646,6.617437820053771,True
767,9.763588797868799e-23,0.05284042852685188,0.8791112263768514,0.036558450709055175,0.07944731034763734,0.07682208205885085,1.0240921476576352,1.2363325982748021,1.0024947827173225,6.8621925695282835,True
768,0.12150789557720751,0.047718490308212215,0.47671147764687777,0.05079763527196219,0.2013645285778106,0.0020855621417066785,1.0271332637723316,1.3759690860811435,1.3024290368865543,8.194474114220434,True
769,5.130403780258228e-26,0.20957430695495158,0.6187309997511539,0.0296872828681049,0.12252319262276669,0.11052122203239179,1.0104877771130418,1.285669066063155,-0.3392549495653818,7.033431187361722,True
770,0.14023179001177427,2.5702675815968954e-15,4.999999999999999,0.0036425015846297823,0.2078874672411382,0.24941885689125814,0.9361613839786913,1.3834400590769649,-7.669797569134563,6.887585657124975,True
771,0.15175083526362607,0.017856777908947484,4.999999999999999,0.002927297184080476,0.3544862533205869,0.25862886070724544,0.9625345770347822,1.551345297581998,-5.06870517706407,3.5220401194122983,True
772,0.0470154604981064,7.731018401865273e-22,0.5524657156804129,0.10296819320506018,0.008255121056020017,9.083087924152952e-25,0.9990550355603215,1.1547934406706843,-1.46682478951774,4.287075830144221,True
773,0.06016938191524969,1.5172883504937137e-22,0.6212659434586361,0.05746812862663985,0.19203322376151954,0.04929601463936865,1.0281139015614982,1.3652815831171463,1.399145785873035,5.354968228187222,True
774,0.08818247520303787,0.13587325555355628,4.999999999579592,0.002557340058786879,0.23386740946300927,0.2118246162459659,0.9547319646709036,1.4131958879741167,-5.838248539325718,8.54477338622828,True
775,1.102845762072213e-21,0.21011245380058918,4.999999999999999,0.0035679138800616727,0.07145806376392447,0.04612300461862169,0.9497592540262013,1.2271822063173483,-6.328688957305973,2.058914272280593,True
776,0.1845515595491866,2.583205627836595e-19,0.6818413158155671,0.023803272674264714,0.36901948457545364,0.2843133043414854,0.936643083847107,1.5679907673389901,-7.622289257936421,10.033081782973898,True
777,7.780695893300689e-24,0.20776223833445687,4.999999999999999,0.003257292870282326,0.14349172053134512,0.18376483713419853,0.9215953355795738,1.3096851290452947,-9.10639410080577,8.349958168422297,True
778,0.1647457358026356,1.314543276445278e-16,0.666794952652325,0.030036330587666384,0.15976586021769656,0.2962683357977375,0.8951019477870291,1.3283245283103076,-11.719340863861694,3.7725964864861314,True
779,3.353987476917158e-18,0.21009697135746822,0.9371893291767939,0.016664785791036484,0.15206042020734284,0.0825920209940852,1.0498776110525567,1.3194991909570808,3.5456215296340243,12.143139201734634,True
780,0.03827758837942896,0.018941935955081087,0.512308629991592,0.08918508670822747,0.1347541122372548,0.035474723074940165,1.0093341267524851,1.2996776095847469,-0.45303530105984535,6.112257551336196,True
781,2.563145143792e-22,0.01797380283111583,0.5808433607028624,0.09254120814052584,0.09544937049938772,0.005910917738592233,1.0347790125486818,1.2546603743649494,2.056501512356257,5.017337988952878,True
782,1.9933125049573737e-28,0.1256719700493079,4.999999999999905,0.003982669939014515,0.14782058073350057,0.10393397314754597,0.9873783339280928,1.3146431394363491,-2.618455527421615,4.661260518044785,True
783,5.442977664711201e-18,0.09648678586620836,0.48865981320727236,0.08336132221971622,0.044513281983379234,0.09108824239727414,1.011844952992061,1.1963213094960294,-0.20540161424453807,5.137544269874144,True
784,4.492240347408928e-14,0.18097302047103508,1.0593586667446433,0.016631543797049002,0.2564851847244559,0.08206652803256062,0.9931302068610008,1.4391008974990134,-2.0511691584892078,3.2965693934349303,True
785,2.674569273897385e-18,0.07263840634585583,0.7083368584334349,0.04926966071173175,0.07948050673624125,0.07215570158324804,1.0016148779408813,1.2363706193778077,-1.214356818468021,7.446727861634343,True
786,0.18790323735208722,0.04766748322519596,4.999999999957212,0.002257055521687908,0.3774283140107401,0.2723621708134266,0.8880796827267375,1.5776217237038999,-12.411921401401438,3.476371542005448,True
787,1.035662697504053e-20,0.13719121498604067,0.3701284388943097,0.08826618473770981,0.1346373634797689,0.10286997846871766,1.056564916507085,1.299543892734184,4.205166215946021,8.06183309659099,True
788,0.2813836173198282,1.7863380150371337e-33,4.999999999999991,0.0014590079909038436,0.3768844065031349,0.8597386079575743,0.6676152773495095,1.5769987654773587,-34.15552621745221,7.617704886861719,True
789,0.11700799939118588,8.413059877130096e-21,0.580598089564278,0.052668470934688065,0.117707993535294,5.4864277740927475e-24,0.9855464765175939,1.280154033006925,-2.7991249808197227,8.485236566612874,True
790,1.0074742200114643e-18,0.18270281471324507,4.999999999999999,0.0033026432928620294,0.11426728122519086,0.1310307650052108,0.9567755052065461,1.2762132526191392,-5.6367015469368065,7.086647227344716,True
791,0.028452283283968184,3.452504860891508e-20,0.6425640076606226,0.07870543778407192,0.059137771459408246,4.18694680067553e-25,1.0154764610073965,1.21307130081012,0.15276085210311763,8.373866515765458,True
792,0.2193861461265537,1.4367231301528178e-19,4.999999999999602,0.0026532749762376005,0.27361569824721127,0.4293108425559757,0.8191966676135891,1.4587211347170295,-19.205603386461956,6.232238086708248,True
793,0.17794256558403118,7.235916391222833e-33,0.6495727459964491,0.027749754983718868,0.1530413469351711,0.12903656444557215,1.0017392940586936,1.320622684135958,-1.202086107947531,7.520317345800427,True
794,0.056785306287346786,1.7038013612861008e-18,0.7064557181567456,0.05136941054583135,0.11283971844268366,7.035372967436233e-21,0.9945439540041657,1.2745782099568632,-1.9117364045342033,12.326466136843536,True
795,0.12077775194510167,6.0777789626228706e-33,0.46963881639141025,0.07876743805403516,0.09647202163959727,0.1330061240137005,0.8974945814003361,1.2558316561210703,-11.483364087164649,3.813890290231665,True
796,2.2457432925147506e-23,0.14153495650145273,0.6522425999721798,0.03315800767033107,0.20605546466581504,0.04987472306795946,1.0414632810497797,1.3813417959359264,2.7157466749645254,5.123200062543454,True
797,2.5097420155086923e-17,0.19868914183596342,4.99999999999998,0.0025538686444357373,0.24613149539463464,0.09454364759265038,1.057471645836812,1.4272424181567052,4.294593641597677,13.058587289720862,True
798,0.26867112053475095,1.4992174734661385e-18,4.999999999999997,0.0017088272673247032,0.2249382884608726,0.570754799753995,0.8054233803145727,1.4029690216295923,-20.56401276567813,6.018590969843273,True
799,0.10101922486139667,3.0839013540546866e-33,0.8221024120469916,0.0321413660082558,0.13461275040117793,0.26906544511842295,0.9711975469621515,1.299515702426872,-4.214307868293298,9.279091929943496,True
800,0.1729588258308427,0.08125715986147335,4.999999999998516,0.001989151160649984,0.34883995995413575,0.30261634118247727,0.9323406673414697,1.5448783802239676,-8.04662099571769,8.417425367506027,True
801,0.21715416105030433,3.688930902422424e-23,4.999999999999999,0.002427339761119915,0.32114545467164757,0.38851596864609717,0.9518487291007446,1.5131587961872006,-6.122611607921069,8.50923060657243,True
802,0.031091229654252865,0.17900860446223157,0.6580691426067622,0.029713657441772116,0.03516252878072173,0.05063749415911572,0.969225318691201,1.1856115315457327,-4.40882159062056,6.264346390215255,True
803,0.04432178563002177,7.626986484297248e-18,0.6154948665546714,0.06965354109399721,0.007057343779110329,5.571175103556527e-21,0.985745613446428,1.1534215802021643,-2.7794848276737283,4.616402117006995,True
804,9.289015661338364e-21,0.19915719868270643,4.999999999999999,0.0035752173981546216,0.14089522396357,0.11410943250960741,0.9499803132681784,1.3067112614768857,-6.306886685913171,7.743809589515987,True
805,4.466450047646952e-23,0.1582032888938935,4.999999999999981,0.003238296078041926,0.23798570947265058,0.1813495567516902,1.0010614069213137,1.4179127356632875,-1.2689436580352709,5.147484222428305,True
806,0.21675284847926812,5.714096948280445e-22,0.5407283407620095,0.025484677893754703,0.317767110186913,0.26436551827585864,0.9302362361466877,1.5092894480729941,-8.254173413005251,3.2068109003070306,True
807,0.23184842798167804,1.5299038106695565e-26,4.999999999999999,0.0018012926422438314,0.5169176664828797,0.0732281271993982,1.0542732344304058,1.7373842539546915,3.9791459232185966,5.478818470324625,True
808,0.03581469275620392,4.619719802943843e-18,0.5128382731058929,0.08430099088030972,0.152443007539856,0.09181819000376262,1.0645405379796151,1.3199373829710297,4.991772839198294,6.344311738360577,True
809,7.65555568816547e-27,0.17869514933153932,4.999999999999999,0.003285156813690378,0.11886575724117057,0.09579014525513524,1.002134375122039,1.2814800643907205,-1.1631206953813145,9.601140962296972,True
810,0.07348334099550376,2.515952419835051e-32,0.45120820166304465,0.10577545427209513,0.09224178488520281,0.028873865776446964,1.0347502646155962,1.2509866029649381,2.0536662079667645,7.8964285512865375,True
811,1.3434276372711773e-20,0.0875894803401861,0.47453083072296703,0.09579688206974439,0.03657011043624443,0.02075185813745697,1.040354638724297,1.1872236890533518,2.6064053027534673,6.165733059512663,True
812,0.1757487742911954,8.801409117755178e-23,0.3159604709452621,0.1065987860223581,0.152259880408602,3.2462364605470505e-28,1.035411127797754,1.31972764041127,2.118844747086168,4.929305920305308,True
813,0.1900388921553481,1.5543704068663148e-32,0.42260420458555426,0.04393445212157097,0.2200603481200788,0.23244950133969544,0.9838860480990455,1.3973821285983603,-2.962887014407334,9.576801554600204,True
814,0.046752656726079575,7.183315962322326e-30,0.48658122008308796,0.08858200207176484,0.14861606812882924,3.0362569049142066e-17,1.0817585294248604,1.3155542418022856,6.689920896572765,5.169336245944132,True
815,7.510509144582835e-30,0.18039557723913655,4.999999999999999,0.0031285117476132674,0.09972486427558055,0.24258641564148936,0.9912067146681152,1.2595572621320104,-2.240876218172161,6.9920735292731875,True
816,1.3053383021233007e-22,0.19080247353239407,0.5923277497527875,0.037894668094005574,0.1473602437957003,3.3347066266634685e-22,0.9978417687959383,1.314115897803583,-1.5864848907302553,3.9477903119650084,True
817,3.0849348550270297e-19,0.17878857854709887,4.999999999999999,0.0032364753250973084,0.25322867061393245,0.1472966803396132,0.9824717798380775,1.4353710864068117,-3.1023711643214713,8.602006115024064,True
818,0.13415505072124956,7.9078860754198575e-28,4.999999999999516,0.0036451286613354687,0.14445225225086972,0.33315131823003674,0.9190447619384505,1.3107852630352925,-9.357947929696774,4.605760982634844,True
819,0.04885354216425043,0.10846521835738232,4.999999999978414,0.003396231928651704,0.27322637765990115,0.10550868018843772,0.9976278957395222,1.4582752308469127,-1.607578414700972,6.871017124248347,True
820,5.896569023101004e-35,0.21208089153759557,3.0129559367807475,0.004956871213134935,0.13107054862822184,0.08993332554031473,1.0070221966833872,1.2954586822466447,-0.6810525798527478,5.802893128503559,True
821,0.129419113284121,0.047453486890556694,4.999999999999999,0.0029932948106228385,0.2477547116071333,0.3396582008085301,0.9408576895725772,1.4291015502313533,-7.206617978968344,3.2706523313664757,True
822,0.0840958859329745,0.14068646678792912,4.999999999999731,0.0029108229199608852,0.12088021433595304,0.09495962073381359,0.9133474794550992,1.2837872997233126,-9.919850240554773,2.942282013398358,True
823,0.08174325634445302,0.13006845294736985,4.999999999977984,0.0028176507961473465,0.2702100878223678,0.21366856791340605,0.9747056690204898,1.4548205578709925,-3.868314511440707,7.38975120905243,True
824,0.011487589552728746,0.2186477442059343,4.999999999999948,0.002669325785321176,0.1647527520808787,0.03639178278593027,0.9891624201409668,1.3340362077182981,-2.4424975740090504,3.0864209772542184,True
825,1.6348152268410926e-16,0.13690692698692805,4.999999999999999,0.00382212802775616,0.1831228220262106,0.16075371610189665,0.9710642448378971,1.3550761566702187,-4.227454973405209,6.672021221407538,True
826,4.927988744591994e-20,0.10104537751906331,0.564386465475918,0.05473192550836145,0.2007022909094378,0.10401032883471932,1.0377902483595915,1.3752105997619262,2.353488780520152,7.014010420779075,True
827,0.11778936928166492,0.04886129279395015,1.5431932564553266,0.011253831570733688,0.1930979659584042,0.16959286200054383,0.9597493768024616,1.3665010733823482,-5.343399375801172,9.67319308148074,True
828,9.381790677225096e-20,0.010220134850784195,0.5799735151523534,0.08520832477444931,0.09762789803170815,0.02745614583736943,1.0755667649749336,1.257155525891687,6.079249622527794,8.263805939174265,True
829,1.0276748605179175e-20,0.11550360747330277,1.3426616530769007,0.018049959030757585,0.05787301293425988,0.1845621119014174,0.9635221953840325,1.2116227241370414,-4.971299960750642,6.641816192064997,True
830,5.494997508299462e-25,0.1656575531912827,4.999999999999999,0.0028426765079647394,0.23811305974315,0.08856465693397601,1.0848418706616876,1.4180585948352067,6.994019661413686,7.1971894027871075,True
831,5.653164824414326e-31,0.238916470858038,1.1744328222921847,0.010667539920167201,0.14171216017116192,0.0561668806192431,1.0314022801718856,1.3076469299939824,1.723466643326077,11.538971942603629,True
832,0.1334020577000126,3.242538768084011e-23,0.676191391105074,0.03496173308911787,0.12321954413448999,2.3189970733818425e-20,1.0334253359038026,1.2864666242816511,1.9229932938090943,4.5582077131022745,True
833,0.12065770110213271,2.739978437887109e-20,0.9908935789882275,0.02202205518465345,0.2219457576006181,0.13318311695839616,0.9912602066290215,1.399541560725841,-2.235600500049806,9.88589362814223,True
834,4.887360368900328e-35,0.19540535463200562,2.381741595691721,0.007100065645911112,0.11852334475407884,0.06608306045498816,0.951644509299376,1.2810878861752673,-6.142753066352746,6.490927977664119,True
835,0.04652336968946129,0.017852659450922938,0.5170169329464516,0.08446759232673313,4.144797049656393e-27,0.09777406246322022,1.0383283459099606,1.1453385324353067,2.4065593905702842,7.749874347154387,True
836,0.17480414901769883,5.506843712494711e-33,0.4312762735490945,0.05150907409807955,0.17846639016614188,0.21654655308973292,0.9778740556443173,1.3497429658372224,-3.5558280284862853,3.75754037181804,True
837,5.030611274788074e-21,7.967726805053009e-19,0.6381391258342084,0.09247948590284806,0.05984321822514513,0.05572928810429212,0.9847762385211374,1.2138792761735002,-2.875090761239474,6.741393383398075,True
838,1.2578174434707364e-15,0.25797553963402126,4.9999999999999964,0.0023321883303538075,0.2047152080922707,0.02443191569668889,1.0296546469825973,1.3798067484388965,1.551103919437491,2.7725159624325166,True
839,9.22497622929457e-31,0.13060292997468337,0.4488387010020687,0.08673381777209392,0.022486088158963555,0.01596128464329744,1.0049462080986866,1.1710927156475048,-0.8857998056515104,8.306392496783939,True
840,0.10985607610101684,6.911580356176324e-19,0.48629541032082807,0.07971137837630664,0.02898306486804066,0.078953728895333,0.9101105655684195,1.1785339534167458,-10.23909531893884,8.731998910225492,True
841,0.20743784426740297,5.325698451648827e-25,4.999999999999999,0.00236545163951077,0.30283629520847216,0.5210684999634884,0.8953812530919504,1.4921886103575235,-11.691793994502698,3.700555827384396,True
842,4.5070284892156905e-20,0.22483907042235868,4.999999999999999,0.002761369348240704,0.11403259115244986,0.08072035139403488,0.9652964872896932,1.275944453035649,-4.7963079843406975,7.142870309446215,True
843,2.7603561235603924e-23,0.04900345164663892,0.516481609418753,0.08214171337380821,0.1590337085881835,0.028867913224325793,1.0667219735328806,1.327485966837441,5.206919917116526,4.217553140280286,True
844,6.257301505487316e-19,0.1395443027152435,0.5946528928512537,0.04017847345923289,0.10817860908520266,0.08914078503500916,1.0213942977692008,1.2692396618058455,0.7364156316327142,4.284392278242532,True
845,0.2671689771956221,1.4965053016031095e-36,4.999999999999999,0.0014186776861598545,0.6244455089444454,0.7979928569532022,0.6326505870859933,1.860540035235556,-37.6039668231122,3.523775505881455,True
846,1.691093699374398e-15,0.1949427438170946,4.999999999999999,0.003162407033116236,0.2456417145339449,0.18349328338957185,0.9652181802818918,1.4266814532645078,-4.8040311205496895,3.6701793362093817,True
847,0.04773867068225226,0.03499118113038601,0.8873940031934167,0.03261560105129951,0.07148017080848361,0.14541782940990555,0.9846745413000925,1.2272075263673203,-2.885120789359008,5.469790886497049,True
848,0.0845814927901889,1.400635741679102e-21,0.5543735237646398,0.06691129399187322,0.1281266707073937,0.10033459307187827,0.9830607375203033,1.2920869454291346,-3.0442844039041517,9.70008799023081,True
849,0.016187897438681206,1.0886116628539968e-16,0.5721701778720889,0.1092348618004907,8.056664960803956e-25,0.059765148421109464,0.9842478928679586,1.1453385324353067,-2.9271995770337567,3.9423354729469446,True
850,0.25388266026634676,2.479867981393412e-28,4.999999999999994,0.002123816815766065,0.2663517155476856,0.4606680575871438,0.8112071299906826,1.450401415432319,-19.993582509160703,5.274715366995964,True
851,0.0018139975389989064,0.1484863532106439,4.999999999999995,0.0038179125650493026,0.02453961925786575,0.11540895418014112,0.9410416131471747,1.173444703942632,-7.188478263781395,4.176981043363361,True
852,0.2506326120086137,6.296829984067194e-24,0.5869651067195862,0.01495691137923528,0.6613377212800631,0.2007704351093509,0.910505969152364,1.902794107570324,-10.20009809733553,6.731071649594484,True
853,7.785459479776778e-21,0.11354147925779148,1.6456369032787623,0.01363033447078705,0.13314285816437837,0.14316769277796473,0.9701308995781943,1.297832178209538,-4.319507431711056,3.8713187054802702,True
854,3.9195999771588733e-20,0.24154680777994755,1.1787945752206168,0.012755668760790023,0.18273471870588973,0.11984078280023368,0.9312059861306468,1.354631646982889,-8.158530488763137,4.104251771024771,True
855,0.11347788088584285,0.10986275346279478,4.999999999590454,0.0026234481083134754,0.08408650882846687,0.20728352946420747,0.9470239984909228,1.2416460510545113,-6.598457291691961,6.463267105189973,True
856,2.101357718459967e-20,0.22935889694602657,0.3137812979619771,0.053293917511680625,0.19153539450640047,0.09053622579480011,1.0161192344868841,1.3647114000886849,0.21615526944818164,5.807359521442449,True
857,0.17371691565341585,3.064511538889808e-19,0.7378532060008542,0.020522181917614454,0.3218901559434147,0.19550275756698912,1.0828570610421275,1.5140117312489092,6.79826508629775,4.25192863980738,True
858,0.20430914269962022,3.234833061856095e-22,4.999999999999999,0.0025116298877331774,0.3148990612561308,0.38418861542732846,0.90742622353376,1.5060045611196593,-10.50384223939015,8.926702832771225,True
859,1.1917562449958569e-27,0.22482923461865265,4.999999999999999,0.002932104985240351,0.15601340011219098,0.1966403121638895,0.9467257300616575,1.3240266911600458,-6.627874425237623,10.625201993734569,True
860,4.726196751471851e-20,0.1698730512001148,4.999999999999999,0.003453978734592276,0.12763148462816143,0.06096796076077401,0.9877163709240795,1.2915197897318644,-2.585116164355894,6.6234753560801645,True
861,0.1059943872082247,2.515295413934199e-20,0.4039773070757817,0.10400176508888673,0.12959761160605177,0.031943270417410324,1.0060265998107358,1.293771670719303,-0.7792446889961058,9.78730826473708,True
862,0.10565310479280152,0.0681540685161632,0.7227349414116818,0.02999164657842084,0.17656398027847856,0.14274696391230643,0.9586005963185128,1.3475640624883958,-5.456699429025802,3.4757142002380976,True
863,0.12087995702373315,0.0977729853121264,4.999999999517884,0.0027669017106083304,0.2647465023808761,0.11951320977356593,0.934457436728322,1.4485629029395999,-7.837851707289123,5.08748912681198,True
864,1.4147901610681234e-23,0.21048936759605832,4.999999999999999,0.002886360362549557,0.09574633155218426,0.07853991955625823,0.989909140587483,1.2550004953013498,-2.368851244256487,10.13088876267951,True
865,7.753111359875791e-34,0.18768447141403993,4.9999999999634355,0.003451672502231741,0.13827842548175315,0.1225292313627358,0.9491086340088841,1.3037141413440427,-6.392857250222694,6.902659181159265,True
866,0.058299154206344746,3.2554077704290285e-18,0.541328639134482,0.09549838057459803,0.06013611079865975,0.05030653342153768,1.0248228325845583,1.2142147373238106,1.0745595873231872,4.2549934427956,True
867,0.06986382984261878,0.11406049576816833,0.7982929017128182,0.02580864743904785,0.04976109490030097,0.08436316036190346,0.939076110639218,1.2023318318407914,-7.382328648494707,5.017772533112557,True
868,0.15632355871269463,3.098600958570767e-22,4.999999999999999,0.0031882711961172946,0.24833177565401066,0.24929762489185964,0.96189205206553,1.429762483919925,-5.1320750847458125,3.3574041445485636,True
869,0.04868340535711,1.8201955791419007e-18,0.4864071213072359,0.10552702400459052,0.1352962938803075,1.1439843520753346e-18,1.102226837152053,1.300298591112114,8.708635861974457,6.240838437279328,True
870,2.487438730697791e-23,0.03462173885544114,0.614698809029449,0.08937411933230548,0.0451405667171717,0.09687572267279568,0.9828586160211132,1.19703976287245,-3.0642189144011955,4.570194778898205,True
871,8.988430187169537e-24,0.024497296117984475,0.6010311642244613,0.09201502299652799,0.008601483850483706,0.022307348649822468,1.0321386617210448,1.1551901433253857,1.7960932851250222,5.655796125823432,True
872,3.3288296392336052e-18,0.19180957940013363,0.5365786907664877,0.038223784518475634,0.13716538404146225,7.309746081627166e-22,1.0080982621034256,1.3024393320942802,-0.5749241496896262,6.192036886833173,True
873,1.5599814569490728e-16,0.17727642643416613,4.999999999999999,0.003154776761755604,0.19814285563551376,0.1509634560341434,0.9939698835044984,1.372279179921427,-1.9683548961222708,10.173791612933963,True
874,0.16236297397033,2.0986612220371777e-27,4.999999999999999,0.0028889772557541826,0.39159274041270825,0.1304564556372661,0.9909701008247812,1.593844787051918,-2.2642125834899884,6.05926279323813,True
875,0.06139276923743139,0.09920102353194352,0.645068196784938,0.036551633741168814,0.16276408474141071,0.04743789474559677,0.9767272298187976,1.33175851038621,-3.668935300838372,12.352415743147565,True
876,1.8833195331110726e-17,0.13522386741093684,2.7162331624461356,0.00779778625258695,0.15888034446581237,0.06418961476160369,0.9891896467449478,1.3273103129985964,-2.4398123127922333,2.276123905182255,True
877,0.1303013365884135,2.113412969823246e-24,0.4757567746779894,0.0553244710269477,0.1613699146111963,0.27648817062848247,0.9645013218456931,1.330161713615305,-4.874732268515425,5.30149966885527,True
878,0.040280893316818715,0.1478463072071034,4.999999999999091,0.0033463337921712504,0.12341662910220158,0.05338629560959474,0.9624908140736358,1.2866923532893348,-5.0730213592210855,10.947060102018103,True
879,0.10644132950813402,8.410919510731412e-22,0.4150242458069035,0.09792794829847094,0.07289584134354073,0.14181741531597813,1.0068889821253173,1.2288289483803547,-0.6941910486294223,4.930327797655355,True
880,1.083686482848721e-17,0.1892769233802151,1.8411135742615676,0.009062536069339487,0.22421201027782037,0.102881639685587,1.0040169211454586,1.4021371872412756,-0.9774520079066984,3.9646817173591655,True
881,3.89026422679013e-26,0.24553851629215623,4.9999999999998455,0.0023828987896203657,0.04715839379142784,0.09765954169533844,1.0092737218914023,1.199350857972387,-0.45899281345784804,7.206117286901003,True
882,0.004065213332231899,0.05406827169699261,0.5467545165177582,0.07493096787937321,0.09063163765947145,1.1054410619480245e-30,1.058672230003196,1.2491424393044142,4.413002904161378,6.141649241355772,True
883,1.4171876674872347e-16,0.17166852530273527,4.999999999999999,0.0034645224304848477,0.11353840816528017,0.09755591144807253,0.9812554495046449,1.2753784462183695,-3.2223334142396864,5.676791252672196,True
884,0.04899629143474838,0.13372988647777964,4.999999999999999,0.003509436998973104,0.05457690621730097,0.14351660847712377,0.9146371909160287,1.2078475661070895,-9.792650676138926,6.263123876349475,True
885,7.082263218145141e-18,0.13747433420096208,0.8374019107973488,0.027678223453621743,0.16390598413321644,0.10293494705611674,0.9906679040179289,1.3330663717598095,-2.294017158671302,4.258382398201013,True
886,0.024631607279129095,0.18220384801151956,4.999999999534505,0.0026354439359738135,0.18103183404356032,0.11525105963153959,0.9917325876019806,1.3526812675628301,-2.189011277716757,5.38106816056483,True
887,1.6771159000107147e-14,0.07830006463132104,0.8697434081296542,0.034752558530838244,0.0728208494871326,0.17120784173719586,0.982111374174997,1.2287430573175915,-3.137916667905516,5.06384358825158,True
888,0.260103142891665,6.189546514740232e-18,4.999999999990404,0.0010698533468145599,0.7199709727444878,0.6829947961890207,1.0369432454318508,1.9699490297544986,2.2699519533061707,8.779475655678533,True
889,1.1049137121599802e-19,0.16765720935400683,4.999999999999777,0.003459742541220856,0.14404927733176984,0.09562322507121204,0.9693527580090797,1.3103237203328424,-4.396252712840765,9.419051734256518,True
890,0.0598026999683622,1.6318011908251852e-26,0.4616952979583459,0.12228387565246122,0.10043283516946301,0.035520825480019676,1.0563193651259482,1.2603681284766166,4.180948373685545,4.4594207456121095,True
891,0.07726545263777632,1.6492685042384042e-25,1.0808323290690036,0.021452334486887725,0.1832386016314037,0.15893709685084312,1.021770465530732,1.3552087635133163,0.7735156938276866,4.75115580443706,True
892,0.2192013649294219,2.037279991538681e-32,4.999999999999999,0.0028136111057183244,0.20915354220887225,0.27854701500646567,0.8352935186581053,1.3848901435224623,-17.61802934113742,3.625967495607466,True
893,0.22124496020609322,1.0355953067560298e-34,4.9999999999986455,0.002260112842297733,0.19424037652124015,0.40374769942245364,0.9307968575238619,1.3678095202198253,-8.198881359597143,4.357942866659653,True
894,7.731987449913512e-19,0.04910387992156401,0.7041230747090119,0.05020078969226699,0.1439458833528065,0.08451427026998547,1.0355664031520784,1.310205299224714,2.134158992196733,5.785379939053683,True
895,4.22048246372996e-20,0.20327344763727376,4.999999999999999,0.002777986347553976,0.1979563038218653,0.15317067331719852,1.013966688552067,1.3720655149409595,0.003857469832979632,5.209669126810147,True
896,2.650565075281046e-18,0.0013232746364663789,0.62222018137246,0.08229638146581263,0.08230016716425342,6.296140056835065e-24,1.0530207580449067,1.2396000851143931,3.8556187192641422,8.22340706319478,True
897,0.021906725063925322,8.443905783420804e-18,0.5730219477445084,0.1015423135814008,0.10302280616010356,1.0970722525737107e-17,1.0548880123460749,1.2633345220500867,4.0397792396266174,4.018330007778323,True
898,0.2122598167392815,4.405372162953243e-31,4.999999999999979,0.0022136215444324655,0.19050301000041014,0.33588926995253165,0.9393698318081788,1.363528970333685,-7.353359994742803,6.909977573407271,True
899,0.18057127783108923,1.1405878373817551e-19,4.999999999999998,0.0026635417975228158,0.4188619352800133,0.30004920818150477,0.9857617694404772,1.6250772466819297,-2.7778914205683236,5.4863309783406145,True
900,1.8980019179700045e-18,0.08503090261027761,1.0403068599677119,0.021455342605627852,0.2642072367131416,0.19668419163997813,1.0399742924463817,1.447945261191124,2.5688931286403927,6.364404635517191,True
901,0.03344057917593628,1.2191015023554323e-20,0.5332915634380647,0.10300535965541072,0.06542357736439557,2.0889792725797105e-22,1.021618156906351,1.2202706765205114,0.7584940465329648,4.77155928133524,True
902,1.6968022076622965e-28,0.03433935437974364,0.7734048346189878,0.050622162226296785,0.15306540948189748,0.07303288664341168,1.0152648462218805,1.3206502438979124,0.13189005320195513,5.247303797513862,True
903,1.9908505583049693e-20,0.16231354759617186,0.572236844968858,0.04640748967735716,0.15290299533256804,0.09397894466772509,0.9963779942957918,1.3204642247144727,-1.7308516614864766,8.286781548091296,True
904,0.02181327943022687,0.15698769324427342,4.999999999686394,0.003217936437804236,0.1775706009407772,0.09123251113161039,0.9878831816069662,1.3487169839204718,-2.568664231620643,1.5782919101977175,True
905,0.014962636348507813,0.1857609006471438,0.6580326171751345,0.028645149362528845,0.1066959165422747,0.09010036339235086,0.9497535287480521,1.2675414769046756,-6.329253620727837,4.202632388484168,True
906,8.396638785176462e-30,0.13114857540563643,0.4907514481897344,0.07152063490553995,0.10549587341172051,0.05981293561444344,0.9993984637160206,1.2661670212666676,-1.432953715919949,5.981134526982491,True
907,8.510174227116296e-22,0.2390456463707347,4.999999999999999,0.0024775523773993375,0.12351363980606846,0.1780046594154924,0.9669431094836831,1.2868034633865324,-4.6339076086147735,7.546766370633277,True
908,0.17582983726906581,4.04567662678648e-17,4.999999999999999,0.003179345461999016,0.2254052824437424,0.2477319279103145,0.8846650361856375,1.4035038878325885,-12.748695606965976,4.212092481753689,True
909,2.6546077359391278e-27,0.15763970398930816,0.8573124117240114,0.024021317864100895,0.1335320212001917,0.08823074674946826,1.0074275467912583,1.2982779016298545,-0.6410743686643516,6.162235339803026,True
910,1.764069487127642e-24,0.06737453949236982,0.6700687342226219,0.056118605844502185,0.1279814931271553,0.023815355325887237,1.0065460946507374,1.291920667952442,-0.7280087968091431,6.537594404916538,True
911,0.17811199254043147,1.85151873552559e-14,4.999999999999846,0.0027977927101631534,0.26586843893184814,0.3757016261125457,0.9927625200245143,1.4498479001023756,-2.087432777802034,9.198903709710125,True
912,0.10257210253114918,1.5959118184198517e-22,0.4406810413889053,0.0838973697685776,0.12834291865271874,0.06557513902941577,1.0269058440815244,1.2923346225334755,1.279999457490999,6.229570786034134,True
913,0.0051498500354060315,0.1443073222120459,0.44467896918266764,0.0750245903498604,0.07642944708973633,0.09111292056046989,1.0122080600751873,1.2328761231999072,-0.1695896793977414,9.396234438694355,True
914,5.534029500382023e-19,0.17567519102925155,4.999999999999999,0.0032950297729373856,0.14305883781225112,0.07515993946592947,0.9773256529356232,1.3091893317870908,-3.6099149989316626,10.649402174566308,True
915,0.09403061347137415,0.13207741030911793,4.999999999978626,0.0029593701749694714,0.04238416267119879,0.12340292917980256,0.9356571650686615,1.1938827471076368,-7.719526851744652,4.1620582115582145,True
916,4.756422483433877e-18,0.1492258292612959,1.2500814175237547,0.0156047743570766,0.19793250888007632,0.11839919031861638,1.0277110870195643,1.3720382616772515,1.3594176483581188,5.505715856528162,True
917,0.026970707957698972,0.18481987568263694,4.999999999999995,0.0026901066285789426,0.18415405965986223,6.162268019383052e-44,1.0165178066717058,1.3562572728681372,0.2554649986654889,5.64020191504293,True
918,8.470667791789352e-25,0.16722084893158867,0.39833646343850826,0.07136586352035595,0.12552208846090562,0.0005312606620529636,1.0503319928554067,1.2891038170213351,3.590435559090932,8.248211593624609,True
919,0.13249070556062226,1.7577922878345343e-22,0.7689937070914163,0.02878497419515067,0.19585287094257803,0.1447536902502737,1.0059075246109621,1.3696563722139206,-0.7909886441386238,3.270730942866525,True
920,0.05420327407477119,0.03410036313156581,0.7146600844159519,0.04580209565180828,0.0819596492388794,0.07897420731998624,1.029281674703581,1.2392100768134773,1.5143190160949338,5.243667779302589,True
921,7.25808565045022e-16,0.08911617171356151,1.3233337284318323,0.018368630435303644,0.18537357940528054,0.06999096467198149,1.023862964465621,1.3576540358236304,0.9798912755928368,5.048266652253033,True
922,6.994235676093404e-21,0.14895161413940763,4.999999999999999,0.0037178806723323758,0.2019843055681378,0.09662231127549804,0.9531496776817151,1.3766789405496822,-5.994303767105569,3.533953029286632,True
923,1.5123911605097082e-20,0.15108698171535911,4.999999999999999,0.0035722413036546083,0.18621974585823936,0.14980810389897037,1.0067585233218128,1.3586231828670583,-0.7070577273267098,14.008714978529397,True
924,6.292230082840212e-29,0.17325392073559726,4.999999999999984,0.0032243770196743768,0.18063976393862521,0.020410573410139854,1.025703521199934,1.352232214564232,1.1614187117517272,5.298849141348482,True
925,0.242408089517273,8.870743088048813e-35,4.999999999999999,0.0020934231810851188,0.28825815529093507,0.35843023867062235,0.8588570984741678,1.475491704978735,-15.294038914223563,5.262478831678315,True
926,1.3948550131952014e-24,0.19767919827217645,0.8409861004451121,0.023546249689782764,0.10163324144663045,0.052734621811218435,0.9739195937128037,1.2617430000404337,-3.945842268435018,10.44349183192558,True
927,0.08159972599984104,2.5873680219996634e-17,0.8306616294383165,0.03912950498042474,0.0929176977414878,0.08161313162015574,0.9643171719170983,1.2517607520038099,-4.892894308176299,6.553108185545216,True
928,1.6084699676968558e-22,0.10537985198123197,0.6287378454961419,0.04791164966877996,0.16112762611405118,0.1558199444135488,1.0131858275139356,1.329884211263559,-0.07315602266404486,4.541610528955997,True
929,0.056142907501970846,6.843078217703055e-19,0.5393332408865721,0.0829005375889418,0.13206254895736014,5.315688253365402e-17,1.0440464415540265,1.2965948584477953,2.970514427993276,2.132314586539738,True
930,0.05330526370297868,0.13016820361181666,4.999999999999997,0.0028363261109746675,0.1780389387227133,0.21706302217604148,1.0044046539194114,1.3492533892283185,-0.9392113304756422,11.318370584891179,True
931,0.0629574482012659,7.453145257592252e-23,0.5547530417810724,0.08912305200643911,0.005795324261182691,0.03771436891581356,0.9630603288372732,1.1519761406195965,-5.016852183356846,3.6172060486762927,True
932,2.0036118571751024e-15,0.2519490322752774,4.999999999999999,0.0021167510905225804,0.16090790293440166,0.05805874978306074,1.0390410802327257,1.329632553839437,2.476853792183653,8.497253574518943,True
933,0.15124100361576306,0.0038356212994987045,4.999999999999999,0.003269443241887873,0.29850605702955346,0.17415156507707155,0.9650722059737594,1.4872290217165853,-4.818428037203404,4.859193560491951,True
934,6.831212483873448e-24,0.14288586094313624,0.6602049628877069,0.04099631961648088,0.14800616638839553,0.057412279991836665,0.98965310117882,1.3148556978379675,-2.3941034826383545,4.681422353275958,True
935,0.233441366326598,0.03334627634330746,4.999999999999998,0.0019995473226684817,0.32457225329959205,0.23611015752045675,0.7910414571420765,1.517083640698682,-21.982449693954543,4.8447223489492695,True
936,5.578724533816156e-20,0.2480648895408651,4.999999999999999,0.0020612517098323882,0.20035689196326487,0.12562954639551582,1.0407664390699365,1.3748150010398117,2.6470196775019827,7.146054883726023,True
937,4.1962171126983255e-20,8.354592043464687e-19,0.8104570091896827,0.05963039467245577,0.09391172823864372,0.031271046636533316,1.00363873745545,1.2528992534346182,-1.0147508938168737,9.230172408038833,True
938,0.10726567527255461,1.379050965626526e-27,0.7282273382354606,0.035289446836801686,0.20286099722866327,0.16952023736035257,0.984781180015455,1.3776830492895467,-2.8746033995746267,5.405744454195893,True
939,0.10562588289425948,0.042355676871995734,4.999999999999999,0.0034052852979019237,0.20500495634957958,0.35673128899831413,0.9669133602709351,1.380138608282698,-4.636841665586344,5.86084703039287,True
940,0.048006558695433056,0.12555753042163514,4.999999999999999,0.0036396839544212156,0.1986471661573879,0.16231806534291066,0.955783954930046,1.3728567861944418,-5.734494554976233,4.531644465931415,True
941,0.24230234711732418,7.088427525133625e-29,4.999999999999999,0.0016793942882260366,0.536790317072692,0.7566554026438276,0.7801759348423299,1.7601451664168266,-23.05407675593504,6.538118159472431,True
942,0.1797715695111873,0.07196959906436608,4.999999999999999,0.0021842533510672626,0.13445132487614866,0.4788455320159624,0.8385211923285235,1.2993308155529375,-17.299695591774743,8.681290955231248,True
943,0.055524308085053355,0.10381119439093683,0.4879282313138752,0.051310146250125095,0.17905533008934874,3.979931656082254e-20,0.990242381450554,1.3504175014245607,-2.335984906387667,6.706608567355601,True
944,0.10275338262607234,5.6438772967912376e-33,0.6718727066620803,0.0427717074096498,0.17532016371659576,0.09869665193815344,0.9925661739509306,1.3461394714527901,-2.1067976790153597,6.124552781425844,True
945,6.247862364041554e-16,0.056515425493653695,1.5157349407759853,0.019315018774806424,0.1484371588645326,0.1636925700082975,0.9535120670496045,1.315349330128077,-5.958562617909891,10.400178793580256,True
946,0.04512884895830235,0.12074728807449422,0.31750071240722627,0.13002730818481073,0.06936440718700125,3.811851111902916e-21,1.0783612970888603,1.2247842607661117,6.354864190906828,5.284064790254463,True
947,8.102214942716342e-22,0.15574263785850936,4.999999999999999,0.003502214785105508,0.10509539794942653,0.16415399021424,0.9768763250026452,1.2657083412884074,-3.654230583530327,6.029545440918026,True
948,6.590476594667448e-15,0.016329153698252066,0.5801317158821783,0.09490421084171465,0.09475446391063144,0.05622790428870657,0.9960718056208494,1.2538644710724036,-1.7610499401415014,2.8649204674708484,True
949,1.1835724402054272e-18,0.11761963213312661,0.5619021700557053,0.061044004122045414,0.1646673776458147,0.11773750909817922,0.9703326063076955,1.3339384250881345,-4.299613828444326,10.298334111273244,True
950,1.6784012335841574e-25,0.1717973835222233,4.999999999999999,0.0034080210040218872,0.14487651640110677,0.1885126694963055,0.9899345110351374,1.31127118911449,-2.366349049007055,9.403786398279399,True
951,1.6640658144187454e-17,0.17133888963697735,1.4670620146699538,0.011803645844405717,0.10405493427376607,0.04206610403051113,1.041711326111383,1.264516658149074,2.7402104598864163,11.185564250052185,True
952,0.17375973821446467,0.09969187054941595,4.999999999999997,0.0021388357169915355,0.16802093790558575,0.24517789832066494,0.8845089781963306,1.337779386874494,-12.76408704052674,7.094363063855288,True
953,7.016073088356307e-20,0.000977054933498938,1.0992558167024717,0.03396062108105554,0.13400449356835925,0.12120102308837205,0.9320457060955847,1.298819042438628,-8.075711953759646,13.89446788577047,True
954,3.9275585987755365e-11,0.13966933552161645,0.8886428686606723,0.022689062305627204,0.199648149682532,0.14064933797441198,1.0131075294900957,1.3740032511961222,-0.08087827281748616,9.31717824032277,True
955,0.12233657183667163,0.054534043194051605,4.999999999999999,0.003211792072415105,0.28779150887551974,0.31820715669368904,0.9024782289161032,1.4749572368581372,-10.991845005252465,2.0312409818197925,True
956,8.831046631113885e-20,0.1438073478794419,2.6980789854812475,0.007096232150522542,0.2106417432671066,0.12714558551992772,0.9911208760876424,1.3865946375384692,-2.249342166081425,3.2614021890139138,True
957,3.909640084663475e-23,0.04970044323981823,0.5607900436748163,0.084721680757046,0.059761030152353053,0.04276556598307881,1.0161380010096195,1.2137851430068247,0.21800614353115755,7.060243691566794,True
958,0.20829303093497276,5.248228402676885e-33,4.999999999999485,0.0025859759847940856,0.23264535504389303,0.36693253502006723,0.8801188437915847,1.41179622195917,-13.197070076599204,7.5343913789917245,True
959,4.926725801658273e-56,0.11355242968796853,4.388989058075659,0.004938916838120634,0.14686901546584205,0.17438975733740597,0.958460416471605,1.3135532750691725,-5.470524858981818,8.74110702602282,True
960,1.436327751213298e-20,0.12074273163657613,0.776696515491906,0.03336585183546949,0.14317766874986868,0.08711746684818783,1.0329341892203856,1.3093254334387898,1.8745532775050533,6.23785814523375,True
961,0.1843706784236933,9.449786108839443e-34,0.7098510236618787,0.021927747933245412,0.3297855820534165,0.327015611641144,0.9590888283956133,1.5230546670026903,-5.408546869773312,6.532018069315327,True
962,4.393764863817371e-16,0.15796173286338733,4.999999999999446,0.0036529650256605767,0.1514442238788887,0.13052024730732348,0.9945961725265563,1.318793437558557,-1.9065862810346945,6.8520071977480335,True
963,0.00839325820657972,0.18059728638124176,2.0826436067921574,0.007691924857066828,0.13959657354964203,0.05587009717363787,0.9782669688979201,1.305223867117651,-3.5170764191337023,6.317625054708525,True
964,3.6961373397404875e-18,0.1915691966123656,4.999999999999999,0.00286951590186963,0.15848429646699333,0.17547947415625256,0.9759040449547427,1.3268567039648549,-3.7501230388042206,3.2853415828834645,True
965,3.9776067596080937e-23,0.03487570170284936,0.5662757463531678,0.08618262431837788,0.1159075716286173,0.02877845680413268,1.0335895364784655,1.2780919404225675,1.9391878010354802,5.104645421132695,True
966,1.4457325501367974e-17,0.17018565304045752,1.235179950159423,0.016350033195996164,0.057841736846868885,0.10390836348115845,0.9837713323474012,1.2115869024290087,-2.97420101298983,7.5249193920724835,True
967,2.064745332577261e-19,0.23176452514289395,4.999999999999918,0.002701623443759854,0.0790729416230966,0.13774119658582515,0.973553562605919,1.2359038193492469,-3.9819425891415072,5.475898846032482,True
968,4.292296647152119e-18,4.46360969372134e-17,0.6002697397728415,0.09924319947747985,0.09695995949455848,0.01220042184515408,1.0192929019268644,1.256390510147791,0.5291625801495448,5.617681020455104,True
969,0.22366123270670357,0.04305951332161042,4.999999999999992,0.0013603955942290686,0.4025459710384051,0.5173812143848723,1.0268608902988299,1.6063899441421792,1.2755658289230531,4.336710062861255,True
970,8.979558061839438e-22,0.15786880087714236,0.6041644492664683,0.03977055199588171,0.17974493481804968,0.07028021963135982,1.0009749111385102,1.3512073322924916,-1.2774744234271496,4.110851967058212,True
971,0.20938311822799324,5.584858163726337e-33,4.999999999999999,0.0026614640188245345,0.2511699566457292,0.4321444354169751,0.8444125177470208,1.4330131619717659,-16.718655529895475,5.757673857758669,True
972,0.160195531433172,3.366668483614986e-17,0.4376646548244035,0.05838504306698087,0.16821417094319674,0.14762274823120453,0.9115098581691495,1.3380007041182096,-10.101088164086624,3.82384104725154,True
973,0.0644605732400087,7.793815068971862e-21,0.5458060649820786,0.0971364614524919,2.019030794168032e-24,0.07894839028905128,0.9551165144674134,1.1453385324353067,-5.800321787417195,5.6309506588276195,True
974,0.22622647511239125,0.018369017383218764,4.999999999999982,0.0019750969798986006,0.3549963728273064,0.3116967809334313,0.8580939485639173,1.551929557109191,-15.36930562240486,2.899484679157526,True
975,1.3321687487198444e-19,0.051289316655900294,1.1004818120019233,0.02966666183185768,0.10994934534922009,0.06723142181421171,0.9882779202455284,1.2712677542798052,-2.5297325911690427,8.50399766473694,True
976,0.09097236226433744,0.1669482148201647,4.999999999999999,0.0019620353406807453,0.2611602550463378,1.4716346252337663e-40,1.0684488854100946,1.4444554356805095,5.377238973138443,3.245743860492799,True
977,4.835216031524577e-31,0.21659677089535284,0.4591861299432671,0.038896139238274355,0.06163913760503252,0.04051831175779583,1.0291823774446618,1.2159362118404324,1.5045256875366952,7.243966845996052,True
978,0.20192323243830906,9.637303660091636e-22,0.6518607234885935,0.027436782505227606,0.20197052454791442,0.266469573339612,0.8712260774379502,1.3766631566162042,-14.074131373564802,5.543925923980127,True
979,0.21806986905082587,5.414432827312011e-25,0.29715633052219936,0.071344975139054,0.37064293699867407,0.26040359914798744,0.8793599005499697,1.56985016995488,-13.271921896307937,3.907702284813269,True
980,0.16314943721565742,4.514136151866123e-34,1.0492696984122687,0.015841004050997066,0.23980789370046998,0.32481297563636513,0.9671274977235959,1.419999753472605,-4.615722065172823,4.287545324956801,True
981,0.20667665105208918,4.635767477092079e-29,4.999999999999999,0.002844458748375891,0.21365573124459478,0.20101039316251995,0.8882152921774096,1.3900466741053832,-12.398546733052186,9.405574174068445,True
982,0.134484964305214,5.820435325868568e-26,0.5065152179876029,0.05938211859601878,0.09609902853573242,0.07430610354784274,0.964764953453283,1.255404452746881,-4.8487312390855575,7.545886530691593,True
983,6.936406297142847e-21,0.20116157472380966,4.999999999999985,0.0029198750142343886,0.11690169955086098,0.13451946328145237,0.971673919686732,1.279230553438083,-4.167324953973406,8.826296060775372,True
984,0.11881759902423636,5.030904341692655e-22,0.41089873653427045,0.1039362177971778,2.3390545948151197e-23,0.05629593366139077,0.993369685127094,1.1453385324353067,-2.0275502855421013,5.192666963818195,True
985,8.383116594094874e-26,0.21469028956575542,4.999999999999963,0.0029417160052753037,0.07855053676449836,0.03356120686026185,1.0147221510555302,1.235305488935163,0.07836599696025015,7.122423988527606,True
986,0.06925064334613408,0.0034038619861649446,0.5724439646715986,0.0591143893477449,0.05309595436180755,0.08450632597470972,1.0369204863882615,1.2061513748823114,2.2677073113697377,5.184733412780285,True
987,2.840297412227439e-17,0.17099170963619298,1.1089044300315312,0.01933197703488682,0.11838599790166258,0.11321041881126206,0.9605457227892207,1.2809305775328863,-5.264858658975213,5.746437921307971,True
988,0.09739283502951077,0.0918737085143864,4.999999999998154,0.0027751730780038878,0.19321480936685598,0.23658108476323658,0.956055416850306,1.3666348986403092,-5.707721250203335,3.373924910328039,True
989,1.3968997107253607e-26,0.22626577943116016,4.999999999999999,0.002722969094194734,0.11664367820330879,0.1381861150584823,0.9863276760239686,1.2789350316465407,-2.7220781064272725,9.350486875896799,True
990,1.0821219444980357e-25,0.05762112090778272,0.5162912719448709,0.0893579695067446,0.06106273105718002,0.011859318462019399,1.0337839558120008,1.215276031210829,1.9583626748649108,5.813963850335625,True
991,0.23067796090448844,2.3434336293771798e-24,4.999999999999999,0.0021116510930281897,0.35406483792365917,0.39410424432048496,0.9055279008336199,1.5508626342897351,-10.691066923277603,5.360560499123414,True
992,0.09456580951209685,1.4879422233424635e-20,0.6962071782753861,0.04538821074293716,0.10318447404969978,0.13061370527863522,0.9656204785883655,1.263519686513499,-4.764353897466145,4.5195630666365245,True
993,3.0930780253140284e-29,0.20793752586389988,4.999999999999958,0.0026030474225568123,0.20392315618087822,0.14484454644606365,1.0307894689918877,1.3788995808650897,1.6630272989251793,6.6501939763389135,True
994,5.430419850198519e-29,0.1398621949450461,0.5028449511510024,0.05477305810476275,0.11110311523909107,0.02862979092734898,1.0298053104467317,1.2725892113922381,1.5659633105430393,3.85083179695795,True
995,1.8750731892857962e-19,0.21638185983613953,4.999999999999281,0.003046442399131363,0.030672933193238685,0.15630773219651378,0.9232034966937698,1.180469424724337,-8.947787001905672,5.575188586960052,True
996,1.8111562794185092e-18,0.10540531536297269,0.49278803550523526,0.07836627789082916,0.11127885449690156,1.127214301001188e-20,1.0254714675594199,1.2727904923358702,1.1385321027010287,6.975167032961336,True
997,2.3542962897960056e-21,0.16046532567866692,2.1920890697137896,0.007491526509024134,0.22523914511732795,0.17232947809819027,1.033578666503736,1.4033136043509702,1.9381157348465017,7.285619610769489,True
998,0.11577591357586707,2.703801192242065e-15,0.5919122499145788,0.03938414396776193,0.3291482166367482,0.14447872166022163,1.0765341723874473,1.5223246678317381,6.174661507443302,7.601891107310955,True
999,0.16084095702668721,3.2961919569563073e-21,0.27958240588987,0.19624397722272033,0.09212267980454743,1.8870332131748682e-24,1.013397387873784,1.2508501873266547,-0.05229059156909299,9.541234877910753,True
